========== SESSION STARTED: 2026-05-08 09:59:13 ==========
Application: Ortems Toolbox
Version: 0.0.0.0
Script path: E:\GitHub\Toolbox\Toolbox.au3
Log file: E:\GitHub\Toolbox\log\Toolbox_20260508_095913.log
Verbose Mode: ON
Computer/User: LP16-FZI1-DSA / FZI1
OS: WIN_11 X64
============================================================
[2026-05-08 09:59:13] Session log file created: E:\GitHub\Toolbox\log\Toolbox_20260508_095913.log
[2026-05-08 09:59:14] [VERBOSE] UI controls disabled while executing: Test DB connection
[2026-05-08 09:59:14] Connection test started for database ORTEMS_DEMO on server localhost\SQLEXPRESS
[2026-05-08 09:59:14] [VERBOSE] Connection string: Driver={SQL Server};Server=localhost\SQLEXPRESS;Database=ORTEMS_DEMO;Trusted_Connection=yes;
[2026-05-08 09:59:18] [VERBOSE] UI controls disabled while executing: Import workbook
[2026-05-08 09:59:21] [VERBOSE] Workbook import requested: E:\GitHub\Toolbox\ortems_toolbox_export.xlsx
[2026-05-08 09:59:37] [VERBOSE] Workbook sheet imported: Calendars = 55 row(s)
[2026-05-08 09:59:39] [VERBOSE] Workbook sheet imported: Machines = 12 row(s)
[2026-05-08 09:59:45] [VERBOSE] Workbook sheet imported: Operations = 35 row(s)
[2026-05-08 09:59:48] [VERBOSE] Workbook sheet imported: Routings = 39 row(s)
[2026-05-08 09:59:53] [VERBOSE] Workbook sheet imported: Items = 39 row(s)
[2026-05-08 10:00:06] [VERBOSE] Workbook sheet imported: BOM = 102 row(s)
[2026-05-08 10:00:15] [VERBOSE] Workbook sheet imported: WorkOrders = 34 row(s)
[2026-05-08 10:00:15] [VERBOSE] Workbook sheet imported: WOLinks = 0 row(s)
[2026-05-08 10:00:15] [VERBOSE] Workbook sheet imported: SecondaryResources = 0 row(s)
[2026-05-08 10:00:16] [VERBOSE] Workbook sheet imported: Capacity = 0 row(s)
[2026-05-08 10:00:16] [VERBOSE] Workbook sheet imported: InventoryMovements = 0 row(s)
[2026-05-08 10:00:16] === Integrity Check started (cross-tab reference validation) ===
[2026-05-08 10:00:17] === Integrity Check OK - all cross-tab references are consistent ===
[2026-05-08 10:00:17] Workbook import finished: 316 data rows <- E:\GitHub\Toolbox\ortems_toolbox_export.xlsx
[2026-05-08 10:00:26] [VERBOSE] UI controls disabled while executing: Generate SQL
[2026-05-08 10:00:27] === Integrity Check started (cross-tab reference validation) ===
[2026-05-08 10:00:32] === Integrity Check OK - all cross-tab references are consistent ===
[2026-05-08 10:00:32] Global clean-import mode enabled: all non-system user tables will be cleared before import; constraints/triggers remain disabled until the import finishes.
[2026-05-08 10:00:32] [VERBOSE][SQL] Infer B_PERI time mode: SELECT TOP 1 DEB_PERIO FROM B_PERI WHERE DEB_PERIO IS NOT NULL
[2026-05-08 10:00:32] B_PERI time mode detected: text
[2026-05-08 10:00:33] [VERBOSE][SQL] Detect column for B_VER_ART.routing_phase: SELECT COLUMN_NAME FROM INFORMATION_SCHEMA.COLUMNS WHERE TABLE_NAME='B_VER_ART' ORDER BY ORDINAL_POSITION
[2026-05-08 10:00:33] B_VER_ART schema: column for routing_phase not present in this version (optional)
[2026-05-08 10:00:33] [VERBOSE][SQL] Detect FK parent column B_VER_ART -> B_PHAS.NOPHASE: SELECT TOP 1 pc.name FROM sys.foreign_key_columns fkc INNER JOIN sys.columns pc ON pc.object_id=fkc.parent_object_id AND pc.column_id=fkc.parent_column_id INNER JOIN sys.columns rc ON rc.object_id=fkc.referenced_object_id AND rc.column_id=fkc.referenced_column_id INNER JOIN sys.foreign_keys fk ON fk.object_id=fkc.constraint_object_id WHERE OBJECT_NAME(fkc.parent_object_id)='B_VER_ART' AND OBJECT_NAME(fkc.referenced_object_id)='B_PHAS' AND UPPER(rc.name)=UPPER('NOPHASE') ORDER BY CASE WHEN fk.name='FK2_B_PART' THEN 0 ELSE 1 END, pc.column_id
[2026-05-08 10:00:33] B_VER_ART schema: no FK parent column detected for routing_phase through B_PHAS.NOPHASE
[2026-05-08 10:00:33] [VERBOSE][SQL] Detect FK parent column B_VER_ART -> B_PHAS.NOMG: SELECT TOP 1 pc.name FROM sys.foreign_key_columns fkc INNER JOIN sys.columns pc ON pc.object_id=fkc.parent_object_id AND pc.column_id=fkc.parent_column_id INNER JOIN sys.columns rc ON rc.object_id=fkc.referenced_object_id AND rc.column_id=fkc.referenced_column_id INNER JOIN sys.foreign_keys fk ON fk.object_id=fkc.constraint_object_id WHERE OBJECT_NAME(fkc.parent_object_id)='B_VER_ART' AND OBJECT_NAME(fkc.referenced_object_id)='B_PHAS' AND UPPER(rc.name)=UPPER('NOMG') ORDER BY CASE WHEN fk.name='FK2_B_PART' THEN 0 ELSE 1 END, pc.column_id
[2026-05-08 10:00:33] B_VER_ART schema: no FK parent column detected for routing_id through B_PHAS.NOMG
[2026-05-08 10:00:33] [VERBOSE][SQL] Detect FK parent column B_VER_ART -> B_PHAS.OPE: SELECT TOP 1 pc.name FROM sys.foreign_key_columns fkc INNER JOIN sys.columns pc ON pc.object_id=fkc.parent_object_id AND pc.column_id=fkc.parent_column_id INNER JOIN sys.columns rc ON rc.object_id=fkc.referenced_object_id AND rc.column_id=fkc.referenced_column_id INNER JOIN sys.foreign_keys fk ON fk.object_id=fkc.constraint_object_id WHERE OBJECT_NAME(fkc.parent_object_id)='B_VER_ART' AND OBJECT_NAME(fkc.referenced_object_id)='B_PHAS' AND UPPER(rc.name)=UPPER('OPE') ORDER BY CASE WHEN fk.name='FK2_B_PART' THEN 0 ELSE 1 END, pc.column_id
[2026-05-08 10:00:33] B_VER_ART schema: no FK parent column detected for routing_operation through B_PHAS.OPE
[2026-05-08 10:00:35] [VERBOSE][SQL] Check base table exists: E_GAMME_NOME: SELECT COUNT(*) FROM INFORMATION_SCHEMA.TABLES WHERE TABLE_NAME='E_GAMME_NOME' AND TABLE_TYPE='BASE TABLE'
[2026-05-08 10:00:35] E_GAMME_NOME table not found in this schema - explicit bridge generation skipped.
[2026-05-08 10:00:35] [VERBOSE][SQL] Detect column for B_NOME.qty_base: SELECT COLUMN_NAME FROM INFORMATION_SCHEMA.COLUMNS WHERE TABLE_NAME='B_NOME' ORDER BY ORDINAL_POSITION
[2026-05-08 10:00:35] B_NOME schema: column 'QTEREF' used for qty_base
[2026-05-08 10:00:35] [VERBOSE][SQL] Detect column for B_NOME.qty_nec: SELECT COLUMN_NAME FROM INFORMATION_SCHEMA.COLUMNS WHERE TABLE_NAME='B_NOME' ORDER BY ORDINAL_POSITION
[2026-05-08 10:00:35] B_NOME schema: column 'QTENEC' used for qty_nec
[2026-05-08 10:00:35] [VERBOSE][SQL] Generated B_SER reference seed SQL for series 0: IF OBJECT_ID(N'[dbo].[B_SER]', N'U') IS NOT NULL AND COL_LENGTH('dbo.B_SER','SERIE') IS NOT NULL | BEGIN |     IF NOT EXISTS (SELECT 1 FROM [dbo].[B_SER] WHERE [SERIE] = '0') |     BEGIN |         DECLARE @cols NVARCHAR(MAX), @vals NVARCHAR(MAX), @sql NVARCHAR(MAX) |         SET @cols = N'' |         SET @vals = N'' |         SELECT |             @cols = @cols + CASE WHEN LEN(@cols) > 0 THEN N', ' ELSE N'' END + QUOTENAME(COLUMN_NAME), |             @vals = @vals + CASE WHEN LEN(@vals) > 0 THEN N', ' ELSE N'' END + |                 CASE |                     WHEN UPPER(COLUMN_NAME) IN (N'SERIE', N'E_SERIE', N'NO_SERIE', N'NUMSERIE') THEN N'''0''' |                     WHEN DATA_TYPE IN (N'date') THEN N'CONVERT(date,''19950101'',112)' |                     WHEN DATA_TYPE IN (N'datetime', N'datetime2', N'smalldatetime') THEN N'CONVERT(datetime,''19950101'',112)' |                     WHEN DATA_TYPE IN (N'time') THEN N'CONVERT(time,''00:00'')' |                     WHEN DATA_TYPE IN (N'bit') THEN N'0' |                     WHEN DATA_TYPE IN (N'uniqueidentifier') THEN N'NEWID()' |                     WHEN DATA_TYPE IN (N'char', N'nchar', N'varchar', N'nvarchar', N'text', N'ntext') THEN N'''0''' |                     ELSE N'0' |                 END |         FROM INFORMATION_SCHEMA.COLUMNS |         WHERE TABLE_SCHEMA = 'dbo' |           AND TABLE_NAME = 'B_SER' |           AND ( |                 UPPER(COLUMN_NAME) IN (N'SERIE', N'E_SERIE', N'NO_SERIE', N'NUMSERIE') |                 OR (IS_NULLABLE = 'NO' |                     AND COLUMN_DEFAULT IS NULL |                     AND COLUMNPROPERTY(OBJECT_ID(TABLE_SCHEMA + '.' + TABLE_NAME), COLUMN_NAME, 'IsIdentity') = 0) |               ) |         ORDER BY CASE WHEN UPPER(COLUMN_NAME) = 'SERIE' THEN 0 ELSE ORDINAL_POSITION END |         IF LEN(@cols) > 0 |         BEGIN |             SET @sql = N'INSERT INTO [dbo].[B_SER] (' + @cols + N') VALUES (' + @vals + N')' |             EXEC sp_executesql @sql |         END |     END | END;
[2026-05-08 10:00:35] [VERBOSE][SQL] Generated required Ortems reference seed SQL for PLAN_CAP.PLAN_CAP = ENCOURS: IF OBJECT_ID(N'[dbo].[PLAN_CAP]', N'U') IS NOT NULL AND COL_LENGTH('dbo.PLAN_CAP','PLAN_CAP') IS NOT NULL | BEGIN |     IF NOT EXISTS (SELECT 1 FROM [dbo].[PLAN_CAP] WHERE [PLAN_CAP] = 'ENCOURS') |     BEGIN |         DECLARE @cols NVARCHAR(MAX), @vals NVARCHAR(MAX), @sql NVARCHAR(MAX) |         SET @cols = N'' |         SET @vals = N'' |         SELECT |             @cols = @cols + CASE WHEN LEN(@cols) > 0 THEN N', ' ELSE N'' END + QUOTENAME(COLUMN_NAME), |             @vals = @vals + CASE WHEN LEN(@vals) > 0 THEN N', ' ELSE N'' END + |                 CASE |                     WHEN UPPER(COLUMN_NAME) = UPPER(N'PLAN_CAP') THEN N'''ENCOURS''' |                     WHEN DATA_TYPE IN (N'date') THEN N'CONVERT(date,''19950101'',112)' |                     WHEN DATA_TYPE IN (N'datetime', N'datetime2', N'smalldatetime') THEN N'CONVERT(datetime,''19950101'',112)' |                     WHEN DATA_TYPE IN (N'time') THEN N'CONVERT(time,''00:00'')' |                     WHEN DATA_TYPE IN (N'bit') THEN N'0' |                     WHEN DATA_TYPE IN (N'uniqueidentifier') THEN N'NEWID()' |                     WHEN DATA_TYPE IN (N'char', N'nchar', N'varchar', N'nvarchar', N'text', N'ntext') THEN N'''ENCOURS''' |                     ELSE N'0' |                 END |         FROM INFORMATION_SCHEMA.COLUMNS |         WHERE TABLE_SCHEMA = 'dbo' |           AND TABLE_NAME = 'PLAN_CAP' |           AND ( |                 UPPER(COLUMN_NAME) = UPPER(N'PLAN_CAP') |                 OR (IS_NULLABLE = 'NO' |                     AND COLUMN_DEFAULT IS NULL |                     AND COLUMNPROPERTY(OBJECT_ID(TABLE_SCHEMA + '.' + TABLE_NAME), COLUMN_NAME, 'IsIdentity') = 0) |               ) |         ORDER BY CASE WHEN UPPER(COLUMN_NAME) = UPPER(N'PLAN_CAP') THEN 0 ELSE ORDINAL_POSITION END |         IF LEN(@cols) > 0 |         BEGIN |             SET @sql = N'INSERT INTO [dbo].[PLAN_CAP] (' + @cols + N') VALUES (' + @vals + N')' |             EXEC sp_executesql @sql |         END |     END | END;
[2026-05-08 10:00:35] [VERBOSE][SQL] Generated required Ortems reference seed SQL for ENCOURS.NOM_ENC = ENCOURS: IF OBJECT_ID(N'[dbo].[ENCOURS]', N'U') IS NOT NULL AND COL_LENGTH('dbo.ENCOURS','NOM_ENC') IS NOT NULL | BEGIN |     IF NOT EXISTS (SELECT 1 FROM [dbo].[ENCOURS] WHERE [NOM_ENC] = 'ENCOURS') |     BEGIN |         DECLARE @cols NVARCHAR(MAX), @vals NVARCHAR(MAX), @sql NVARCHAR(MAX) |         SET @cols = N'' |         SET @vals = N'' |         SELECT |             @cols = @cols + CASE WHEN LEN(@cols) > 0 THEN N', ' ELSE N'' END + QUOTENAME(COLUMN_NAME), |             @vals = @vals + CASE WHEN LEN(@vals) > 0 THEN N', ' ELSE N'' END + |                 CASE |                     WHEN UPPER(COLUMN_NAME) = UPPER(N'NOM_ENC') THEN N'''ENCOURS''' |                     WHEN DATA_TYPE IN (N'date') THEN N'CONVERT(date,''19950101'',112)' |                     WHEN DATA_TYPE IN (N'datetime', N'datetime2', N'smalldatetime') THEN N'CONVERT(datetime,''19950101'',112)' |                     WHEN DATA_TYPE IN (N'time') THEN N'CONVERT(time,''00:00'')' |                     WHEN DATA_TYPE IN (N'bit') THEN N'0' |                     WHEN DATA_TYPE IN (N'uniqueidentifier') THEN N'NEWID()' |                     WHEN DATA_TYPE IN (N'char', N'nchar', N'varchar', N'nvarchar', N'text', N'ntext') THEN N'''ENCOURS''' |                     ELSE N'0' |                 END |         FROM INFORMATION_SCHEMA.COLUMNS |         WHERE TABLE_SCHEMA = 'dbo' |           AND TABLE_NAME = 'ENCOURS' |           AND ( |                 UPPER(COLUMN_NAME) = UPPER(N'NOM_ENC') |                 OR (IS_NULLABLE = 'NO' |                     AND COLUMN_DEFAULT IS NULL |                     AND COLUMNPROPERTY(OBJECT_ID(TABLE_SCHEMA + '.' + TABLE_NAME), COLUMN_NAME, 'IsIdentity') = 0) |               ) |         ORDER BY CASE WHEN UPPER(COLUMN_NAME) = UPPER(N'NOM_ENC') THEN 0 ELSE ORDINAL_POSITION END |         IF LEN(@cols) > 0 |         BEGIN |             SET @sql = N'INSERT INTO [dbo].[ENCOURS] (' + @cols + N') VALUES (' + @vals + N')' |             EXEC sp_executesql @sql |         END |     END | END;
[2026-05-08 10:00:35] [VERBOSE][SQL] Check base table exists: E_OF: SELECT COUNT(*) FROM INFORMATION_SCHEMA.TABLES WHERE TABLE_NAME='E_OF' AND TABLE_TYPE='BASE TABLE'
[2026-05-08 10:00:35] [VERBOSE][SQL] Detect column for E_OF.work_order: SELECT COLUMN_NAME FROM INFORMATION_SCHEMA.COLUMNS WHERE TABLE_NAME='E_OF' ORDER BY ORDINAL_POSITION
[2026-05-08 10:00:35] E_OF schema: column 'E_NOF' used for work_order
[2026-05-08 10:00:35] [VERBOSE][SQL] Detect column for E_OF.item: SELECT COLUMN_NAME FROM INFORMATION_SCHEMA.COLUMNS WHERE TABLE_NAME='E_OF' ORDER BY ORDINAL_POSITION
[2026-05-08 10:00:35] E_OF schema: column 'CODEARTIC' used for item
[2026-05-08 10:00:35] [VERBOSE][SQL] Detect FK parent column E_OF -> ENCOURS.NOM_ENC: SELECT TOP 1 pc.name FROM sys.foreign_key_columns fkc INNER JOIN sys.columns pc ON pc.object_id=fkc.parent_object_id AND pc.column_id=fkc.parent_column_id INNER JOIN sys.columns rc ON rc.object_id=fkc.referenced_object_id AND rc.column_id=fkc.referenced_column_id INNER JOIN sys.foreign_keys fk ON fk.object_id=fkc.constraint_object_id WHERE OBJECT_NAME(fkc.parent_object_id)='E_OF' AND OBJECT_NAME(fkc.referenced_object_id)='ENCOURS' AND UPPER(rc.name)=UPPER('NOM_ENC') ORDER BY CASE WHEN fk.name='FK2_B_PART' THEN 0 ELSE 1 END, pc.column_id
[2026-05-08 10:00:35] E_OF schema: FK to ENCOURS maps referenced column 'NOM_ENC' to parent column 'NOM_ENC' for en_cours
[2026-05-08 10:00:35] [VERBOSE][SQL] Detect column for E_OF.routing: SELECT COLUMN_NAME FROM INFORMATION_SCHEMA.COLUMNS WHERE TABLE_NAME='E_OF' ORDER BY ORDINAL_POSITION
[2026-05-08 10:00:35] E_OF schema: column 'E_NOMG' used for routing
[2026-05-08 10:00:35] [VERBOSE][SQL] Detect column for E_OF.version: SELECT COLUMN_NAME FROM INFORMATION_SCHEMA.COLUMNS WHERE TABLE_NAME='E_OF' ORDER BY ORDINAL_POSITION
[2026-05-08 10:00:35] E_OF schema: column for version not present in this version (optional)
[2026-05-08 10:00:35] [VERBOSE][SQL] Detect column for E_OF.serie: SELECT COLUMN_NAME FROM INFORMATION_SCHEMA.COLUMNS WHERE TABLE_NAME='E_OF' ORDER BY ORDINAL_POSITION
[2026-05-08 10:00:35] E_OF schema: column 'SERIE' used for serie
[2026-05-08 10:00:35] [VERBOSE][SQL] Detect column for E_OF.qty_order: SELECT COLUMN_NAME FROM INFORMATION_SCHEMA.COLUMNS WHERE TABLE_NAME='E_OF' ORDER BY ORDINAL_POSITION
[2026-05-08 10:00:35] E_OF schema: column for qty_order not present in this version (optional)
[2026-05-08 10:00:35] [VERBOSE][SQL] Detect column for E_OF.start_date: SELECT COLUMN_NAME FROM INFORMATION_SCHEMA.COLUMNS WHERE TABLE_NAME='E_OF' ORDER BY ORDINAL_POSITION
[2026-05-08 10:00:35] E_OF schema: column for start_date not present in this version (optional)
[2026-05-08 10:00:35] [VERBOSE][SQL] Detect column for E_OF.end_date: SELECT COLUMN_NAME FROM INFORMATION_SCHEMA.COLUMNS WHERE TABLE_NAME='E_OF' ORDER BY ORDINAL_POSITION
[2026-05-08 10:00:35] E_OF schema: column for end_date not present in this version (optional)
[2026-05-08 10:00:35] [VERBOSE][SQL] Detect column for E_OF.codegest: SELECT COLUMN_NAME FROM INFORMATION_SCHEMA.COLUMNS WHERE TABLE_NAME='E_OF' ORDER BY ORDINAL_POSITION
[2026-05-08 10:00:35] E_OF schema: column 'E_CODEGEST' used for codegest
[2026-05-08 10:00:36] [VERBOSE][SQL] Detect column for E_OF.status: SELECT COLUMN_NAME FROM INFORMATION_SCHEMA.COLUMNS WHERE TABLE_NAME='E_OF' ORDER BY ORDINAL_POSITION
[2026-05-08 10:00:36] E_OF schema: column for status not present in this version (optional)
[2026-05-08 10:00:36] [VERBOSE][SQL] Detect column for E_OF.mode_util: SELECT COLUMN_NAME FROM INFORMATION_SCHEMA.COLUMNS WHERE TABLE_NAME='E_OF' ORDER BY ORDINAL_POSITION
[2026-05-08 10:00:36] E_OF schema: column for mode_util not present in this version (optional)
[2026-05-08 10:00:36] [VERBOSE][SQL] Get required no-default columns for E_OF: SELECT COLUMN_NAME, DATA_TYPE FROM INFORMATION_SCHEMA.COLUMNS WHERE TABLE_NAME='E_OF' AND IS_NULLABLE='NO' AND COLUMN_DEFAULT IS NULL AND COLUMNPROPERTY(OBJECT_ID(TABLE_SCHEMA + '.' + TABLE_NAME), COLUMN_NAME, 'IsIdentity') = 0 ORDER BY ORDINAL_POSITION
[2026-05-08 10:00:37] [VERBOSE][SQL] Detect column for B_OF.qty_order: SELECT COLUMN_NAME FROM INFORMATION_SCHEMA.COLUMNS WHERE TABLE_NAME='B_OF' ORDER BY ORDINAL_POSITION
[2026-05-08 10:00:37] B_OF schema: column 'QTE' used for qty_order
[2026-05-08 10:00:37] [VERBOSE][SQL] Detect column for B_OF.mode_util: SELECT COLUMN_NAME FROM INFORMATION_SCHEMA.COLUMNS WHERE TABLE_NAME='B_OF' ORDER BY ORDINAL_POSITION
[2026-05-08 10:00:37] B_OF schema: column for mode_util not present in this version (optional)
[2026-05-08 10:00:37] [VERBOSE][SQL] Detect column for B_BT.work_order: SELECT COLUMN_NAME FROM INFORMATION_SCHEMA.COLUMNS WHERE TABLE_NAME='B_BT' ORDER BY ORDINAL_POSITION
[2026-05-08 10:00:37] B_BT schema: column 'E_NOF' used for work_order
[2026-05-08 10:00:37] [VERBOSE][SQL] Detect FK parent column B_BT -> E_OF.NOM_ENC: SELECT TOP 1 pc.name FROM sys.foreign_key_columns fkc INNER JOIN sys.columns pc ON pc.object_id=fkc.parent_object_id AND pc.column_id=fkc.parent_column_id INNER JOIN sys.columns rc ON rc.object_id=fkc.referenced_object_id AND rc.column_id=fkc.referenced_column_id INNER JOIN sys.foreign_keys fk ON fk.object_id=fkc.constraint_object_id WHERE OBJECT_NAME(fkc.parent_object_id)='B_BT' AND OBJECT_NAME(fkc.referenced_object_id)='E_OF' AND UPPER(rc.name)=UPPER('NOM_ENC') ORDER BY CASE WHEN fk.name='FK2_B_PART' THEN 0 ELSE 1 END, pc.column_id
[2026-05-08 10:00:37] B_BT schema: FK to E_OF maps referenced column 'NOM_ENC' to parent column 'NOM_ENC' for en_cours
[2026-05-08 10:00:38] [VERBOSE][SQL] Detect column for B_BT.routing: SELECT COLUMN_NAME FROM INFORMATION_SCHEMA.COLUMNS WHERE TABLE_NAME='B_BT' ORDER BY ORDINAL_POSITION
[2026-05-08 10:00:38] B_BT schema: column for routing not present in this version (optional)
[2026-05-08 10:00:38] [VERBOSE][SQL] Detect FK parent column B_BT -> B_PHAS.NOMG: SELECT TOP 1 pc.name FROM sys.foreign_key_columns fkc INNER JOIN sys.columns pc ON pc.object_id=fkc.parent_object_id AND pc.column_id=fkc.parent_column_id INNER JOIN sys.columns rc ON rc.object_id=fkc.referenced_object_id AND rc.column_id=fkc.referenced_column_id INNER JOIN sys.foreign_keys fk ON fk.object_id=fkc.constraint_object_id WHERE OBJECT_NAME(fkc.parent_object_id)='B_BT' AND OBJECT_NAME(fkc.referenced_object_id)='B_PHAS' AND UPPER(rc.name)=UPPER('NOMG') ORDER BY CASE WHEN fk.name='FK2_B_PART' THEN 0 ELSE 1 END, pc.column_id
[2026-05-08 10:00:38] B_BT schema: no FK parent column detected for routing through B_PHAS.NOMG
[2026-05-08 10:00:38] [VERBOSE][SQL] Detect column for B_BT.phase: SELECT COLUMN_NAME FROM INFORMATION_SCHEMA.COLUMNS WHERE TABLE_NAME='B_BT' ORDER BY ORDINAL_POSITION
[2026-05-08 10:00:38] B_BT schema: column 'BT_NOPHASE' used for phase
[2026-05-08 10:00:38] [VERBOSE][SQL] Detect column for B_BT.operation: SELECT COLUMN_NAME FROM INFORMATION_SCHEMA.COLUMNS WHERE TABLE_NAME='B_BT' ORDER BY ORDINAL_POSITION
[2026-05-08 10:00:38] B_BT schema: column 'BT_OPE' used for operation
[2026-05-08 10:00:38] [VERBOSE][SQL] Detect column for B_BT.machine: SELECT COLUMN_NAME FROM INFORMATION_SCHEMA.COLUMNS WHERE TABLE_NAME='B_BT' ORDER BY ORDINAL_POSITION
[2026-05-08 10:00:38] B_BT schema: column 'MACHINE' used for machine
[2026-05-08 10:00:38] [VERBOSE][SQL] Detect column for B_BT.item: SELECT COLUMN_NAME FROM INFORMATION_SCHEMA.COLUMNS WHERE TABLE_NAME='B_BT' ORDER BY ORDINAL_POSITION
[2026-05-08 10:00:38] B_BT schema: column for item not present in this version (optional)
[2026-05-08 10:00:38] [VERBOSE][SQL] Detect column for B_BT.version: SELECT COLUMN_NAME FROM INFORMATION_SCHEMA.COLUMNS WHERE TABLE_NAME='B_BT' ORDER BY ORDINAL_POSITION
[2026-05-08 10:00:38] B_BT schema: column for version not present in this version (optional)
[2026-05-08 10:00:38] [VERBOSE][SQL] Detect column for B_BT.serie: SELECT COLUMN_NAME FROM INFORMATION_SCHEMA.COLUMNS WHERE TABLE_NAME='B_BT' ORDER BY ORDINAL_POSITION
[2026-05-08 10:00:38] B_BT schema: column for serie not present in this version (optional)
[2026-05-08 10:00:38] [VERBOSE][SQL] Detect column for B_BT.qty: SELECT COLUMN_NAME FROM INFORMATION_SCHEMA.COLUMNS WHERE TABLE_NAME='B_BT' ORDER BY ORDINAL_POSITION
[2026-05-08 10:00:38] B_BT schema: column 'BT_QTE' used for qty
[2026-05-08 10:00:38] [VERBOSE][SQL] Detect column for B_BT.start_date: SELECT COLUMN_NAME FROM INFORMATION_SCHEMA.COLUMNS WHERE TABLE_NAME='B_BT' ORDER BY ORDINAL_POSITION
[2026-05-08 10:00:38] B_BT schema: column for start_date not present in this version (optional)
[2026-05-08 10:00:38] [VERBOSE][SQL] Detect column for B_BT.end_date: SELECT COLUMN_NAME FROM INFORMATION_SCHEMA.COLUMNS WHERE TABLE_NAME='B_BT' ORDER BY ORDINAL_POSITION
[2026-05-08 10:00:38] B_BT schema: column for end_date not present in this version (optional)
[2026-05-08 10:00:38] [VERBOSE][SQL] Detect column for B_BT.codegest: SELECT COLUMN_NAME FROM INFORMATION_SCHEMA.COLUMNS WHERE TABLE_NAME='B_BT' ORDER BY ORDINAL_POSITION
[2026-05-08 10:00:38] B_BT schema: column 'BT_CODEGEST' used for codegest
[2026-05-08 10:00:38] [VERBOSE][SQL] Detect column for B_BT.status: SELECT COLUMN_NAME FROM INFORMATION_SCHEMA.COLUMNS WHERE TABLE_NAME='B_BT' ORDER BY ORDINAL_POSITION
[2026-05-08 10:00:38] B_BT schema: column for status not present in this version (optional)
[2026-05-08 10:00:38] [VERBOSE][SQL] Detect column for B_BT.mode_util: SELECT COLUMN_NAME FROM INFORMATION_SCHEMA.COLUMNS WHERE TABLE_NAME='B_BT' ORDER BY ORDINAL_POSITION
[2026-05-08 10:00:38] B_BT schema: column for mode_util not present in this version (optional)
[2026-05-08 10:00:39] [VERBOSE][SQL] Get required no-default columns for B_BT: SELECT COLUMN_NAME, DATA_TYPE FROM INFORMATION_SCHEMA.COLUMNS WHERE TABLE_NAME='B_BT' AND IS_NULLABLE='NO' AND COLUMN_DEFAULT IS NULL AND COLUMNPROPERTY(OBJECT_ID(TABLE_SCHEMA + '.' + TABLE_NAME), COLUMN_NAME, 'IsIdentity') = 0 ORDER BY ORDINAL_POSITION
[2026-05-08 10:00:39] B_BT schema: required column 'BT_FRACTION' auto-filled with a safe default.
[2026-05-08 10:00:39] B_BT schema: required column 'ILOT' auto-filled with a safe default.
[2026-05-08 10:00:39] B_BT schema: required column 'B_I_ILOT' auto-filled with a safe default.
[2026-05-08 10:00:39] B_BT schema: required column 'BT_CODEBASET' auto-filled with a safe default.
[2026-05-08 10:00:39] B_BT schema: required column 'BT_CST_CHARGE' auto-filled with a safe default.
[2026-05-08 10:00:39] B_BT schema: required column 'DATE_PLA' auto-filled with a safe default.
[2026-05-08 10:00:43] SQL generated successfully. 266071 characters.
[2026-05-08 10:00:51] [VERBOSE] UI controls disabled while executing: Run SQL on DB
[2026-05-08 10:00:56] === Integrity Check started (cross-tab reference validation) ===
[2026-05-08 10:01:04] === Integrity Check OK - all cross-tab references are consistent ===
[2026-05-08 10:01:05] [VERBOSE][SQL] Run SQL stmt 2 on table [sys]: DECLARE @schema sysname, @table sysname, @sql NVARCHAR(MAX) | DECLARE c CURSOR LOCAL FAST_FORWARD FOR | SELECT SCHEMA_NAME(schema_id), name | FROM sys.tables | WHERE is_ms_shipped = 0 AND name <> 'sysdiagrams' | OPEN c | FETCH NEXT FROM c INTO @schema, @table | WHILE @@FETCH_STATUS = 0 | BEGIN |     SET @sql = N'ALTER TABLE ' + QUOTENAME(@schema) + N'.' + QUOTENAME(@table) + N' NOCHECK CONSTRAINT ALL' |     EXEC sp_executesql @sql |     FETCH NEXT FROM c INTO @schema, @table | END | CLOSE c | DEALLOCATE c | IF EXISTS (SELECT 1 FROM sys.foreign_keys WHERE is_disabled = 0) | BEGIN |     RAISERROR('Global cleanup failed: at least one FK constraint remains enabled after NOCHECK CONSTRAINT ALL.', 16, 1) | END
[2026-05-08 10:01:05] [VERBOSE] SQL stmt 2 OK on table [sys]
[2026-05-08 10:01:05] [VERBOSE][SQL] Run SQL stmt 3 on table [sys]: DECLARE @schema sysname, @table sysname, @sql NVARCHAR(MAX) | DECLARE c CURSOR LOCAL FAST_FORWARD FOR | SELECT SCHEMA_NAME(schema_id), name | FROM sys.tables | WHERE is_ms_shipped = 0 AND name <> 'sysdiagrams' | OPEN c | FETCH NEXT FROM c INTO @schema, @table | WHILE @@FETCH_STATUS = 0 | BEGIN |     SET @sql = N'DISABLE TRIGGER ALL ON ' + QUOTENAME(@schema) + N'.' + QUOTENAME(@table) |     EXEC sp_executesql @sql |     FETCH NEXT FROM c INTO @schema, @table | END | CLOSE c | DEALLOCATE c
[2026-05-08 10:01:05] [VERBOSE] SQL stmt 3 OK on table [sys]
[2026-05-08 10:01:05] [VERBOSE][SQL] Run SQL stmt 4 on table [sys]: DECLARE @schema sysname, @table sysname, @sql NVARCHAR(MAX), @msg NVARCHAR(4000) | DECLARE c CURSOR LOCAL FAST_FORWARD FOR | SELECT SCHEMA_NAME(schema_id), name | FROM sys.tables | WHERE is_ms_shipped = 0 AND name <> 'sysdiagrams' | ORDER BY name DESC | OPEN c | FETCH NEXT FROM c INTO @schema, @table | WHILE @@FETCH_STATUS = 0 | BEGIN |     BEGIN TRY |         SET @sql = N'DELETE FROM ' + QUOTENAME(@schema) + N'.' + QUOTENAME(@table) |         EXEC sp_executesql @sql |     END TRY |     BEGIN CATCH |         SET @msg = N'Global cleanup failed while deleting [' + @schema + N'].[' + @table + N']: ' + ERROR_MESSAGE() |         RAISERROR(@msg, 16, 1) |     END CATCH |     FETCH NEXT FROM c INTO @schema, @table | END | CLOSE c | DEALLOCATE c
[2026-05-08 10:01:05] [VERBOSE] SQL stmt 4 OK on table [sys]
[2026-05-08 10:01:06] [VERBOSE][SQL] Run SQL stmt 5 on table [sys]: DECLARE @schema sysname, @table sysname, @sql NVARCHAR(MAX), @cnt INT, @bad NVARCHAR(MAX) | SET @bad = N'' | DECLARE c CURSOR LOCAL FAST_FORWARD FOR | SELECT SCHEMA_NAME(schema_id), name | FROM sys.tables | WHERE is_ms_shipped = 0 AND name <> 'sysdiagrams' | ORDER BY name | OPEN c | FETCH NEXT FROM c INTO @schema, @table | WHILE @@FETCH_STATUS = 0 | BEGIN |     SET @cnt = 0 |     SET @sql = N'SELECT @cnt_out = COUNT(1) FROM ' + QUOTENAME(@schema) + N'.' + QUOTENAME(@table) |     EXEC sp_executesql @sql, N'@cnt_out INT OUTPUT', @cnt_out = @cnt OUTPUT |     IF @cnt <> 0 |         SET @bad = @bad + QUOTENAME(@schema) + N'.' + QUOTENAME(@table) + N'=' + CONVERT(NVARCHAR(30), @cnt) + N'; ' |     FETCH NEXT FROM c INTO @schema, @table | END | CLOSE c | DEALLOCATE c | IF LEN(@bad) > 0 | BEGIN |     RAISERROR('Global cleanup incomplete. Tables still contain rows: %s', 16, 1, @bad) | END
[2026-05-08 10:01:06] [VERBOSE] SQL stmt 5 OK on table [sys]
[2026-05-08 10:01:06] [VERBOSE][SQL] Run SQL stmt 6 on table [B_CAL]: IF NOT EXISTS (SELECT 1 FROM B_CAL WHERE NOCALHEBD='1') |     INSERT INTO B_CAL (NOCALHEBD, NOMCAL) VALUES ('1', 'Calendar EARLY')
[2026-05-08 10:01:06] [VERBOSE] SQL stmt 6 OK on table [B_CAL]
[2026-05-08 10:01:06] [VERBOSE][SQL] Run SQL stmt 7 on table [B_PERI]: IF NOT EXISTS (SELECT 1 FROM B_PERI WHERE NOCALHEBD='1' AND NOJOUR_DEB=1 AND DEB_PERIO='06:00') |     INSERT INTO B_PERI (NOCALHEBD, NOJOUR_DEB, DEB_PERIO, NOJOUR_FIN, FIN_PERIO)  |     VALUES ('1', 1, '06:00', 1, '14:00')
[2026-05-08 10:01:06] [VERBOSE] SQL stmt 7 OK on table [B_PERI]
[2026-05-08 10:01:06] [VERBOSE][SQL] Run SQL stmt 8 on table [B_CAL]: IF NOT EXISTS (SELECT 1 FROM B_CAL WHERE NOCALHEBD='1') |     INSERT INTO B_CAL (NOCALHEBD, NOMCAL) VALUES ('1', 'Calendar EARLY')
[2026-05-08 10:01:06] [VERBOSE] SQL stmt 8 OK on table [B_CAL]
[2026-05-08 10:01:06] [VERBOSE][SQL] Run SQL stmt 9 on table [B_PERI]: IF NOT EXISTS (SELECT 1 FROM B_PERI WHERE NOCALHEBD='1' AND NOJOUR_DEB=2 AND DEB_PERIO='06:00') |     INSERT INTO B_PERI (NOCALHEBD, NOJOUR_DEB, DEB_PERIO, NOJOUR_FIN, FIN_PERIO)  |     VALUES ('1', 2, '06:00', 2, '14:00')
[2026-05-08 10:01:06] [VERBOSE] SQL stmt 9 OK on table [B_PERI]
[2026-05-08 10:01:06] [VERBOSE][SQL] Run SQL stmt 10 on table [B_CAL]: IF NOT EXISTS (SELECT 1 FROM B_CAL WHERE NOCALHEBD='1') |     INSERT INTO B_CAL (NOCALHEBD, NOMCAL) VALUES ('1', 'Calendar EARLY')
[2026-05-08 10:01:06] [VERBOSE] SQL stmt 10 OK on table [B_CAL]
[2026-05-08 10:01:06] [VERBOSE][SQL] Run SQL stmt 11 on table [B_PERI]: IF NOT EXISTS (SELECT 1 FROM B_PERI WHERE NOCALHEBD='1' AND NOJOUR_DEB=3 AND DEB_PERIO='06:00') |     INSERT INTO B_PERI (NOCALHEBD, NOJOUR_DEB, DEB_PERIO, NOJOUR_FIN, FIN_PERIO)  |     VALUES ('1', 3, '06:00', 3, '14:00')
[2026-05-08 10:01:06] [VERBOSE] SQL stmt 11 OK on table [B_PERI]
[2026-05-08 10:01:06] [VERBOSE][SQL] Run SQL stmt 12 on table [B_CAL]: IF NOT EXISTS (SELECT 1 FROM B_CAL WHERE NOCALHEBD='1') |     INSERT INTO B_CAL (NOCALHEBD, NOMCAL) VALUES ('1', 'Calendar EARLY')
[2026-05-08 10:01:06] [VERBOSE] SQL stmt 12 OK on table [B_CAL]
[2026-05-08 10:01:06] [VERBOSE][SQL] Run SQL stmt 13 on table [B_PERI]: IF NOT EXISTS (SELECT 1 FROM B_PERI WHERE NOCALHEBD='1' AND NOJOUR_DEB=4 AND DEB_PERIO='06:00') |     INSERT INTO B_PERI (NOCALHEBD, NOJOUR_DEB, DEB_PERIO, NOJOUR_FIN, FIN_PERIO)  |     VALUES ('1', 4, '06:00', 4, '14:00')
[2026-05-08 10:01:06] [VERBOSE] SQL stmt 13 OK on table [B_PERI]
[2026-05-08 10:01:06] [VERBOSE][SQL] Run SQL stmt 14 on table [B_CAL]: IF NOT EXISTS (SELECT 1 FROM B_CAL WHERE NOCALHEBD='1') |     INSERT INTO B_CAL (NOCALHEBD, NOMCAL) VALUES ('1', 'Calendar EARLY')
[2026-05-08 10:01:06] [VERBOSE] SQL stmt 14 OK on table [B_CAL]
[2026-05-08 10:01:06] [VERBOSE][SQL] Run SQL stmt 15 on table [B_PERI]: IF NOT EXISTS (SELECT 1 FROM B_PERI WHERE NOCALHEBD='1' AND NOJOUR_DEB=5 AND DEB_PERIO='06:00') |     INSERT INTO B_PERI (NOCALHEBD, NOJOUR_DEB, DEB_PERIO, NOJOUR_FIN, FIN_PERIO)  |     VALUES ('1', 5, '06:00', 5, '13:00')
[2026-05-08 10:01:06] [VERBOSE] SQL stmt 15 OK on table [B_PERI]
[2026-05-08 10:01:06] [VERBOSE][SQL] Run SQL stmt 16 on table [B_CAL]: IF NOT EXISTS (SELECT 1 FROM B_CAL WHERE NOCALHEBD='18') |     INSERT INTO B_CAL (NOCALHEBD, NOMCAL) VALUES ('18', 'Calendar 1x8h')
[2026-05-08 10:01:06] [VERBOSE] SQL stmt 16 OK on table [B_CAL]
[2026-05-08 10:01:06] [VERBOSE][SQL] Run SQL stmt 17 on table [B_PERI]: IF NOT EXISTS (SELECT 1 FROM B_PERI WHERE NOCALHEBD='18' AND NOJOUR_DEB=1 AND DEB_PERIO='08:00') |     INSERT INTO B_PERI (NOCALHEBD, NOJOUR_DEB, DEB_PERIO, NOJOUR_FIN, FIN_PERIO)  |     VALUES ('18', 1, '08:00', 1, '12:00')
[2026-05-08 10:01:06] [VERBOSE] SQL stmt 17 OK on table [B_PERI]
[2026-05-08 10:01:06] [VERBOSE][SQL] Run SQL stmt 18 on table [B_CAL]: IF NOT EXISTS (SELECT 1 FROM B_CAL WHERE NOCALHEBD='18') |     INSERT INTO B_CAL (NOCALHEBD, NOMCAL) VALUES ('18', 'Calendar 1x8h')
[2026-05-08 10:01:06] [VERBOSE] SQL stmt 18 OK on table [B_CAL]
[2026-05-08 10:01:06] [VERBOSE][SQL] Run SQL stmt 19 on table [B_PERI]: IF NOT EXISTS (SELECT 1 FROM B_PERI WHERE NOCALHEBD='18' AND NOJOUR_DEB=1 AND DEB_PERIO='13:00') |     INSERT INTO B_PERI (NOCALHEBD, NOJOUR_DEB, DEB_PERIO, NOJOUR_FIN, FIN_PERIO)  |     VALUES ('18', 1, '13:00', 1, '17:00')
[2026-05-08 10:01:06] [VERBOSE] SQL stmt 19 OK on table [B_PERI]
[2026-05-08 10:01:06] [VERBOSE][SQL] Run SQL stmt 20 on table [B_CAL]: IF NOT EXISTS (SELECT 1 FROM B_CAL WHERE NOCALHEBD='18') |     INSERT INTO B_CAL (NOCALHEBD, NOMCAL) VALUES ('18', 'Calendar 1x8h')
[2026-05-08 10:01:06] [VERBOSE] SQL stmt 20 OK on table [B_CAL]
[2026-05-08 10:01:06] [VERBOSE][SQL] Run SQL stmt 21 on table [B_PERI]: IF NOT EXISTS (SELECT 1 FROM B_PERI WHERE NOCALHEBD='18' AND NOJOUR_DEB=2 AND DEB_PERIO='08:00') |     INSERT INTO B_PERI (NOCALHEBD, NOJOUR_DEB, DEB_PERIO, NOJOUR_FIN, FIN_PERIO)  |     VALUES ('18', 2, '08:00', 2, '12:00')
[2026-05-08 10:01:06] [VERBOSE] SQL stmt 21 OK on table [B_PERI]
[2026-05-08 10:01:06] [VERBOSE][SQL] Run SQL stmt 22 on table [B_CAL]: IF NOT EXISTS (SELECT 1 FROM B_CAL WHERE NOCALHEBD='18') |     INSERT INTO B_CAL (NOCALHEBD, NOMCAL) VALUES ('18', 'Calendar 1x8h')
[2026-05-08 10:01:06] [VERBOSE] SQL stmt 22 OK on table [B_CAL]
[2026-05-08 10:01:06] [VERBOSE][SQL] Run SQL stmt 23 on table [B_PERI]: IF NOT EXISTS (SELECT 1 FROM B_PERI WHERE NOCALHEBD='18' AND NOJOUR_DEB=2 AND DEB_PERIO='13:00') |     INSERT INTO B_PERI (NOCALHEBD, NOJOUR_DEB, DEB_PERIO, NOJOUR_FIN, FIN_PERIO)  |     VALUES ('18', 2, '13:00', 2, '17:00')
[2026-05-08 10:01:06] [VERBOSE] SQL stmt 23 OK on table [B_PERI]
[2026-05-08 10:01:06] [VERBOSE][SQL] Run SQL stmt 24 on table [B_CAL]: IF NOT EXISTS (SELECT 1 FROM B_CAL WHERE NOCALHEBD='18') |     INSERT INTO B_CAL (NOCALHEBD, NOMCAL) VALUES ('18', 'Calendar 1x8h')
[2026-05-08 10:01:06] [VERBOSE] SQL stmt 24 OK on table [B_CAL]
[2026-05-08 10:01:06] [VERBOSE][SQL] Run SQL stmt 25 on table [B_PERI]: IF NOT EXISTS (SELECT 1 FROM B_PERI WHERE NOCALHEBD='18' AND NOJOUR_DEB=3 AND DEB_PERIO='08:00') |     INSERT INTO B_PERI (NOCALHEBD, NOJOUR_DEB, DEB_PERIO, NOJOUR_FIN, FIN_PERIO)  |     VALUES ('18', 3, '08:00', 3, '12:00')
[2026-05-08 10:01:06] [VERBOSE] SQL stmt 25 OK on table [B_PERI]
[2026-05-08 10:01:06] [VERBOSE][SQL] Run SQL stmt 26 on table [B_CAL]: IF NOT EXISTS (SELECT 1 FROM B_CAL WHERE NOCALHEBD='18') |     INSERT INTO B_CAL (NOCALHEBD, NOMCAL) VALUES ('18', 'Calendar 1x8h')
[2026-05-08 10:01:06] [VERBOSE] SQL stmt 26 OK on table [B_CAL]
[2026-05-08 10:01:06] [VERBOSE][SQL] Run SQL stmt 27 on table [B_PERI]: IF NOT EXISTS (SELECT 1 FROM B_PERI WHERE NOCALHEBD='18' AND NOJOUR_DEB=3 AND DEB_PERIO='13:00') |     INSERT INTO B_PERI (NOCALHEBD, NOJOUR_DEB, DEB_PERIO, NOJOUR_FIN, FIN_PERIO)  |     VALUES ('18', 3, '13:00', 3, '17:00')
[2026-05-08 10:01:06] [VERBOSE] SQL stmt 27 OK on table [B_PERI]
[2026-05-08 10:01:06] [VERBOSE][SQL] Run SQL stmt 28 on table [B_CAL]: IF NOT EXISTS (SELECT 1 FROM B_CAL WHERE NOCALHEBD='18') |     INSERT INTO B_CAL (NOCALHEBD, NOMCAL) VALUES ('18', 'Calendar 1x8h')
[2026-05-08 10:01:06] [VERBOSE] SQL stmt 28 OK on table [B_CAL]
[2026-05-08 10:01:06] [VERBOSE][SQL] Run SQL stmt 29 on table [B_PERI]: IF NOT EXISTS (SELECT 1 FROM B_PERI WHERE NOCALHEBD='18' AND NOJOUR_DEB=4 AND DEB_PERIO='08:00') |     INSERT INTO B_PERI (NOCALHEBD, NOJOUR_DEB, DEB_PERIO, NOJOUR_FIN, FIN_PERIO)  |     VALUES ('18', 4, '08:00', 4, '12:00')
[2026-05-08 10:01:06] [VERBOSE] SQL stmt 29 OK on table [B_PERI]
[2026-05-08 10:01:06] [VERBOSE][SQL] Run SQL stmt 30 on table [B_CAL]: IF NOT EXISTS (SELECT 1 FROM B_CAL WHERE NOCALHEBD='18') |     INSERT INTO B_CAL (NOCALHEBD, NOMCAL) VALUES ('18', 'Calendar 1x8h')
[2026-05-08 10:01:06] [VERBOSE] SQL stmt 30 OK on table [B_CAL]
[2026-05-08 10:01:06] [VERBOSE][SQL] Run SQL stmt 31 on table [B_PERI]: IF NOT EXISTS (SELECT 1 FROM B_PERI WHERE NOCALHEBD='18' AND NOJOUR_DEB=4 AND DEB_PERIO='13:00') |     INSERT INTO B_PERI (NOCALHEBD, NOJOUR_DEB, DEB_PERIO, NOJOUR_FIN, FIN_PERIO)  |     VALUES ('18', 4, '13:00', 4, '17:00')
[2026-05-08 10:01:06] [VERBOSE] SQL stmt 31 OK on table [B_PERI]
[2026-05-08 10:01:06] [VERBOSE][SQL] Run SQL stmt 32 on table [B_CAL]: IF NOT EXISTS (SELECT 1 FROM B_CAL WHERE NOCALHEBD='18') |     INSERT INTO B_CAL (NOCALHEBD, NOMCAL) VALUES ('18', 'Calendar 1x8h')
[2026-05-08 10:01:06] [VERBOSE] SQL stmt 32 OK on table [B_CAL]
[2026-05-08 10:01:06] [VERBOSE][SQL] Run SQL stmt 33 on table [B_PERI]: IF NOT EXISTS (SELECT 1 FROM B_PERI WHERE NOCALHEBD='18' AND NOJOUR_DEB=5 AND DEB_PERIO='08:00') |     INSERT INTO B_PERI (NOCALHEBD, NOJOUR_DEB, DEB_PERIO, NOJOUR_FIN, FIN_PERIO)  |     VALUES ('18', 5, '08:00', 5, '12:00')
[2026-05-08 10:01:06] [VERBOSE] SQL stmt 33 OK on table [B_PERI]
[2026-05-08 10:01:06] [VERBOSE][SQL] Run SQL stmt 34 on table [B_CAL]: IF NOT EXISTS (SELECT 1 FROM B_CAL WHERE NOCALHEBD='18') |     INSERT INTO B_CAL (NOCALHEBD, NOMCAL) VALUES ('18', 'Calendar 1x8h')
[2026-05-08 10:01:06] [VERBOSE] SQL stmt 34 OK on table [B_CAL]
[2026-05-08 10:01:06] [VERBOSE][SQL] Run SQL stmt 35 on table [B_PERI]: IF NOT EXISTS (SELECT 1 FROM B_PERI WHERE NOCALHEBD='18' AND NOJOUR_DEB=5 AND DEB_PERIO='13:00') |     INSERT INTO B_PERI (NOCALHEBD, NOJOUR_DEB, DEB_PERIO, NOJOUR_FIN, FIN_PERIO)  |     VALUES ('18', 5, '13:00', 5, '17:00')
[2026-05-08 10:01:06] [VERBOSE] SQL stmt 35 OK on table [B_PERI]
[2026-05-08 10:01:06] [VERBOSE][SQL] Run SQL stmt 36 on table [B_CAL]: IF NOT EXISTS (SELECT 1 FROM B_CAL WHERE NOCALHEBD='2') |     INSERT INTO B_CAL (NOCALHEBD, NOMCAL) VALUES ('2', 'Calendar DAYS')
[2026-05-08 10:01:06] [VERBOSE] SQL stmt 36 OK on table [B_CAL]
[2026-05-08 10:01:06] [VERBOSE][SQL] Run SQL stmt 37 on table [B_PERI]: IF NOT EXISTS (SELECT 1 FROM B_PERI WHERE NOCALHEBD='2' AND NOJOUR_DEB=1 AND DEB_PERIO='14:00') |     INSERT INTO B_PERI (NOCALHEBD, NOJOUR_DEB, DEB_PERIO, NOJOUR_FIN, FIN_PERIO)  |     VALUES ('2', 1, '14:00', 1, '22:00')
[2026-05-08 10:01:06] [VERBOSE] SQL stmt 37 OK on table [B_PERI]
[2026-05-08 10:01:06] [VERBOSE][SQL] Run SQL stmt 38 on table [B_CAL]: IF NOT EXISTS (SELECT 1 FROM B_CAL WHERE NOCALHEBD='2') |     INSERT INTO B_CAL (NOCALHEBD, NOMCAL) VALUES ('2', 'Calendar DAYS')
[2026-05-08 10:01:06] [VERBOSE] SQL stmt 38 OK on table [B_CAL]
[2026-05-08 10:01:06] [VERBOSE][SQL] Run SQL stmt 39 on table [B_PERI]: IF NOT EXISTS (SELECT 1 FROM B_PERI WHERE NOCALHEBD='2' AND NOJOUR_DEB=2 AND DEB_PERIO='14:00') |     INSERT INTO B_PERI (NOCALHEBD, NOJOUR_DEB, DEB_PERIO, NOJOUR_FIN, FIN_PERIO)  |     VALUES ('2', 2, '14:00', 2, '22:00')
[2026-05-08 10:01:06] [VERBOSE] SQL stmt 39 OK on table [B_PERI]
[2026-05-08 10:01:06] [VERBOSE][SQL] Run SQL stmt 40 on table [B_CAL]: IF NOT EXISTS (SELECT 1 FROM B_CAL WHERE NOCALHEBD='2') |     INSERT INTO B_CAL (NOCALHEBD, NOMCAL) VALUES ('2', 'Calendar DAYS')
[2026-05-08 10:01:06] [VERBOSE] SQL stmt 40 OK on table [B_CAL]
[2026-05-08 10:01:06] [VERBOSE][SQL] Run SQL stmt 41 on table [B_PERI]: IF NOT EXISTS (SELECT 1 FROM B_PERI WHERE NOCALHEBD='2' AND NOJOUR_DEB=3 AND DEB_PERIO='14:00') |     INSERT INTO B_PERI (NOCALHEBD, NOJOUR_DEB, DEB_PERIO, NOJOUR_FIN, FIN_PERIO)  |     VALUES ('2', 3, '14:00', 3, '22:00')
[2026-05-08 10:01:06] [VERBOSE] SQL stmt 41 OK on table [B_PERI]
[2026-05-08 10:01:06] [VERBOSE][SQL] Run SQL stmt 42 on table [B_CAL]: IF NOT EXISTS (SELECT 1 FROM B_CAL WHERE NOCALHEBD='2') |     INSERT INTO B_CAL (NOCALHEBD, NOMCAL) VALUES ('2', 'Calendar DAYS')
[2026-05-08 10:01:06] [VERBOSE] SQL stmt 42 OK on table [B_CAL]
[2026-05-08 10:01:06] [VERBOSE][SQL] Run SQL stmt 43 on table [B_PERI]: IF NOT EXISTS (SELECT 1 FROM B_PERI WHERE NOCALHEBD='2' AND NOJOUR_DEB=4 AND DEB_PERIO='14:00') |     INSERT INTO B_PERI (NOCALHEBD, NOJOUR_DEB, DEB_PERIO, NOJOUR_FIN, FIN_PERIO)  |     VALUES ('2', 4, '14:00', 4, '22:00')
[2026-05-08 10:01:06] [VERBOSE] SQL stmt 43 OK on table [B_PERI]
[2026-05-08 10:01:06] [VERBOSE][SQL] Run SQL stmt 44 on table [B_CAL]: IF NOT EXISTS (SELECT 1 FROM B_CAL WHERE NOCALHEBD='2') |     INSERT INTO B_CAL (NOCALHEBD, NOMCAL) VALUES ('2', 'Calendar DAYS')
[2026-05-08 10:01:06] [VERBOSE] SQL stmt 44 OK on table [B_CAL]
[2026-05-08 10:01:06] [VERBOSE][SQL] Run SQL stmt 45 on table [B_PERI]: IF NOT EXISTS (SELECT 1 FROM B_PERI WHERE NOCALHEBD='2' AND NOJOUR_DEB=5 AND DEB_PERIO='13:00') |     INSERT INTO B_PERI (NOCALHEBD, NOJOUR_DEB, DEB_PERIO, NOJOUR_FIN, FIN_PERIO)  |     VALUES ('2', 5, '13:00', 5, '20:00')
[2026-05-08 10:01:06] [VERBOSE] SQL stmt 45 OK on table [B_PERI]
[2026-05-08 10:01:06] [VERBOSE][SQL] Run SQL stmt 46 on table [B_CAL]: IF NOT EXISTS (SELECT 1 FROM B_CAL WHERE NOCALHEBD='28') |     INSERT INTO B_CAL (NOCALHEBD, NOMCAL) VALUES ('28', 'Calendar 2x8h')
[2026-05-08 10:01:06] [VERBOSE] SQL stmt 46 OK on table [B_CAL]
[2026-05-08 10:01:06] [VERBOSE][SQL] Run SQL stmt 47 on table [B_PERI]: IF NOT EXISTS (SELECT 1 FROM B_PERI WHERE NOCALHEBD='28' AND NOJOUR_DEB=1 AND DEB_PERIO='06:00') |     INSERT INTO B_PERI (NOCALHEBD, NOJOUR_DEB, DEB_PERIO, NOJOUR_FIN, FIN_PERIO)  |     VALUES ('28', 1, '06:00', 1, '14:00')
[2026-05-08 10:01:06] [VERBOSE] SQL stmt 47 OK on table [B_PERI]
[2026-05-08 10:01:06] [VERBOSE][SQL] Run SQL stmt 48 on table [B_CAL]: IF NOT EXISTS (SELECT 1 FROM B_CAL WHERE NOCALHEBD='28') |     INSERT INTO B_CAL (NOCALHEBD, NOMCAL) VALUES ('28', 'Calendar 2x8h')
[2026-05-08 10:01:06] [VERBOSE] SQL stmt 48 OK on table [B_CAL]
[2026-05-08 10:01:06] [VERBOSE][SQL] Run SQL stmt 49 on table [B_PERI]: IF NOT EXISTS (SELECT 1 FROM B_PERI WHERE NOCALHEBD='28' AND NOJOUR_DEB=1 AND DEB_PERIO='14:00') |     INSERT INTO B_PERI (NOCALHEBD, NOJOUR_DEB, DEB_PERIO, NOJOUR_FIN, FIN_PERIO)  |     VALUES ('28', 1, '14:00', 1, '22:00')
[2026-05-08 10:01:06] [VERBOSE] SQL stmt 49 OK on table [B_PERI]
[2026-05-08 10:01:06] [VERBOSE][SQL] Run SQL stmt 50 on table [B_CAL]: IF NOT EXISTS (SELECT 1 FROM B_CAL WHERE NOCALHEBD='28') |     INSERT INTO B_CAL (NOCALHEBD, NOMCAL) VALUES ('28', 'Calendar 2x8h')
[2026-05-08 10:01:06] [VERBOSE] SQL stmt 50 OK on table [B_CAL]
[2026-05-08 10:01:06] [VERBOSE][SQL] Run SQL stmt 51 on table [B_PERI]: IF NOT EXISTS (SELECT 1 FROM B_PERI WHERE NOCALHEBD='28' AND NOJOUR_DEB=2 AND DEB_PERIO='06:00') |     INSERT INTO B_PERI (NOCALHEBD, NOJOUR_DEB, DEB_PERIO, NOJOUR_FIN, FIN_PERIO)  |     VALUES ('28', 2, '06:00', 2, '14:00')
[2026-05-08 10:01:06] [VERBOSE] SQL stmt 51 OK on table [B_PERI]
[2026-05-08 10:01:06] [VERBOSE][SQL] Run SQL stmt 52 on table [B_CAL]: IF NOT EXISTS (SELECT 1 FROM B_CAL WHERE NOCALHEBD='28') |     INSERT INTO B_CAL (NOCALHEBD, NOMCAL) VALUES ('28', 'Calendar 2x8h')
[2026-05-08 10:01:06] [VERBOSE] SQL stmt 52 OK on table [B_CAL]
[2026-05-08 10:01:06] [VERBOSE][SQL] Run SQL stmt 53 on table [B_PERI]: IF NOT EXISTS (SELECT 1 FROM B_PERI WHERE NOCALHEBD='28' AND NOJOUR_DEB=2 AND DEB_PERIO='14:00') |     INSERT INTO B_PERI (NOCALHEBD, NOJOUR_DEB, DEB_PERIO, NOJOUR_FIN, FIN_PERIO)  |     VALUES ('28', 2, '14:00', 2, '22:00')
[2026-05-08 10:01:06] [VERBOSE] SQL stmt 53 OK on table [B_PERI]
[2026-05-08 10:01:06] [VERBOSE][SQL] Run SQL stmt 54 on table [B_CAL]: IF NOT EXISTS (SELECT 1 FROM B_CAL WHERE NOCALHEBD='28') |     INSERT INTO B_CAL (NOCALHEBD, NOMCAL) VALUES ('28', 'Calendar 2x8h')
[2026-05-08 10:01:06] [VERBOSE] SQL stmt 54 OK on table [B_CAL]
[2026-05-08 10:01:06] [VERBOSE][SQL] Run SQL stmt 55 on table [B_PERI]: IF NOT EXISTS (SELECT 1 FROM B_PERI WHERE NOCALHEBD='28' AND NOJOUR_DEB=3 AND DEB_PERIO='06:00') |     INSERT INTO B_PERI (NOCALHEBD, NOJOUR_DEB, DEB_PERIO, NOJOUR_FIN, FIN_PERIO)  |     VALUES ('28', 3, '06:00', 3, '14:00')
[2026-05-08 10:01:06] [VERBOSE] SQL stmt 55 OK on table [B_PERI]
[2026-05-08 10:01:06] [VERBOSE][SQL] Run SQL stmt 56 on table [B_CAL]: IF NOT EXISTS (SELECT 1 FROM B_CAL WHERE NOCALHEBD='28') |     INSERT INTO B_CAL (NOCALHEBD, NOMCAL) VALUES ('28', 'Calendar 2x8h')
[2026-05-08 10:01:06] [VERBOSE] SQL stmt 56 OK on table [B_CAL]
[2026-05-08 10:01:07] [VERBOSE][SQL] Run SQL stmt 57 on table [B_PERI]: IF NOT EXISTS (SELECT 1 FROM B_PERI WHERE NOCALHEBD='28' AND NOJOUR_DEB=3 AND DEB_PERIO='14:00') |     INSERT INTO B_PERI (NOCALHEBD, NOJOUR_DEB, DEB_PERIO, NOJOUR_FIN, FIN_PERIO)  |     VALUES ('28', 3, '14:00', 3, '22:00')
[2026-05-08 10:01:07] [VERBOSE] SQL stmt 57 OK on table [B_PERI]
[2026-05-08 10:01:07] [VERBOSE][SQL] Run SQL stmt 58 on table [B_CAL]: IF NOT EXISTS (SELECT 1 FROM B_CAL WHERE NOCALHEBD='28') |     INSERT INTO B_CAL (NOCALHEBD, NOMCAL) VALUES ('28', 'Calendar 2x8h')
[2026-05-08 10:01:07] [VERBOSE] SQL stmt 58 OK on table [B_CAL]
[2026-05-08 10:01:07] [VERBOSE][SQL] Run SQL stmt 59 on table [B_PERI]: IF NOT EXISTS (SELECT 1 FROM B_PERI WHERE NOCALHEBD='28' AND NOJOUR_DEB=4 AND DEB_PERIO='06:00') |     INSERT INTO B_PERI (NOCALHEBD, NOJOUR_DEB, DEB_PERIO, NOJOUR_FIN, FIN_PERIO)  |     VALUES ('28', 4, '06:00', 4, '14:00')
[2026-05-08 10:01:07] [VERBOSE] SQL stmt 59 OK on table [B_PERI]
[2026-05-08 10:01:07] [VERBOSE][SQL] Run SQL stmt 60 on table [B_CAL]: IF NOT EXISTS (SELECT 1 FROM B_CAL WHERE NOCALHEBD='28') |     INSERT INTO B_CAL (NOCALHEBD, NOMCAL) VALUES ('28', 'Calendar 2x8h')
[2026-05-08 10:01:07] [VERBOSE] SQL stmt 60 OK on table [B_CAL]
[2026-05-08 10:01:07] [VERBOSE][SQL] Run SQL stmt 61 on table [B_PERI]: IF NOT EXISTS (SELECT 1 FROM B_PERI WHERE NOCALHEBD='28' AND NOJOUR_DEB=4 AND DEB_PERIO='14:00') |     INSERT INTO B_PERI (NOCALHEBD, NOJOUR_DEB, DEB_PERIO, NOJOUR_FIN, FIN_PERIO)  |     VALUES ('28', 4, '14:00', 4, '22:00')
[2026-05-08 10:01:07] [VERBOSE] SQL stmt 61 OK on table [B_PERI]
[2026-05-08 10:01:07] [VERBOSE][SQL] Run SQL stmt 62 on table [B_CAL]: IF NOT EXISTS (SELECT 1 FROM B_CAL WHERE NOCALHEBD='28') |     INSERT INTO B_CAL (NOCALHEBD, NOMCAL) VALUES ('28', 'Calendar 2x8h')
[2026-05-08 10:01:07] [VERBOSE] SQL stmt 62 OK on table [B_CAL]
[2026-05-08 10:01:07] [VERBOSE][SQL] Run SQL stmt 63 on table [B_PERI]: IF NOT EXISTS (SELECT 1 FROM B_PERI WHERE NOCALHEBD='28' AND NOJOUR_DEB=5 AND DEB_PERIO='06:00') |     INSERT INTO B_PERI (NOCALHEBD, NOJOUR_DEB, DEB_PERIO, NOJOUR_FIN, FIN_PERIO)  |     VALUES ('28', 5, '06:00', 5, '13:00')
[2026-05-08 10:01:07] [VERBOSE] SQL stmt 63 OK on table [B_PERI]
[2026-05-08 10:01:07] [VERBOSE][SQL] Run SQL stmt 64 on table [B_CAL]: IF NOT EXISTS (SELECT 1 FROM B_CAL WHERE NOCALHEBD='28') |     INSERT INTO B_CAL (NOCALHEBD, NOMCAL) VALUES ('28', 'Calendar 2x8h')
[2026-05-08 10:01:07] [VERBOSE] SQL stmt 64 OK on table [B_CAL]
[2026-05-08 10:01:07] [VERBOSE][SQL] Run SQL stmt 65 on table [B_PERI]: IF NOT EXISTS (SELECT 1 FROM B_PERI WHERE NOCALHEBD='28' AND NOJOUR_DEB=5 AND DEB_PERIO='13:00') |     INSERT INTO B_PERI (NOCALHEBD, NOJOUR_DEB, DEB_PERIO, NOJOUR_FIN, FIN_PERIO)  |     VALUES ('28', 5, '13:00', 5, '20:00')
[2026-05-08 10:01:07] [VERBOSE] SQL stmt 65 OK on table [B_PERI]
[2026-05-08 10:01:07] [VERBOSE][SQL] Run SQL stmt 66 on table [B_CAL]: IF NOT EXISTS (SELECT 1 FROM B_CAL WHERE NOCALHEBD='3') |     INSERT INTO B_CAL (NOCALHEBD, NOMCAL) VALUES ('3', 'Calendar NIGHT')
[2026-05-08 10:01:07] [VERBOSE] SQL stmt 66 OK on table [B_CAL]
[2026-05-08 10:01:07] [VERBOSE][SQL] Run SQL stmt 67 on table [B_PERI]: IF NOT EXISTS (SELECT 1 FROM B_PERI WHERE NOCALHEBD='3' AND NOJOUR_DEB=1 AND DEB_PERIO='22:00') |     INSERT INTO B_PERI (NOCALHEBD, NOJOUR_DEB, DEB_PERIO, NOJOUR_FIN, FIN_PERIO)  |     VALUES ('3', 1, '22:00', 2, '06:00')
[2026-05-08 10:01:07] [VERBOSE] SQL stmt 67 OK on table [B_PERI]
[2026-05-08 10:01:07] [VERBOSE][SQL] Run SQL stmt 68 on table [B_CAL]: IF NOT EXISTS (SELECT 1 FROM B_CAL WHERE NOCALHEBD='3') |     INSERT INTO B_CAL (NOCALHEBD, NOMCAL) VALUES ('3', 'Calendar NIGHT')
[2026-05-08 10:01:07] [VERBOSE] SQL stmt 68 OK on table [B_CAL]
[2026-05-08 10:01:07] [VERBOSE][SQL] Run SQL stmt 69 on table [B_PERI]: IF NOT EXISTS (SELECT 1 FROM B_PERI WHERE NOCALHEBD='3' AND NOJOUR_DEB=2 AND DEB_PERIO='22:00') |     INSERT INTO B_PERI (NOCALHEBD, NOJOUR_DEB, DEB_PERIO, NOJOUR_FIN, FIN_PERIO)  |     VALUES ('3', 2, '22:00', 3, '06:00')
[2026-05-08 10:01:07] [VERBOSE] SQL stmt 69 OK on table [B_PERI]
[2026-05-08 10:01:07] [VERBOSE][SQL] Run SQL stmt 70 on table [B_CAL]: IF NOT EXISTS (SELECT 1 FROM B_CAL WHERE NOCALHEBD='3') |     INSERT INTO B_CAL (NOCALHEBD, NOMCAL) VALUES ('3', 'Calendar NIGHT')
[2026-05-08 10:01:07] [VERBOSE] SQL stmt 70 OK on table [B_CAL]
[2026-05-08 10:01:07] [VERBOSE][SQL] Run SQL stmt 71 on table [B_PERI]: IF NOT EXISTS (SELECT 1 FROM B_PERI WHERE NOCALHEBD='3' AND NOJOUR_DEB=3 AND DEB_PERIO='22:00') |     INSERT INTO B_PERI (NOCALHEBD, NOJOUR_DEB, DEB_PERIO, NOJOUR_FIN, FIN_PERIO)  |     VALUES ('3', 3, '22:00', 4, '06:00')
[2026-05-08 10:01:07] [VERBOSE] SQL stmt 71 OK on table [B_PERI]
[2026-05-08 10:01:07] [VERBOSE][SQL] Run SQL stmt 72 on table [B_CAL]: IF NOT EXISTS (SELECT 1 FROM B_CAL WHERE NOCALHEBD='3') |     INSERT INTO B_CAL (NOCALHEBD, NOMCAL) VALUES ('3', 'Calendar NIGHT')
[2026-05-08 10:01:07] [VERBOSE] SQL stmt 72 OK on table [B_CAL]
[2026-05-08 10:01:07] [VERBOSE][SQL] Run SQL stmt 73 on table [B_PERI]: IF NOT EXISTS (SELECT 1 FROM B_PERI WHERE NOCALHEBD='3' AND NOJOUR_DEB=4 AND DEB_PERIO='22:00') |     INSERT INTO B_PERI (NOCALHEBD, NOJOUR_DEB, DEB_PERIO, NOJOUR_FIN, FIN_PERIO)  |     VALUES ('3', 4, '22:00', 5, '06:00')
[2026-05-08 10:01:07] [VERBOSE] SQL stmt 73 OK on table [B_PERI]
[2026-05-08 10:01:07] [VERBOSE][SQL] Run SQL stmt 74 on table [B_CAL]: IF NOT EXISTS (SELECT 1 FROM B_CAL WHERE NOCALHEBD='38') |     INSERT INTO B_CAL (NOCALHEBD, NOMCAL) VALUES ('38', 'Calendar 3x8h')
[2026-05-08 10:01:07] [VERBOSE] SQL stmt 74 OK on table [B_CAL]
[2026-05-08 10:01:07] [VERBOSE][SQL] Run SQL stmt 75 on table [B_PERI]: IF NOT EXISTS (SELECT 1 FROM B_PERI WHERE NOCALHEBD='38' AND NOJOUR_DEB=1 AND DEB_PERIO='06:00') |     INSERT INTO B_PERI (NOCALHEBD, NOJOUR_DEB, DEB_PERIO, NOJOUR_FIN, FIN_PERIO)  |     VALUES ('38', 1, '06:00', 1, '22:00')
[2026-05-08 10:01:07] [VERBOSE] SQL stmt 75 OK on table [B_PERI]
[2026-05-08 10:01:07] [VERBOSE][SQL] Run SQL stmt 76 on table [B_CAL]: IF NOT EXISTS (SELECT 1 FROM B_CAL WHERE NOCALHEBD='38') |     INSERT INTO B_CAL (NOCALHEBD, NOMCAL) VALUES ('38', 'Calendar 3x8h')
[2026-05-08 10:01:07] [VERBOSE] SQL stmt 76 OK on table [B_CAL]
[2026-05-08 10:01:07] [VERBOSE][SQL] Run SQL stmt 77 on table [B_PERI]: IF NOT EXISTS (SELECT 1 FROM B_PERI WHERE NOCALHEBD='38' AND NOJOUR_DEB=1 AND DEB_PERIO='22:00') |     INSERT INTO B_PERI (NOCALHEBD, NOJOUR_DEB, DEB_PERIO, NOJOUR_FIN, FIN_PERIO)  |     VALUES ('38', 1, '22:00', 2, '06:00')
[2026-05-08 10:01:07] [VERBOSE] SQL stmt 77 OK on table [B_PERI]
[2026-05-08 10:01:07] [VERBOSE][SQL] Run SQL stmt 78 on table [B_CAL]: IF NOT EXISTS (SELECT 1 FROM B_CAL WHERE NOCALHEBD='38') |     INSERT INTO B_CAL (NOCALHEBD, NOMCAL) VALUES ('38', 'Calendar 3x8h')
[2026-05-08 10:01:07] [VERBOSE] SQL stmt 78 OK on table [B_CAL]
[2026-05-08 10:01:07] [VERBOSE][SQL] Run SQL stmt 79 on table [B_PERI]: IF NOT EXISTS (SELECT 1 FROM B_PERI WHERE NOCALHEBD='38' AND NOJOUR_DEB=2 AND DEB_PERIO='06:00') |     INSERT INTO B_PERI (NOCALHEBD, NOJOUR_DEB, DEB_PERIO, NOJOUR_FIN, FIN_PERIO)  |     VALUES ('38', 2, '06:00', 2, '22:00')
[2026-05-08 10:01:07] [VERBOSE] SQL stmt 79 OK on table [B_PERI]
[2026-05-08 10:01:07] [VERBOSE][SQL] Run SQL stmt 80 on table [B_CAL]: IF NOT EXISTS (SELECT 1 FROM B_CAL WHERE NOCALHEBD='38') |     INSERT INTO B_CAL (NOCALHEBD, NOMCAL) VALUES ('38', 'Calendar 3x8h')
[2026-05-08 10:01:07] [VERBOSE] SQL stmt 80 OK on table [B_CAL]
[2026-05-08 10:01:07] [VERBOSE][SQL] Run SQL stmt 81 on table [B_PERI]: IF NOT EXISTS (SELECT 1 FROM B_PERI WHERE NOCALHEBD='38' AND NOJOUR_DEB=2 AND DEB_PERIO='22:00') |     INSERT INTO B_PERI (NOCALHEBD, NOJOUR_DEB, DEB_PERIO, NOJOUR_FIN, FIN_PERIO)  |     VALUES ('38', 2, '22:00', 3, '06:00')
[2026-05-08 10:01:07] [VERBOSE] SQL stmt 81 OK on table [B_PERI]
[2026-05-08 10:01:07] [VERBOSE][SQL] Run SQL stmt 82 on table [B_CAL]: IF NOT EXISTS (SELECT 1 FROM B_CAL WHERE NOCALHEBD='38') |     INSERT INTO B_CAL (NOCALHEBD, NOMCAL) VALUES ('38', 'Calendar 3x8h')
[2026-05-08 10:01:07] [VERBOSE] SQL stmt 82 OK on table [B_CAL]
[2026-05-08 10:01:07] [VERBOSE][SQL] Run SQL stmt 83 on table [B_PERI]: IF NOT EXISTS (SELECT 1 FROM B_PERI WHERE NOCALHEBD='38' AND NOJOUR_DEB=3 AND DEB_PERIO='06:00') |     INSERT INTO B_PERI (NOCALHEBD, NOJOUR_DEB, DEB_PERIO, NOJOUR_FIN, FIN_PERIO)  |     VALUES ('38', 3, '06:00', 3, '22:00')
[2026-05-08 10:01:07] [VERBOSE] SQL stmt 83 OK on table [B_PERI]
[2026-05-08 10:01:07] [VERBOSE][SQL] Run SQL stmt 84 on table [B_CAL]: IF NOT EXISTS (SELECT 1 FROM B_CAL WHERE NOCALHEBD='38') |     INSERT INTO B_CAL (NOCALHEBD, NOMCAL) VALUES ('38', 'Calendar 3x8h')
[2026-05-08 10:01:07] [VERBOSE] SQL stmt 84 OK on table [B_CAL]
[2026-05-08 10:01:07] [VERBOSE][SQL] Run SQL stmt 85 on table [B_PERI]: IF NOT EXISTS (SELECT 1 FROM B_PERI WHERE NOCALHEBD='38' AND NOJOUR_DEB=3 AND DEB_PERIO='22:00') |     INSERT INTO B_PERI (NOCALHEBD, NOJOUR_DEB, DEB_PERIO, NOJOUR_FIN, FIN_PERIO)  |     VALUES ('38', 3, '22:00', 4, '06:00')
[2026-05-08 10:01:07] [VERBOSE] SQL stmt 85 OK on table [B_PERI]
[2026-05-08 10:01:07] [VERBOSE][SQL] Run SQL stmt 86 on table [B_CAL]: IF NOT EXISTS (SELECT 1 FROM B_CAL WHERE NOCALHEBD='38') |     INSERT INTO B_CAL (NOCALHEBD, NOMCAL) VALUES ('38', 'Calendar 3x8h')
[2026-05-08 10:01:07] [VERBOSE] SQL stmt 86 OK on table [B_CAL]
[2026-05-08 10:01:07] [VERBOSE][SQL] Run SQL stmt 87 on table [B_PERI]: IF NOT EXISTS (SELECT 1 FROM B_PERI WHERE NOCALHEBD='38' AND NOJOUR_DEB=4 AND DEB_PERIO='06:00') |     INSERT INTO B_PERI (NOCALHEBD, NOJOUR_DEB, DEB_PERIO, NOJOUR_FIN, FIN_PERIO)  |     VALUES ('38', 4, '06:00', 4, '22:00')
[2026-05-08 10:01:07] [VERBOSE] SQL stmt 87 OK on table [B_PERI]
[2026-05-08 10:01:07] [VERBOSE][SQL] Run SQL stmt 88 on table [B_CAL]: IF NOT EXISTS (SELECT 1 FROM B_CAL WHERE NOCALHEBD='38') |     INSERT INTO B_CAL (NOCALHEBD, NOMCAL) VALUES ('38', 'Calendar 3x8h')
[2026-05-08 10:01:07] [VERBOSE] SQL stmt 88 OK on table [B_CAL]
[2026-05-08 10:01:07] [VERBOSE][SQL] Run SQL stmt 89 on table [B_PERI]: IF NOT EXISTS (SELECT 1 FROM B_PERI WHERE NOCALHEBD='38' AND NOJOUR_DEB=4 AND DEB_PERIO='22:00') |     INSERT INTO B_PERI (NOCALHEBD, NOJOUR_DEB, DEB_PERIO, NOJOUR_FIN, FIN_PERIO)  |     VALUES ('38', 4, '22:00', 5, '06:00')
[2026-05-08 10:01:07] [VERBOSE] SQL stmt 89 OK on table [B_PERI]
[2026-05-08 10:01:07] [VERBOSE][SQL] Run SQL stmt 90 on table [B_CAL]: IF NOT EXISTS (SELECT 1 FROM B_CAL WHERE NOCALHEBD='38') |     INSERT INTO B_CAL (NOCALHEBD, NOMCAL) VALUES ('38', 'Calendar 3x8h')
[2026-05-08 10:01:07] [VERBOSE] SQL stmt 90 OK on table [B_CAL]
[2026-05-08 10:01:08] [VERBOSE][SQL] Run SQL stmt 91 on table [B_PERI]: IF NOT EXISTS (SELECT 1 FROM B_PERI WHERE NOCALHEBD='38' AND NOJOUR_DEB=5 AND DEB_PERIO='06:00') |     INSERT INTO B_PERI (NOCALHEBD, NOJOUR_DEB, DEB_PERIO, NOJOUR_FIN, FIN_PERIO)  |     VALUES ('38', 5, '06:00', 5, '22:00')
[2026-05-08 10:01:08] [VERBOSE] SQL stmt 91 OK on table [B_PERI]
[2026-05-08 10:01:08] [VERBOSE][SQL] Run SQL stmt 92 on table [B_CAL]: IF NOT EXISTS (SELECT 1 FROM B_CAL WHERE NOCALHEBD='38') |     INSERT INTO B_CAL (NOCALHEBD, NOMCAL) VALUES ('38', 'Calendar 3x8h')
[2026-05-08 10:01:08] [VERBOSE] SQL stmt 92 OK on table [B_CAL]
[2026-05-08 10:01:08] [VERBOSE][SQL] Run SQL stmt 93 on table [B_PERI]: IF NOT EXISTS (SELECT 1 FROM B_PERI WHERE NOCALHEBD='38' AND NOJOUR_DEB=5 AND DEB_PERIO='22:00') |     INSERT INTO B_PERI (NOCALHEBD, NOJOUR_DEB, DEB_PERIO, NOJOUR_FIN, FIN_PERIO)  |     VALUES ('38', 5, '22:00', 6, '06:00')
[2026-05-08 10:01:08] [VERBOSE] SQL stmt 93 OK on table [B_PERI]
[2026-05-08 10:01:08] [VERBOSE][SQL] Run SQL stmt 94 on table [B_CAL]: IF NOT EXISTS (SELECT 1 FROM B_CAL WHERE NOCALHEBD='39') |     INSERT INTO B_CAL (NOCALHEBD, NOMCAL) VALUES ('39', 'Calendar Heat Treatm')
[2026-05-08 10:01:08] [VERBOSE] SQL stmt 94 OK on table [B_CAL]
[2026-05-08 10:01:08] [VERBOSE][SQL] Run SQL stmt 95 on table [B_PERI]: IF NOT EXISTS (SELECT 1 FROM B_PERI WHERE NOCALHEBD='39' AND NOJOUR_DEB=1 AND DEB_PERIO='00:00') |     INSERT INTO B_PERI (NOCALHEBD, NOJOUR_DEB, DEB_PERIO, NOJOUR_FIN, FIN_PERIO)  |     VALUES ('39', 1, '00:00', 2, '00:00')
[2026-05-08 10:01:08] [VERBOSE] SQL stmt 95 OK on table [B_PERI]
[2026-05-08 10:01:08] [VERBOSE][SQL] Run SQL stmt 96 on table [B_CAL]: IF NOT EXISTS (SELECT 1 FROM B_CAL WHERE NOCALHEBD='39') |     INSERT INTO B_CAL (NOCALHEBD, NOMCAL) VALUES ('39', 'Calendar Heat Treatm')
[2026-05-08 10:01:08] [VERBOSE] SQL stmt 96 OK on table [B_CAL]
[2026-05-08 10:01:08] [VERBOSE][SQL] Run SQL stmt 97 on table [B_PERI]: IF NOT EXISTS (SELECT 1 FROM B_PERI WHERE NOCALHEBD='39' AND NOJOUR_DEB=2 AND DEB_PERIO='00:00') |     INSERT INTO B_PERI (NOCALHEBD, NOJOUR_DEB, DEB_PERIO, NOJOUR_FIN, FIN_PERIO)  |     VALUES ('39', 2, '00:00', 3, '00:00')
[2026-05-08 10:01:08] [VERBOSE] SQL stmt 97 OK on table [B_PERI]
[2026-05-08 10:01:08] [VERBOSE][SQL] Run SQL stmt 98 on table [B_CAL]: IF NOT EXISTS (SELECT 1 FROM B_CAL WHERE NOCALHEBD='39') |     INSERT INTO B_CAL (NOCALHEBD, NOMCAL) VALUES ('39', 'Calendar Heat Treatm')
[2026-05-08 10:01:08] [VERBOSE] SQL stmt 98 OK on table [B_CAL]
[2026-05-08 10:01:08] [VERBOSE][SQL] Run SQL stmt 99 on table [B_PERI]: IF NOT EXISTS (SELECT 1 FROM B_PERI WHERE NOCALHEBD='39' AND NOJOUR_DEB=3 AND DEB_PERIO='00:00') |     INSERT INTO B_PERI (NOCALHEBD, NOJOUR_DEB, DEB_PERIO, NOJOUR_FIN, FIN_PERIO)  |     VALUES ('39', 3, '00:00', 4, '00:00')
[2026-05-08 10:01:08] [VERBOSE] SQL stmt 99 OK on table [B_PERI]
[2026-05-08 10:01:08] [VERBOSE][SQL] Run SQL stmt 100 on table [B_CAL]: IF NOT EXISTS (SELECT 1 FROM B_CAL WHERE NOCALHEBD='39') |     INSERT INTO B_CAL (NOCALHEBD, NOMCAL) VALUES ('39', 'Calendar Heat Treatm')
[2026-05-08 10:01:08] [VERBOSE] SQL stmt 100 OK on table [B_CAL]
[2026-05-08 10:01:08] [VERBOSE][SQL] Run SQL stmt 101 on table [B_PERI]: IF NOT EXISTS (SELECT 1 FROM B_PERI WHERE NOCALHEBD='39' AND NOJOUR_DEB=4 AND DEB_PERIO='00:00') |     INSERT INTO B_PERI (NOCALHEBD, NOJOUR_DEB, DEB_PERIO, NOJOUR_FIN, FIN_PERIO)  |     VALUES ('39', 4, '00:00', 5, '00:00')
[2026-05-08 10:01:08] [VERBOSE] SQL stmt 101 OK on table [B_PERI]
[2026-05-08 10:01:08] [VERBOSE][SQL] Run SQL stmt 102 on table [B_CAL]: IF NOT EXISTS (SELECT 1 FROM B_CAL WHERE NOCALHEBD='39') |     INSERT INTO B_CAL (NOCALHEBD, NOMCAL) VALUES ('39', 'Calendar Heat Treatm')
[2026-05-08 10:01:08] [VERBOSE] SQL stmt 102 OK on table [B_CAL]
[2026-05-08 10:01:08] [VERBOSE][SQL] Run SQL stmt 103 on table [B_PERI]: IF NOT EXISTS (SELECT 1 FROM B_PERI WHERE NOCALHEBD='39' AND NOJOUR_DEB=5 AND DEB_PERIO='00:00') |     INSERT INTO B_PERI (NOCALHEBD, NOJOUR_DEB, DEB_PERIO, NOJOUR_FIN, FIN_PERIO)  |     VALUES ('39', 5, '00:00', 6, '00:00')
[2026-05-08 10:01:08] [VERBOSE] SQL stmt 103 OK on table [B_PERI]
[2026-05-08 10:01:08] [VERBOSE][SQL] Run SQL stmt 104 on table [B_CAL]: IF NOT EXISTS (SELECT 1 FROM B_CAL WHERE NOCALHEBD='39') |     INSERT INTO B_CAL (NOCALHEBD, NOMCAL) VALUES ('39', 'Calendar Heat Treatm')
[2026-05-08 10:01:08] [VERBOSE] SQL stmt 104 OK on table [B_CAL]
[2026-05-08 10:01:08] [VERBOSE][SQL] Run SQL stmt 105 on table [B_PERI]: IF NOT EXISTS (SELECT 1 FROM B_PERI WHERE NOCALHEBD='39' AND NOJOUR_DEB=6 AND DEB_PERIO='00:00') |     INSERT INTO B_PERI (NOCALHEBD, NOJOUR_DEB, DEB_PERIO, NOJOUR_FIN, FIN_PERIO)  |     VALUES ('39', 6, '00:00', 6, '20:00')
[2026-05-08 10:01:08] [VERBOSE] SQL stmt 105 OK on table [B_PERI]
[2026-05-08 10:01:08] [VERBOSE][SQL] Run SQL stmt 106 on table [B_CAL]: IF NOT EXISTS (SELECT 1 FROM B_CAL WHERE NOCALHEBD='STD') |     INSERT INTO B_CAL (NOCALHEBD, NOMCAL) VALUES ('STD', 'Standard')
[2026-05-08 10:01:08] [VERBOSE] SQL stmt 106 OK on table [B_CAL]
[2026-05-08 10:01:08] [VERBOSE][SQL] Run SQL stmt 107 on table [B_PERI]: IF NOT EXISTS (SELECT 1 FROM B_PERI WHERE NOCALHEBD='STD' AND NOJOUR_DEB=1 AND DEB_PERIO='05:00') |     INSERT INTO B_PERI (NOCALHEBD, NOJOUR_DEB, DEB_PERIO, NOJOUR_FIN, FIN_PERIO)  |     VALUES ('STD', 1, '05:00', 1, '21:00')
[2026-05-08 10:01:08] [VERBOSE] SQL stmt 107 OK on table [B_PERI]
[2026-05-08 10:01:08] [VERBOSE][SQL] Run SQL stmt 108 on table [B_CAL]: IF NOT EXISTS (SELECT 1 FROM B_CAL WHERE NOCALHEBD='STD') |     INSERT INTO B_CAL (NOCALHEBD, NOMCAL) VALUES ('STD', 'Standard')
[2026-05-08 10:01:08] [VERBOSE] SQL stmt 108 OK on table [B_CAL]
[2026-05-08 10:01:08] [VERBOSE][SQL] Run SQL stmt 109 on table [B_PERI]: IF NOT EXISTS (SELECT 1 FROM B_PERI WHERE NOCALHEBD='STD' AND NOJOUR_DEB=2 AND DEB_PERIO='05:00') |     INSERT INTO B_PERI (NOCALHEBD, NOJOUR_DEB, DEB_PERIO, NOJOUR_FIN, FIN_PERIO)  |     VALUES ('STD', 2, '05:00', 2, '21:00')
[2026-05-08 10:01:08] [VERBOSE] SQL stmt 109 OK on table [B_PERI]
[2026-05-08 10:01:08] [VERBOSE][SQL] Run SQL stmt 110 on table [B_CAL]: IF NOT EXISTS (SELECT 1 FROM B_CAL WHERE NOCALHEBD='STD') |     INSERT INTO B_CAL (NOCALHEBD, NOMCAL) VALUES ('STD', 'Standard')
[2026-05-08 10:01:08] [VERBOSE] SQL stmt 110 OK on table [B_CAL]
[2026-05-08 10:01:08] [VERBOSE][SQL] Run SQL stmt 111 on table [B_PERI]: IF NOT EXISTS (SELECT 1 FROM B_PERI WHERE NOCALHEBD='STD' AND NOJOUR_DEB=3 AND DEB_PERIO='05:00') |     INSERT INTO B_PERI (NOCALHEBD, NOJOUR_DEB, DEB_PERIO, NOJOUR_FIN, FIN_PERIO)  |     VALUES ('STD', 3, '05:00', 3, '21:00')
[2026-05-08 10:01:08] [VERBOSE] SQL stmt 111 OK on table [B_PERI]
[2026-05-08 10:01:08] [VERBOSE][SQL] Run SQL stmt 112 on table [B_CAL]: IF NOT EXISTS (SELECT 1 FROM B_CAL WHERE NOCALHEBD='STD') |     INSERT INTO B_CAL (NOCALHEBD, NOMCAL) VALUES ('STD', 'Standard')
[2026-05-08 10:01:08] [VERBOSE] SQL stmt 112 OK on table [B_CAL]
[2026-05-08 10:01:08] [VERBOSE][SQL] Run SQL stmt 113 on table [B_PERI]: IF NOT EXISTS (SELECT 1 FROM B_PERI WHERE NOCALHEBD='STD' AND NOJOUR_DEB=4 AND DEB_PERIO='05:00') |     INSERT INTO B_PERI (NOCALHEBD, NOJOUR_DEB, DEB_PERIO, NOJOUR_FIN, FIN_PERIO)  |     VALUES ('STD', 4, '05:00', 4, '21:00')
[2026-05-08 10:01:08] [VERBOSE] SQL stmt 113 OK on table [B_PERI]
[2026-05-08 10:01:08] [VERBOSE][SQL] Run SQL stmt 114 on table [B_CAL]: IF NOT EXISTS (SELECT 1 FROM B_CAL WHERE NOCALHEBD='STD') |     INSERT INTO B_CAL (NOCALHEBD, NOMCAL) VALUES ('STD', 'Standard')
[2026-05-08 10:01:08] [VERBOSE] SQL stmt 114 OK on table [B_CAL]
[2026-05-08 10:01:08] [VERBOSE][SQL] Run SQL stmt 115 on table [B_PERI]: IF NOT EXISTS (SELECT 1 FROM B_PERI WHERE NOCALHEBD='STD' AND NOJOUR_DEB=5 AND DEB_PERIO='06:00') |     INSERT INTO B_PERI (NOCALHEBD, NOJOUR_DEB, DEB_PERIO, NOJOUR_FIN, FIN_PERIO)  |     VALUES ('STD', 5, '06:00', 5, '20:00')
[2026-05-08 10:01:08] [VERBOSE] SQL stmt 115 OK on table [B_PERI]
[2026-05-08 10:01:08] [VERBOSE][SQL] Run SQL stmt 116 on table [B_ZONE]: IF NOT EXISTS (SELECT 1 FROM B_ZONE WHERE NOZONE='2') |     INSERT INTO B_ZONE (NOZONE, LIBZONE) VALUES ('2', 'MACHINE WORKS')
[2026-05-08 10:01:08] [VERBOSE] SQL stmt 116 OK on table [B_ZONE]
[2026-05-08 10:01:08] [VERBOSE][SQL] Run SQL stmt 117 on table [B_ILOT]: IF NOT EXISTS (SELECT 1 FROM B_ILOT WHERE ILOT='ASSEMBLY') |     INSERT INTO B_ILOT (ILOT, LIBILOT, TYPEILOT) VALUES ('ASSEMBLY', 'QA', 2)
[2026-05-08 10:01:08] [VERBOSE] SQL stmt 117 OK on table [B_ILOT]
[2026-05-08 10:01:08] [VERBOSE][SQL] Run SQL stmt 118 on table [B_SECT]: IF NOT EXISTS (SELECT 1 FROM B_SECT WHERE CODESECTI='4') |     INSERT INTO B_SECT (CODESECTI, DESIGSECT) VALUES ('4', 'ASSEMBLY')
[2026-05-08 10:01:08] [VERBOSE] SQL stmt 118 OK on table [B_SECT]
[2026-05-08 10:01:08] [VERBOSE][SQL] Run SQL stmt 119 on table [B_MACH]: IF NOT EXISTS (SELECT 1 FROM B_MACH WHERE MACHINE='ASSEMBLY') |     INSERT INTO B_MACH (MACHINE, LIBMACH, ILOT, CODESECTI, NOZONE, MACH_MODEMACH, NOCALHEBD)  |     VALUES ('ASSEMBLY', 'QA', 'ASSEMBLY', '4', '2', 'NR', '38')
[2026-05-08 10:01:08] [VERBOSE] SQL stmt 119 OK on table [B_MACH]
[2026-05-08 10:01:08] [VERBOSE][SQL] Run SQL stmt 120 on table [B_ZONE]: IF NOT EXISTS (SELECT 1 FROM B_ZONE WHERE NOZONE='2') |     INSERT INTO B_ZONE (NOZONE, LIBZONE) VALUES ('2', 'MACHINE WORKS')
[2026-05-08 10:01:08] [VERBOSE] SQL stmt 120 OK on table [B_ZONE]
[2026-05-08 10:01:08] [VERBOSE][SQL] Run SQL stmt 121 on table [B_ILOT]: IF NOT EXISTS (SELECT 1 FROM B_ILOT WHERE ILOT='FURNACE') |     INSERT INTO B_ILOT (ILOT, LIBILOT, TYPEILOT) VALUES ('FURNACE', 'COATING & PAINTING', 2)
[2026-05-08 10:01:08] [VERBOSE] SQL stmt 121 OK on table [B_ILOT]
[2026-05-08 10:01:08] [VERBOSE][SQL] Run SQL stmt 122 on table [B_SECT]: IF NOT EXISTS (SELECT 1 FROM B_SECT WHERE CODESECTI='3') |     INSERT INTO B_SECT (CODESECTI, DESIGSECT) VALUES ('3', 'WARHEAD PRODUCTION')
[2026-05-08 10:01:08] [VERBOSE] SQL stmt 122 OK on table [B_SECT]
[2026-05-08 10:01:08] [VERBOSE][SQL] Run SQL stmt 123 on table [B_MACH]: IF NOT EXISTS (SELECT 1 FROM B_MACH WHERE MACHINE='FURNACE1') |     INSERT INTO B_MACH (MACHINE, LIBMACH, ILOT, CODESECTI, NOZONE, MACH_MODEMACH, NOCALHEBD)  |     VALUES ('FURNACE1', 'COATING STATION', 'FURNACE', '3', '2', 'BA', '39')
[2026-05-08 10:01:08] [VERBOSE] SQL stmt 123 OK on table [B_MACH]
[2026-05-08 10:01:08] [VERBOSE][SQL] Run SQL stmt 124 on table [B_ZONE]: IF NOT EXISTS (SELECT 1 FROM B_ZONE WHERE NOZONE='2') |     INSERT INTO B_ZONE (NOZONE, LIBZONE) VALUES ('2', 'MACHINE WORKS')
[2026-05-08 10:01:08] [VERBOSE] SQL stmt 124 OK on table [B_ZONE]
[2026-05-08 10:01:08] [VERBOSE][SQL] Run SQL stmt 125 on table [B_ILOT]: IF NOT EXISTS (SELECT 1 FROM B_ILOT WHERE ILOT='FURNACE') |     INSERT INTO B_ILOT (ILOT, LIBILOT, TYPEILOT) VALUES ('FURNACE', 'COATING & PAINTING', 2)
[2026-05-08 10:01:08] [VERBOSE] SQL stmt 125 OK on table [B_ILOT]
[2026-05-08 10:01:08] [VERBOSE][SQL] Run SQL stmt 126 on table [B_SECT]: IF NOT EXISTS (SELECT 1 FROM B_SECT WHERE CODESECTI='3') |     INSERT INTO B_SECT (CODESECTI, DESIGSECT) VALUES ('3', 'WARHEAD PRODUCTION')
[2026-05-08 10:01:08] [VERBOSE] SQL stmt 126 OK on table [B_SECT]
[2026-05-08 10:01:08] [VERBOSE][SQL] Run SQL stmt 127 on table [B_MACH]: IF NOT EXISTS (SELECT 1 FROM B_MACH WHERE MACHINE='FURNACE2') |     INSERT INTO B_MACH (MACHINE, LIBMACH, ILOT, CODESECTI, NOZONE, MACH_MODEMACH, NOCALHEBD)  |     VALUES ('FURNACE2', 'PAINTING STATION', 'FURNACE', '3', '2', 'BA', '39')
[2026-05-08 10:01:08] [VERBOSE] SQL stmt 127 OK on table [B_MACH]
[2026-05-08 10:01:08] [VERBOSE][SQL] Run SQL stmt 128 on table [B_ZONE]: IF NOT EXISTS (SELECT 1 FROM B_ZONE WHERE NOZONE='2') |     INSERT INTO B_ZONE (NOZONE, LIBZONE) VALUES ('2', 'MACHINE WORKS')
[2026-05-08 10:01:08] [VERBOSE] SQL stmt 128 OK on table [B_ZONE]
[2026-05-08 10:01:08] [VERBOSE][SQL] Run SQL stmt 129 on table [B_ILOT]: IF NOT EXISTS (SELECT 1 FROM B_ILOT WHERE ILOT='GRINDING') |     INSERT INTO B_ILOT (ILOT, LIBILOT, TYPEILOT) VALUES ('GRINDING', 'WATER JET', 2)
[2026-05-08 10:01:08] [VERBOSE] SQL stmt 129 OK on table [B_ILOT]
[2026-05-08 10:01:08] [VERBOSE][SQL] Run SQL stmt 130 on table [B_SECT]: IF NOT EXISTS (SELECT 1 FROM B_SECT WHERE CODESECTI='2') |     INSERT INTO B_SECT (CODESECTI, DESIGSECT) VALUES ('2', 'MACHINING SECTION')
[2026-05-08 10:01:08] [VERBOSE] SQL stmt 130 OK on table [B_SECT]
[2026-05-08 10:01:08] [VERBOSE][SQL] Run SQL stmt 131 on table [B_MACH]: IF NOT EXISTS (SELECT 1 FROM B_MACH WHERE MACHINE='GRINDING') |     INSERT INTO B_MACH (MACHINE, LIBMACH, ILOT, CODESECTI, NOZONE, MACH_MODEMACH, NOCALHEBD)  |     VALUES ('GRINDING', 'WATER JET', 'GRINDING', '2', '2', 'NR', '38')
[2026-05-08 10:01:08] [VERBOSE] SQL stmt 131 OK on table [B_MACH]
[2026-05-08 10:01:08] [VERBOSE][SQL] Run SQL stmt 132 on table [B_ZONE]: IF NOT EXISTS (SELECT 1 FROM B_ZONE WHERE NOZONE='2') |     INSERT INTO B_ZONE (NOZONE, LIBZONE) VALUES ('2', 'MACHINE WORKS')
[2026-05-08 10:01:08] [VERBOSE] SQL stmt 132 OK on table [B_ZONE]
[2026-05-08 10:01:08] [VERBOSE][SQL] Run SQL stmt 133 on table [B_ILOT]: IF NOT EXISTS (SELECT 1 FROM B_ILOT WHERE ILOT='MILLTURN') |     INSERT INTO B_ILOT (ILOT, LIBILOT, TYPEILOT) VALUES ('MILLTURN', 'CNC', 2)
[2026-05-08 10:01:08] [VERBOSE] SQL stmt 133 OK on table [B_ILOT]
[2026-05-08 10:01:08] [VERBOSE][SQL] Run SQL stmt 134 on table [B_SECT]: IF NOT EXISTS (SELECT 1 FROM B_SECT WHERE CODESECTI='2') |     INSERT INTO B_SECT (CODESECTI, DESIGSECT) VALUES ('2', 'MACHINING SECTION')
[2026-05-08 10:01:08] [VERBOSE] SQL stmt 134 OK on table [B_SECT]
[2026-05-08 10:01:08] [VERBOSE][SQL] Run SQL stmt 135 on table [B_MACH]: IF NOT EXISTS (SELECT 1 FROM B_MACH WHERE MACHINE='MILLTURN #1') |     INSERT INTO B_MACH (MACHINE, LIBMACH, ILOT, CODESECTI, NOZONE, MACH_MODEMACH, NOCALHEBD)  |     VALUES ('MILLTURN #1', 'MILLTURN #1', 'MILLTURN', '2', '2', 'NR', '38')
[2026-05-08 10:01:08] [VERBOSE] SQL stmt 135 OK on table [B_MACH]
[2026-05-08 10:01:08] [VERBOSE][SQL] Run SQL stmt 136 on table [B_ZONE]: IF NOT EXISTS (SELECT 1 FROM B_ZONE WHERE NOZONE='2') |     INSERT INTO B_ZONE (NOZONE, LIBZONE) VALUES ('2', 'MACHINE WORKS')
[2026-05-08 10:01:08] [VERBOSE] SQL stmt 136 OK on table [B_ZONE]
[2026-05-08 10:01:08] [VERBOSE][SQL] Run SQL stmt 137 on table [B_ILOT]: IF NOT EXISTS (SELECT 1 FROM B_ILOT WHERE ILOT='MILLTURN') |     INSERT INTO B_ILOT (ILOT, LIBILOT, TYPEILOT) VALUES ('MILLTURN', 'CNC', 2)
[2026-05-08 10:01:09] [VERBOSE] SQL stmt 137 OK on table [B_ILOT]
[2026-05-08 10:01:09] [VERBOSE][SQL] Run SQL stmt 138 on table [B_SECT]: IF NOT EXISTS (SELECT 1 FROM B_SECT WHERE CODESECTI='2') |     INSERT INTO B_SECT (CODESECTI, DESIGSECT) VALUES ('2', 'MACHINING SECTION')
[2026-05-08 10:01:09] [VERBOSE] SQL stmt 138 OK on table [B_SECT]
[2026-05-08 10:01:09] [VERBOSE][SQL] Run SQL stmt 139 on table [B_MACH]: IF NOT EXISTS (SELECT 1 FROM B_MACH WHERE MACHINE='MILLTURN #2') |     INSERT INTO B_MACH (MACHINE, LIBMACH, ILOT, CODESECTI, NOZONE, MACH_MODEMACH, NOCALHEBD)  |     VALUES ('MILLTURN #2', 'MILLTURN #2', 'MILLTURN', '2', '2', 'NR', '38')
[2026-05-08 10:01:09] [VERBOSE] SQL stmt 139 OK on table [B_MACH]
[2026-05-08 10:01:09] [VERBOSE][SQL] Run SQL stmt 140 on table [B_ZONE]: IF NOT EXISTS (SELECT 1 FROM B_ZONE WHERE NOZONE='2') |     INSERT INTO B_ZONE (NOZONE, LIBZONE) VALUES ('2', 'MACHINE WORKS')
[2026-05-08 10:01:09] [VERBOSE] SQL stmt 140 OK on table [B_ZONE]
[2026-05-08 10:01:09] [VERBOSE][SQL] Run SQL stmt 141 on table [B_ILOT]: IF NOT EXISTS (SELECT 1 FROM B_ILOT WHERE ILOT='MC') |     INSERT INTO B_ILOT (ILOT, LIBILOT, TYPEILOT) VALUES ('MC', 'SHEET METAL', 2)
[2026-05-08 10:01:09] [VERBOSE] SQL stmt 141 OK on table [B_ILOT]
[2026-05-08 10:01:09] [VERBOSE][SQL] Run SQL stmt 142 on table [B_SECT]: IF NOT EXISTS (SELECT 1 FROM B_SECT WHERE CODESECTI='2') |     INSERT INTO B_SECT (CODESECTI, DESIGSECT) VALUES ('2', 'MACHINING SECTION')
[2026-05-08 10:01:09] [VERBOSE] SQL stmt 142 OK on table [B_SECT]
[2026-05-08 10:01:09] [VERBOSE][SQL] Run SQL stmt 143 on table [B_MACH]: IF NOT EXISTS (SELECT 1 FROM B_MACH WHERE MACHINE='MC') |     INSERT INTO B_MACH (MACHINE, LIBMACH, ILOT, CODESECTI, NOZONE, MACH_MODEMACH, NOCALHEBD)  |     VALUES ('MC', 'SHEET METAL', 'MC', '2', '2', 'NR', '38')
[2026-05-08 10:01:09] [VERBOSE] SQL stmt 143 OK on table [B_MACH]
[2026-05-08 10:01:09] [VERBOSE][SQL] Run SQL stmt 144 on table [B_ZONE]: IF NOT EXISTS (SELECT 1 FROM B_ZONE WHERE NOZONE='2') |     INSERT INTO B_ZONE (NOZONE, LIBZONE) VALUES ('2', 'MACHINE WORKS')
[2026-05-08 10:01:09] [VERBOSE] SQL stmt 144 OK on table [B_ZONE]
[2026-05-08 10:01:09] [VERBOSE][SQL] Run SQL stmt 145 on table [B_ILOT]: IF NOT EXISTS (SELECT 1 FROM B_ILOT WHERE ILOT='MILLING') |     INSERT INTO B_ILOT (ILOT, LIBILOT, TYPEILOT) VALUES ('MILLING', 'ASSEMBLY', 2)
[2026-05-08 10:01:09] [VERBOSE] SQL stmt 145 OK on table [B_ILOT]
[2026-05-08 10:01:09] [VERBOSE][SQL] Run SQL stmt 146 on table [B_SECT]: IF NOT EXISTS (SELECT 1 FROM B_SECT WHERE CODESECTI='1') |     INSERT INTO B_SECT (CODESECTI, DESIGSECT) VALUES ('1', 'FORGING WORKS')
[2026-05-08 10:01:09] [VERBOSE] SQL stmt 146 OK on table [B_SECT]
[2026-05-08 10:01:09] [VERBOSE][SQL] Run SQL stmt 147 on table [B_MACH]: IF NOT EXISTS (SELECT 1 FROM B_MACH WHERE MACHINE='MILL #1') |     INSERT INTO B_MACH (MACHINE, LIBMACH, ILOT, CODESECTI, NOZONE, MACH_MODEMACH, NOCALHEBD)  |     VALUES ('MILL #1', 'PRIMARY ASSEMBLY', 'MILLING', '1', '2', 'NR', '38')
[2026-05-08 10:01:09] [VERBOSE] SQL stmt 147 OK on table [B_MACH]
[2026-05-08 10:01:09] [VERBOSE][SQL] Run SQL stmt 148 on table [B_ZONE]: IF NOT EXISTS (SELECT 1 FROM B_ZONE WHERE NOZONE='2') |     INSERT INTO B_ZONE (NOZONE, LIBZONE) VALUES ('2', 'MACHINE WORKS')
[2026-05-08 10:01:09] [VERBOSE] SQL stmt 148 OK on table [B_ZONE]
[2026-05-08 10:01:09] [VERBOSE][SQL] Run SQL stmt 149 on table [B_ILOT]: IF NOT EXISTS (SELECT 1 FROM B_ILOT WHERE ILOT='MILLING') |     INSERT INTO B_ILOT (ILOT, LIBILOT, TYPEILOT) VALUES ('MILLING', 'ASSEMBLY', 2)
[2026-05-08 10:01:09] [VERBOSE] SQL stmt 149 OK on table [B_ILOT]
[2026-05-08 10:01:09] [VERBOSE][SQL] Run SQL stmt 150 on table [B_SECT]: IF NOT EXISTS (SELECT 1 FROM B_SECT WHERE CODESECTI='2') |     INSERT INTO B_SECT (CODESECTI, DESIGSECT) VALUES ('2', 'MACHINING SECTION')
[2026-05-08 10:01:09] [VERBOSE] SQL stmt 150 OK on table [B_SECT]
[2026-05-08 10:01:09] [VERBOSE][SQL] Run SQL stmt 151 on table [B_MACH]: IF NOT EXISTS (SELECT 1 FROM B_MACH WHERE MACHINE='MILL #2') |     INSERT INTO B_MACH (MACHINE, LIBMACH, ILOT, CODESECTI, NOZONE, MACH_MODEMACH, NOCALHEBD)  |     VALUES ('MILL #2', 'WARHEAD ASSEMBLY', 'MILLING', '2', '2', 'NR', '38')
[2026-05-08 10:01:09] [VERBOSE] SQL stmt 151 OK on table [B_MACH]
[2026-05-08 10:01:09] [VERBOSE][SQL] Run SQL stmt 152 on table [B_ZONE]: IF NOT EXISTS (SELECT 1 FROM B_ZONE WHERE NOZONE='2') |     INSERT INTO B_ZONE (NOZONE, LIBZONE) VALUES ('2', 'MACHINE WORKS')
[2026-05-08 10:01:09] [VERBOSE] SQL stmt 152 OK on table [B_ZONE]
[2026-05-08 10:01:09] [VERBOSE][SQL] Run SQL stmt 153 on table [B_ILOT]: IF NOT EXISTS (SELECT 1 FROM B_ILOT WHERE ILOT='PACKAGING') |     INSERT INTO B_ILOT (ILOT, LIBILOT, TYPEILOT) VALUES ('PACKAGING', 'QA', 2)
[2026-05-08 10:01:09] [VERBOSE] SQL stmt 153 OK on table [B_ILOT]
[2026-05-08 10:01:09] [VERBOSE][SQL] Run SQL stmt 154 on table [B_SECT]: IF NOT EXISTS (SELECT 1 FROM B_SECT WHERE CODESECTI='4') |     INSERT INTO B_SECT (CODESECTI, DESIGSECT) VALUES ('4', 'ASSEMBLY')
[2026-05-08 10:01:09] [VERBOSE] SQL stmt 154 OK on table [B_SECT]
[2026-05-08 10:01:09] [VERBOSE][SQL] Run SQL stmt 155 on table [B_MACH]: IF NOT EXISTS (SELECT 1 FROM B_MACH WHERE MACHINE='PACKAGING') |     INSERT INTO B_MACH (MACHINE, LIBMACH, ILOT, CODESECTI, NOZONE, MACH_MODEMACH, NOCALHEBD)  |     VALUES ('PACKAGING', 'QA', 'PACKAGING', '4', '2', 'NR', '28')
[2026-05-08 10:01:09] [VERBOSE] SQL stmt 155 OK on table [B_MACH]
[2026-05-08 10:01:09] [VERBOSE][SQL] Run SQL stmt 156 on table [B_ZONE]: IF NOT EXISTS (SELECT 1 FROM B_ZONE WHERE NOZONE='DEFAULT') |     INSERT INTO B_ZONE (NOZONE, LIBZONE) VALUES ('DEFAULT', 'Default')
[2026-05-08 10:01:09] [VERBOSE] SQL stmt 156 OK on table [B_ZONE]
[2026-05-08 10:01:09] [VERBOSE][SQL] Run SQL stmt 157 on table [B_ILOT]: IF NOT EXISTS (SELECT 1 FROM B_ILOT WHERE ILOT='STAND-BY') |     INSERT INTO B_ILOT (ILOT, LIBILOT, TYPEILOT) VALUES ('STAND-BY', 'STAND-BY', 4)
[2026-05-08 10:01:09] [VERBOSE] SQL stmt 157 OK on table [B_ILOT]
[2026-05-08 10:01:09] [VERBOSE][SQL] Run SQL stmt 158 on table [B_SECT]: IF NOT EXISTS (SELECT 1 FROM B_SECT WHERE CODESECTI='') |     INSERT INTO B_SECT (CODESECTI, DESIGSECT) VALUES ('', '')
[2026-05-08 10:01:09] [VERBOSE] SQL stmt 158 OK on table [B_SECT]
[2026-05-08 10:01:09] [VERBOSE][SQL] Run SQL stmt 159 on table [B_MACH]: IF NOT EXISTS (SELECT 1 FROM B_MACH WHERE MACHINE='STAND-BY') |     INSERT INTO B_MACH (MACHINE, LIBMACH, ILOT, CODESECTI, NOZONE, MACH_MODEMACH, NOCALHEBD)  |     VALUES ('STAND-BY', 'STAND-BY', 'STAND-BY', '', 'DEFAULT', 'NR', '')
[2026-05-08 10:01:09] [VERBOSE] SQL stmt 159 OK on table [B_MACH]
[2026-05-08 10:01:09] [VERBOSE][SQL] Run SQL stmt 160 on table [B_ZONE]: IF NOT EXISTS (SELECT 1 FROM B_ZONE WHERE NOZONE='2') |     INSERT INTO B_ZONE (NOZONE, LIBZONE) VALUES ('2', 'MACHINE WORKS')
[2026-05-08 10:01:09] [VERBOSE] SQL stmt 160 OK on table [B_ZONE]
[2026-05-08 10:01:09] [VERBOSE][SQL] Run SQL stmt 161 on table [B_ILOT]: IF NOT EXISTS (SELECT 1 FROM B_ILOT WHERE ILOT='SCONT') |     INSERT INTO B_ILOT (ILOT, LIBILOT, TYPEILOT) VALUES ('SCONT', 'Sub-Contracting', 4)
[2026-05-08 10:01:09] [VERBOSE] SQL stmt 161 OK on table [B_ILOT]
[2026-05-08 10:01:09] [VERBOSE][SQL] Run SQL stmt 162 on table [B_SECT]: IF NOT EXISTS (SELECT 1 FROM B_SECT WHERE CODESECTI='5') |     INSERT INTO B_SECT (CODESECTI, DESIGSECT) VALUES ('5', 'SUB-CONTRACTING')
[2026-05-08 10:01:09] [VERBOSE] SQL stmt 162 OK on table [B_SECT]
[2026-05-08 10:01:10] [VERBOSE][SQL] Run SQL stmt 163 on table [B_MACH]: IF NOT EXISTS (SELECT 1 FROM B_MACH WHERE MACHINE='SUBCONT') |     INSERT INTO B_MACH (MACHINE, LIBMACH, ILOT, CODESECTI, NOZONE, MACH_MODEMACH, NOCALHEBD)  |     VALUES ('SUBCONT', 'Subcontract', 'SCONT', '5', '2', 'NR', '')
[2026-05-08 10:01:10] [VERBOSE] SQL stmt 163 OK on table [B_MACH]
[2026-05-08 10:01:10] [VERBOSE][SQL] Run SQL stmt 164 on table [B_OPE]: IF NOT EXISTS (SELECT 1 FROM B_OPE WHERE OPE='FINAL ASSEMBLY 0010') |     INSERT INTO B_OPE (OPE, LIBOP, ILOT, CODEBASET, UNITE, DURPREP, THM, INTERUPT) |     VALUES ('FINAL ASSEMBLY 0010', 'Pinion Assembly', 'ASSEMBLY', 100, 'C', 0, 0, 1)
[2026-05-08 10:01:10] [VERBOSE] SQL stmt 164 OK on table [B_OPE]
[2026-05-08 10:01:10] [VERBOSE][SQL] Run SQL stmt 165 on table [B_CADE]: IF NOT EXISTS (SELECT 1 FROM B_CADE WHERE OPE='FINAL ASSEMBLY 0010' AND MACHINE='ASSEMBLY') |     INSERT INTO B_CADE (OPE, MACHINE, ILOT, CADE_DURREAL, CADE_CODEBASET, CADE_UNITE) |     VALUES ('FINAL ASSEMBLY 0010', 'ASSEMBLY', 'ASSEMBLY', 250, 100, 'C')
[2026-05-08 10:01:10] [VERBOSE] SQL stmt 165 OK on table [B_CADE]
[2026-05-08 10:01:10] [VERBOSE][SQL] Run SQL stmt 166 on table [B_OPE]: IF NOT EXISTS (SELECT 1 FROM B_OPE WHERE OPE='FINAL ASSEMBLY 0030') |     INSERT INTO B_OPE (OPE, LIBOP, ILOT, CODEBASET, UNITE, DURPREP, THM, INTERUPT) |     VALUES ('FINAL ASSEMBLY 0030', 'Final Assembly', 'ASSEMBLY', 100, 'C', 0, 0, 1)
[2026-05-08 10:01:10] [VERBOSE] SQL stmt 166 OK on table [B_OPE]
[2026-05-08 10:01:10] [VERBOSE][SQL] Run SQL stmt 167 on table [B_CADE]: IF NOT EXISTS (SELECT 1 FROM B_CADE WHERE OPE='FINAL ASSEMBLY 0030' AND MACHINE='ASSEMBLY') |     INSERT INTO B_CADE (OPE, MACHINE, ILOT, CADE_DURREAL, CADE_CODEBASET, CADE_UNITE) |     VALUES ('FINAL ASSEMBLY 0030', 'ASSEMBLY', 'ASSEMBLY', 250, 100, 'C')
[2026-05-08 10:01:10] [VERBOSE] SQL stmt 167 OK on table [B_CADE]
[2026-05-08 10:01:10] [VERBOSE][SQL] Run SQL stmt 168 on table [B_OPE]: IF NOT EXISTS (SELECT 1 FROM B_OPE WHERE OPE='REDUCTION BOX ASSY  0010') |     INSERT INTO B_OPE (OPE, LIBOP, ILOT, CODEBASET, UNITE, DURPREP, THM, INTERUPT) |     VALUES ('REDUCTION BOX ASSY  0010', 'Assembly', 'ASSEMBLY', 100, 'C', 0, 0, 1)
[2026-05-08 10:01:10] [VERBOSE] SQL stmt 168 OK on table [B_OPE]
[2026-05-08 10:01:10] [VERBOSE][SQL] Run SQL stmt 169 on table [B_CADE]: IF NOT EXISTS (SELECT 1 FROM B_CADE WHERE OPE='REDUCTION BOX ASSY  0010' AND MACHINE='ASSEMBLY') |     INSERT INTO B_CADE (OPE, MACHINE, ILOT, CADE_DURREAL, CADE_CODEBASET, CADE_UNITE) |     VALUES ('REDUCTION BOX ASSY  0010', 'ASSEMBLY', 'ASSEMBLY', 250, 100, 'C')
[2026-05-08 10:01:10] [VERBOSE] SQL stmt 169 OK on table [B_CADE]
[2026-05-08 10:01:10] [VERBOSE][SQL] Run SQL stmt 170 on table [B_OPE]: IF NOT EXISTS (SELECT 1 FROM B_OPE WHERE OPE='SUB ASSEMBLY SHAFT  0010') |     INSERT INTO B_OPE (OPE, LIBOP, ILOT, CODEBASET, UNITE, DURPREP, THM, INTERUPT) |     VALUES ('SUB ASSEMBLY SHAFT  0010', 'Sub Assembly', 'ASSEMBLY', 100, 'C', 0, 0, 1)
[2026-05-08 10:01:10] [VERBOSE] SQL stmt 170 OK on table [B_OPE]
[2026-05-08 10:01:10] [VERBOSE][SQL] Run SQL stmt 171 on table [B_CADE]: IF NOT EXISTS (SELECT 1 FROM B_CADE WHERE OPE='SUB ASSEMBLY SHAFT  0010' AND MACHINE='ASSEMBLY') |     INSERT INTO B_CADE (OPE, MACHINE, ILOT, CADE_DURREAL, CADE_CODEBASET, CADE_UNITE) |     VALUES ('SUB ASSEMBLY SHAFT  0010', 'ASSEMBLY', 'ASSEMBLY', 250, 100, 'C')
[2026-05-08 10:01:10] [VERBOSE] SQL stmt 171 OK on table [B_CADE]
[2026-05-08 10:01:10] [VERBOSE][SQL] Run SQL stmt 172 on table [B_OPE]: IF NOT EXISTS (SELECT 1 FROM B_OPE WHERE OPE='HT 250C LARGE PIECE') |     INSERT INTO B_OPE (OPE, LIBOP, ILOT, CODEBASET, UNITE, DURPREP, THM, INTERUPT) |     VALUES ('HT 250C LARGE PIECE', 'HT 250C LP', 'FURNACE', 1, 'H', 0, 0, 0)
[2026-05-08 10:01:10] [VERBOSE] SQL stmt 172 OK on table [B_OPE]
[2026-05-08 10:01:10] [VERBOSE][SQL] Run SQL stmt 173 on table [B_CADE]: IF NOT EXISTS (SELECT 1 FROM B_CADE WHERE OPE='HT 250C LARGE PIECE' AND MACHINE='FURNACE1') |     INSERT INTO B_CADE (OPE, MACHINE, ILOT, CADE_DURREAL, CADE_CODEBASET, CADE_UNITE) |     VALUES ('HT 250C LARGE PIECE', 'FURNACE1', 'FURNACE', 16, 1, 'H')
[2026-05-08 10:01:10] [VERBOSE] SQL stmt 173 OK on table [B_CADE]
[2026-05-08 10:01:10] [VERBOSE][SQL] Run SQL stmt 174 on table [B_OPE]: IF NOT EXISTS (SELECT 1 FROM B_OPE WHERE OPE='HT 250C SMALL PIECE') |     INSERT INTO B_OPE (OPE, LIBOP, ILOT, CODEBASET, UNITE, DURPREP, THM, INTERUPT) |     VALUES ('HT 250C SMALL PIECE', 'HT 250C SP', 'FURNACE', 1, 'H', 0, 0, 0)
[2026-05-08 10:01:10] [VERBOSE] SQL stmt 174 OK on table [B_OPE]
[2026-05-08 10:01:10] [VERBOSE][SQL] Run SQL stmt 175 on table [B_CADE]: IF NOT EXISTS (SELECT 1 FROM B_CADE WHERE OPE='HT 250C SMALL PIECE' AND MACHINE='FURNACE1') |     INSERT INTO B_CADE (OPE, MACHINE, ILOT, CADE_DURREAL, CADE_CODEBASET, CADE_UNITE) |     VALUES ('HT 250C SMALL PIECE', 'FURNACE1', 'FURNACE', 12, 1, 'H')
[2026-05-08 10:01:10] [VERBOSE] SQL stmt 175 OK on table [B_CADE]
[2026-05-08 10:01:10] [VERBOSE][SQL] Run SQL stmt 176 on table [B_OPE]: IF NOT EXISTS (SELECT 1 FROM B_OPE WHERE OPE='HT 500C LARGE PIECE') |     INSERT INTO B_OPE (OPE, LIBOP, ILOT, CODEBASET, UNITE, DURPREP, THM, INTERUPT) |     VALUES ('HT 500C LARGE PIECE', 'HT 500C LP', 'FURNACE', 1, 'H', 0, 0, 0)
[2026-05-08 10:01:10] [VERBOSE] SQL stmt 176 OK on table [B_OPE]
[2026-05-08 10:01:10] [VERBOSE][SQL] Run SQL stmt 177 on table [B_CADE]: IF NOT EXISTS (SELECT 1 FROM B_CADE WHERE OPE='HT 500C LARGE PIECE' AND MACHINE='FURNACE1') |     INSERT INTO B_CADE (OPE, MACHINE, ILOT, CADE_DURREAL, CADE_CODEBASET, CADE_UNITE) |     VALUES ('HT 500C LARGE PIECE', 'FURNACE1', 'FURNACE', 20, 1, 'H')
[2026-05-08 10:01:10] [VERBOSE] SQL stmt 177 OK on table [B_CADE]
[2026-05-08 10:01:10] [VERBOSE][SQL] Run SQL stmt 178 on table [B_OPE]: IF NOT EXISTS (SELECT 1 FROM B_OPE WHERE OPE='HT 500C SMALL PIECE') |     INSERT INTO B_OPE (OPE, LIBOP, ILOT, CODEBASET, UNITE, DURPREP, THM, INTERUPT) |     VALUES ('HT 500C SMALL PIECE', 'HT 500C SP', 'FURNACE', 1, 'H', 0, 0, 0)
[2026-05-08 10:01:10] [VERBOSE] SQL stmt 178 OK on table [B_OPE]
[2026-05-08 10:01:10] [VERBOSE][SQL] Run SQL stmt 179 on table [B_CADE]: IF NOT EXISTS (SELECT 1 FROM B_CADE WHERE OPE='HT 500C SMALL PIECE' AND MACHINE='FURNACE1') |     INSERT INTO B_CADE (OPE, MACHINE, ILOT, CADE_DURREAL, CADE_CODEBASET, CADE_UNITE) |     VALUES ('HT 500C SMALL PIECE', 'FURNACE1', 'FURNACE', 16, 1, 'H')
[2026-05-08 10:01:10] [VERBOSE] SQL stmt 179 OK on table [B_CADE]
[2026-05-08 10:01:10] [VERBOSE][SQL] Run SQL stmt 180 on table [B_OPE]: IF NOT EXISTS (SELECT 1 FROM B_OPE WHERE OPE='SHAFT_BIS       0040') |     INSERT INTO B_OPE (OPE, LIBOP, ILOT, CODEBASET, UNITE, DURPREP, THM, INTERUPT) |     VALUES ('SHAFT_BIS       0040', 'HT 500C LP', 'FURNACE', 1, 'H', 0, 0, 0)
[2026-05-08 10:01:10] [VERBOSE] SQL stmt 180 OK on table [B_OPE]
[2026-05-08 10:01:10] [VERBOSE][SQL] Run SQL stmt 181 on table [B_CADE]: IF NOT EXISTS (SELECT 1 FROM B_CADE WHERE OPE='SHAFT_BIS       0040' AND MACHINE='FURNACE1') |     INSERT INTO B_CADE (OPE, MACHINE, ILOT, CADE_DURREAL, CADE_CODEBASET, CADE_UNITE) |     VALUES ('SHAFT_BIS       0040', 'FURNACE1', 'FURNACE', 20, 1, 'H')
[2026-05-08 10:01:10] [VERBOSE] SQL stmt 181 OK on table [B_CADE]
[2026-05-08 10:01:10] [VERBOSE][SQL] Run SQL stmt 182 on table [B_OPE]: IF NOT EXISTS (SELECT 1 FROM B_OPE WHERE OPE='PINION 0030') |     INSERT INTO B_OPE (OPE, LIBOP, ILOT, CODEBASET, UNITE, DURPREP, THM, INTERUPT) |     VALUES ('PINION 0030', 'Grinding', 'GRINDING', 100, 'C', 0, 0, 1)
[2026-05-08 10:01:10] [VERBOSE] SQL stmt 182 OK on table [B_OPE]
[2026-05-08 10:01:10] [VERBOSE][SQL] Run SQL stmt 183 on table [B_CADE]: IF NOT EXISTS (SELECT 1 FROM B_CADE WHERE OPE='PINION 0030' AND MACHINE='GRINDING') |     INSERT INTO B_CADE (OPE, MACHINE, ILOT, CADE_DURREAL, CADE_CODEBASET, CADE_UNITE) |     VALUES ('PINION 0030', 'GRINDING', 'GRINDING', 200, 100, 'C')
[2026-05-08 10:01:10] [VERBOSE] SQL stmt 183 OK on table [B_CADE]
[2026-05-08 10:01:10] [VERBOSE][SQL] Run SQL stmt 184 on table [B_OPE]: IF NOT EXISTS (SELECT 1 FROM B_OPE WHERE OPE='REDUCTION BOX 0020') |     INSERT INTO B_OPE (OPE, LIBOP, ILOT, CODEBASET, UNITE, DURPREP, THM, INTERUPT) |     VALUES ('REDUCTION BOX 0020', 'Grinding', 'GRINDING', 100, 'C', 0, 0, 1)
[2026-05-08 10:01:10] [VERBOSE] SQL stmt 184 OK on table [B_OPE]
[2026-05-08 10:01:10] [VERBOSE][SQL] Run SQL stmt 185 on table [B_CADE]: IF NOT EXISTS (SELECT 1 FROM B_CADE WHERE OPE='REDUCTION BOX 0020' AND MACHINE='GRINDING') |     INSERT INTO B_CADE (OPE, MACHINE, ILOT, CADE_DURREAL, CADE_CODEBASET, CADE_UNITE) |     VALUES ('REDUCTION BOX 0020', 'GRINDING', 'GRINDING', 200, 100, 'C')
[2026-05-08 10:01:10] [VERBOSE] SQL stmt 185 OK on table [B_CADE]
[2026-05-08 10:01:10] [VERBOSE][SQL] Run SQL stmt 186 on table [B_OPE]: IF NOT EXISTS (SELECT 1 FROM B_OPE WHERE OPE='SHAFT 0060') |     INSERT INTO B_OPE (OPE, LIBOP, ILOT, CODEBASET, UNITE, DURPREP, THM, INTERUPT) |     VALUES ('SHAFT 0060', 'Grinding', 'GRINDING', 100, 'C', 0, 0, 1)
[2026-05-08 10:01:10] [VERBOSE] SQL stmt 186 OK on table [B_OPE]
[2026-05-08 10:01:10] [VERBOSE][SQL] Run SQL stmt 187 on table [B_CADE]: IF NOT EXISTS (SELECT 1 FROM B_CADE WHERE OPE='SHAFT 0060' AND MACHINE='GRINDING') |     INSERT INTO B_CADE (OPE, MACHINE, ILOT, CADE_DURREAL, CADE_CODEBASET, CADE_UNITE) |     VALUES ('SHAFT 0060', 'GRINDING', 'GRINDING', 200, 100, 'C')
[2026-05-08 10:01:10] [VERBOSE] SQL stmt 187 OK on table [B_CADE]
[2026-05-08 10:01:10] [VERBOSE][SQL] Run SQL stmt 188 on table [B_OPE]: IF NOT EXISTS (SELECT 1 FROM B_OPE WHERE OPE='SHAFT_BIS       0060') |     INSERT INTO B_OPE (OPE, LIBOP, ILOT, CODEBASET, UNITE, DURPREP, THM, INTERUPT) |     VALUES ('SHAFT_BIS       0060', 'Grinding', 'GRINDING', 100, 'C', 0, 0, 1)
[2026-05-08 10:01:10] [VERBOSE] SQL stmt 188 OK on table [B_OPE]
[2026-05-08 10:01:10] [VERBOSE][SQL] Run SQL stmt 189 on table [B_CADE]: IF NOT EXISTS (SELECT 1 FROM B_CADE WHERE OPE='SHAFT_BIS       0060' AND MACHINE='GRINDING') |     INSERT INTO B_CADE (OPE, MACHINE, ILOT, CADE_DURREAL, CADE_CODEBASET, CADE_UNITE) |     VALUES ('SHAFT_BIS       0060', 'GRINDING', 'GRINDING', 200, 100, 'C')
[2026-05-08 10:01:10] [VERBOSE] SQL stmt 189 OK on table [B_CADE]
[2026-05-08 10:01:10] [VERBOSE][SQL] Run SQL stmt 190 on table [B_OPE]: IF NOT EXISTS (SELECT 1 FROM B_OPE WHERE OPE='TOOTHED RING 0040') |     INSERT INTO B_OPE (OPE, LIBOP, ILOT, CODEBASET, UNITE, DURPREP, THM, INTERUPT) |     VALUES ('TOOTHED RING 0040', 'Grinding', 'GRINDING', 100, 'C', 0, 0, 1)
[2026-05-08 10:01:10] [VERBOSE] SQL stmt 190 OK on table [B_OPE]
[2026-05-08 10:01:11] [VERBOSE][SQL] Run SQL stmt 191 on table [B_CADE]: IF NOT EXISTS (SELECT 1 FROM B_CADE WHERE OPE='TOOTHED RING 0040' AND MACHINE='GRINDING') |     INSERT INTO B_CADE (OPE, MACHINE, ILOT, CADE_DURREAL, CADE_CODEBASET, CADE_UNITE) |     VALUES ('TOOTHED RING 0040', 'GRINDING', 'GRINDING', 200, 100, 'C')
[2026-05-08 10:01:11] [VERBOSE] SQL stmt 191 OK on table [B_CADE]
[2026-05-08 10:01:11] [VERBOSE][SQL] Run SQL stmt 192 on table [B_OPE]: IF NOT EXISTS (SELECT 1 FROM B_OPE WHERE OPE='PINION 0010') |     INSERT INTO B_OPE (OPE, LIBOP, ILOT, CODEBASET, UNITE, DURPREP, THM, INTERUPT) |     VALUES ('PINION 0010', 'Lathing', 'ASSEMBLY', 100, 'C', 0, 0, 1)
[2026-05-08 10:01:11] [VERBOSE] SQL stmt 192 OK on table [B_OPE]
[2026-05-08 10:01:11] [VERBOSE][SQL] Run SQL stmt 193 on table [B_CADE]: IF NOT EXISTS (SELECT 1 FROM B_CADE WHERE OPE='PINION 0010' AND MACHINE='ASSEMBLY') |     INSERT INTO B_CADE (OPE, MACHINE, ILOT, CADE_DURREAL, CADE_CODEBASET, CADE_UNITE) |     VALUES ('PINION 0010', 'ASSEMBLY', 'ASSEMBLY', 250, 100, 'C')
[2026-05-08 10:01:11] [VERBOSE] SQL stmt 193 OK on table [B_CADE]
[2026-05-08 10:01:11] [VERBOSE][SQL] Run SQL stmt 194 on table [B_OPE]: IF NOT EXISTS (SELECT 1 FROM B_OPE WHERE OPE='SHAFT 0010') |     INSERT INTO B_OPE (OPE, LIBOP, ILOT, CODEBASET, UNITE, DURPREP, THM, INTERUPT) |     VALUES ('SHAFT 0010', 'Lathing', 'ASSEMBLY', 100, 'C', 0, 0, 1)
[2026-05-08 10:01:11] [VERBOSE] SQL stmt 194 OK on table [B_OPE]
[2026-05-08 10:01:11] [VERBOSE][SQL] Run SQL stmt 195 on table [B_CADE]: IF NOT EXISTS (SELECT 1 FROM B_CADE WHERE OPE='SHAFT 0010' AND MACHINE='ASSEMBLY') |     INSERT INTO B_CADE (OPE, MACHINE, ILOT, CADE_DURREAL, CADE_CODEBASET, CADE_UNITE) |     VALUES ('SHAFT 0010', 'ASSEMBLY', 'ASSEMBLY', 250, 100, 'C')
[2026-05-08 10:01:11] [VERBOSE] SQL stmt 195 OK on table [B_CADE]
[2026-05-08 10:01:11] [VERBOSE][SQL] Run SQL stmt 196 on table [B_OPE]: IF NOT EXISTS (SELECT 1 FROM B_OPE WHERE OPE='SHAFT 0050') |     INSERT INTO B_OPE (OPE, LIBOP, ILOT, CODEBASET, UNITE, DURPREP, THM, INTERUPT) |     VALUES ('SHAFT 0050', 'Final Lathe', 'MILLTURN', 100, 'C', 0, 0, 1)
[2026-05-08 10:01:11] [VERBOSE] SQL stmt 196 OK on table [B_OPE]
[2026-05-08 10:01:11] [VERBOSE][SQL] Run SQL stmt 197 on table [B_CADE]: IF NOT EXISTS (SELECT 1 FROM B_CADE WHERE OPE='SHAFT 0050' AND MACHINE='MILLTURN #1') |     INSERT INTO B_CADE (OPE, MACHINE, ILOT, CADE_DURREAL, CADE_CODEBASET, CADE_UNITE) |     VALUES ('SHAFT 0050', 'MILLTURN #1', 'MILLTURN', 250, 100, 'C')
[2026-05-08 10:01:11] [VERBOSE] SQL stmt 197 OK on table [B_CADE]
[2026-05-08 10:01:11] [VERBOSE][SQL] Run SQL stmt 198 on table [B_OPE]: IF NOT EXISTS (SELECT 1 FROM B_OPE WHERE OPE='SHAFT_BIS       0010') |     INSERT INTO B_OPE (OPE, LIBOP, ILOT, CODEBASET, UNITE, DURPREP, THM, INTERUPT) |     VALUES ('SHAFT_BIS       0010', 'Lathing', 'MILLTURN', 100, 'C', 0, 0, 1)
[2026-05-08 10:01:11] [VERBOSE] SQL stmt 198 OK on table [B_OPE]
[2026-05-08 10:01:11] [VERBOSE][SQL] Run SQL stmt 199 on table [B_CADE]: IF NOT EXISTS (SELECT 1 FROM B_CADE WHERE OPE='SHAFT_BIS       0010' AND MACHINE='MILLTURN #1') |     INSERT INTO B_CADE (OPE, MACHINE, ILOT, CADE_DURREAL, CADE_CODEBASET, CADE_UNITE) |     VALUES ('SHAFT_BIS       0010', 'MILLTURN #1', 'MILLTURN', 250, 100, 'C')
[2026-05-08 10:01:11] [VERBOSE] SQL stmt 199 OK on table [B_CADE]
[2026-05-08 10:01:11] [VERBOSE][SQL] Run SQL stmt 200 on table [B_OPE]: IF NOT EXISTS (SELECT 1 FROM B_OPE WHERE OPE='SHAFT_BIS       0050') |     INSERT INTO B_OPE (OPE, LIBOP, ILOT, CODEBASET, UNITE, DURPREP, THM, INTERUPT) |     VALUES ('SHAFT_BIS       0050', 'Final Lathe', 'MILLTURN', 100, 'C', 0, 0, 1)
[2026-05-08 10:01:11] [VERBOSE] SQL stmt 200 OK on table [B_OPE]
[2026-05-08 10:01:11] [VERBOSE][SQL] Run SQL stmt 201 on table [B_CADE]: IF NOT EXISTS (SELECT 1 FROM B_CADE WHERE OPE='SHAFT_BIS       0050' AND MACHINE='MILLTURN #1') |     INSERT INTO B_CADE (OPE, MACHINE, ILOT, CADE_DURREAL, CADE_CODEBASET, CADE_UNITE) |     VALUES ('SHAFT_BIS       0050', 'MILLTURN #1', 'MILLTURN', 250, 100, 'C')
[2026-05-08 10:01:11] [VERBOSE] SQL stmt 201 OK on table [B_CADE]
[2026-05-08 10:01:11] [VERBOSE][SQL] Run SQL stmt 202 on table [B_OPE]: IF NOT EXISTS (SELECT 1 FROM B_OPE WHERE OPE='TOOTHED RING 0020') |     INSERT INTO B_OPE (OPE, LIBOP, ILOT, CODEBASET, UNITE, DURPREP, THM, INTERUPT) |     VALUES ('TOOTHED RING 0020', 'Lathing', 'MILLTURN', 100, 'C', 0, 0, 1)
[2026-05-08 10:01:11] [VERBOSE] SQL stmt 202 OK on table [B_OPE]
[2026-05-08 10:01:11] [VERBOSE][SQL] Run SQL stmt 203 on table [B_CADE]: IF NOT EXISTS (SELECT 1 FROM B_CADE WHERE OPE='TOOTHED RING 0020' AND MACHINE='MILLTURN #1') |     INSERT INTO B_CADE (OPE, MACHINE, ILOT, CADE_DURREAL, CADE_CODEBASET, CADE_UNITE) |     VALUES ('TOOTHED RING 0020', 'MILLTURN #1', 'MILLTURN', 250, 100, 'C')
[2026-05-08 10:01:11] [VERBOSE] SQL stmt 203 OK on table [B_CADE]
[2026-05-08 10:01:11] [VERBOSE][SQL] Run SQL stmt 204 on table [B_OPE]: IF NOT EXISTS (SELECT 1 FROM B_OPE WHERE OPE='FINAL ASSEMBLY 0020') |     INSERT INTO B_OPE (OPE, LIBOP, ILOT, CODEBASET, UNITE, DURPREP, THM, INTERUPT) |     VALUES ('FINAL ASSEMBLY 0020', 'Drilling', 'MC', 100, 'C', 0, 0, 1)
[2026-05-08 10:01:11] [VERBOSE] SQL stmt 204 OK on table [B_OPE]
[2026-05-08 10:01:11] [VERBOSE][SQL] Run SQL stmt 205 on table [B_CADE]: IF NOT EXISTS (SELECT 1 FROM B_CADE WHERE OPE='FINAL ASSEMBLY 0020' AND MACHINE='MC') |     INSERT INTO B_CADE (OPE, MACHINE, ILOT, CADE_DURREAL, CADE_CODEBASET, CADE_UNITE) |     VALUES ('FINAL ASSEMBLY 0020', 'MC', 'MC', 200, 100, 'C')
[2026-05-08 10:01:11] [VERBOSE] SQL stmt 205 OK on table [B_CADE]
[2026-05-08 10:01:11] [VERBOSE][SQL] Run SQL stmt 206 on table [B_OPE]: IF NOT EXISTS (SELECT 1 FROM B_OPE WHERE OPE='PINION ALTERNATE') |     INSERT INTO B_OPE (OPE, LIBOP, ILOT, CODEBASET, UNITE, DURPREP, THM, INTERUPT) |     VALUES ('PINION ALTERNATE', 'Lathing', 'MC', 100, 'C', 0, 0, 1)
[2026-05-08 10:01:11] [VERBOSE] SQL stmt 206 OK on table [B_OPE]
[2026-05-08 10:01:11] [VERBOSE][SQL] Run SQL stmt 207 on table [B_CADE]: IF NOT EXISTS (SELECT 1 FROM B_CADE WHERE OPE='PINION ALTERNATE' AND MACHINE='MC') |     INSERT INTO B_CADE (OPE, MACHINE, ILOT, CADE_DURREAL, CADE_CODEBASET, CADE_UNITE) |     VALUES ('PINION ALTERNATE', 'MC', 'MC', 200, 100, 'C')
[2026-05-08 10:01:11] [VERBOSE] SQL stmt 207 OK on table [B_CADE]
[2026-05-08 10:01:11] [VERBOSE][SQL] Run SQL stmt 208 on table [B_OPE]: IF NOT EXISTS (SELECT 1 FROM B_OPE WHERE OPE='REDUCTION BOX 0030') |     INSERT INTO B_OPE (OPE, LIBOP, ILOT, CODEBASET, UNITE, DURPREP, THM, INTERUPT) |     VALUES ('REDUCTION BOX 0030', 'Lathing', 'MC', 100, 'C', 0, 0, 1)
[2026-05-08 10:01:11] [VERBOSE] SQL stmt 208 OK on table [B_OPE]
[2026-05-08 10:01:11] [VERBOSE][SQL] Run SQL stmt 209 on table [B_CADE]: IF NOT EXISTS (SELECT 1 FROM B_CADE WHERE OPE='REDUCTION BOX 0030' AND MACHINE='MC') |     INSERT INTO B_CADE (OPE, MACHINE, ILOT, CADE_DURREAL, CADE_CODEBASET, CADE_UNITE) |     VALUES ('REDUCTION BOX 0030', 'MC', 'MC', 200, 100, 'C')
[2026-05-08 10:01:11] [VERBOSE] SQL stmt 209 OK on table [B_CADE]
[2026-05-08 10:01:11] [VERBOSE][SQL] Run SQL stmt 210 on table [B_OPE]: IF NOT EXISTS (SELECT 1 FROM B_OPE WHERE OPE='REDUCTION BOX ASSY  0020') |     INSERT INTO B_OPE (OPE, LIBOP, ILOT, CODEBASET, UNITE, DURPREP, THM, INTERUPT) |     VALUES ('REDUCTION BOX ASSY  0020', 'Drilling', 'MC', 100, 'C', 0, 0, 1)
[2026-05-08 10:01:11] [VERBOSE] SQL stmt 210 OK on table [B_OPE]
[2026-05-08 10:01:11] [VERBOSE][SQL] Run SQL stmt 211 on table [B_CADE]: IF NOT EXISTS (SELECT 1 FROM B_CADE WHERE OPE='REDUCTION BOX ASSY  0020' AND MACHINE='MC') |     INSERT INTO B_CADE (OPE, MACHINE, ILOT, CADE_DURREAL, CADE_CODEBASET, CADE_UNITE) |     VALUES ('REDUCTION BOX ASSY  0020', 'MC', 'MC', 200, 100, 'C')
[2026-05-08 10:01:11] [VERBOSE] SQL stmt 211 OK on table [B_CADE]
[2026-05-08 10:01:11] [VERBOSE][SQL] Run SQL stmt 212 on table [B_OPE]: IF NOT EXISTS (SELECT 1 FROM B_OPE WHERE OPE='SHAFT 0030') |     INSERT INTO B_OPE (OPE, LIBOP, ILOT, CODEBASET, UNITE, DURPREP, THM, INTERUPT) |     VALUES ('SHAFT 0030', 'Drilling', 'MC', 100, 'C', 0, 0, 1)
[2026-05-08 10:01:11] [VERBOSE] SQL stmt 212 OK on table [B_OPE]
[2026-05-08 10:01:11] [VERBOSE][SQL] Run SQL stmt 213 on table [B_CADE]: IF NOT EXISTS (SELECT 1 FROM B_CADE WHERE OPE='SHAFT 0030' AND MACHINE='MC') |     INSERT INTO B_CADE (OPE, MACHINE, ILOT, CADE_DURREAL, CADE_CODEBASET, CADE_UNITE) |     VALUES ('SHAFT 0030', 'MC', 'MC', 200, 100, 'C')
[2026-05-08 10:01:11] [VERBOSE] SQL stmt 213 OK on table [B_CADE]
[2026-05-08 10:01:11] [VERBOSE][SQL] Run SQL stmt 214 on table [B_OPE]: IF NOT EXISTS (SELECT 1 FROM B_OPE WHERE OPE='SHAFT_BIS       0030') |     INSERT INTO B_OPE (OPE, LIBOP, ILOT, CODEBASET, UNITE, DURPREP, THM, INTERUPT) |     VALUES ('SHAFT_BIS       0030', 'Drilling', 'MC', 100, 'C', 0, 0, 1)
[2026-05-08 10:01:11] [VERBOSE] SQL stmt 214 OK on table [B_OPE]
[2026-05-08 10:01:11] [VERBOSE][SQL] Run SQL stmt 215 on table [B_CADE]: IF NOT EXISTS (SELECT 1 FROM B_CADE WHERE OPE='SHAFT_BIS       0030' AND MACHINE='MC') |     INSERT INTO B_CADE (OPE, MACHINE, ILOT, CADE_DURREAL, CADE_CODEBASET, CADE_UNITE) |     VALUES ('SHAFT_BIS       0030', 'MC', 'MC', 200, 100, 'C')
[2026-05-08 10:01:11] [VERBOSE] SQL stmt 215 OK on table [B_CADE]
[2026-05-08 10:01:11] [VERBOSE][SQL] Run SQL stmt 216 on table [B_OPE]: IF NOT EXISTS (SELECT 1 FROM B_OPE WHERE OPE='TOOTHED RING 0010') |     INSERT INTO B_OPE (OPE, LIBOP, ILOT, CODEBASET, UNITE, DURPREP, THM, INTERUPT) |     VALUES ('TOOTHED RING 0010', 'Drilling', 'MC', 100, 'C', 0, 0, 1)
[2026-05-08 10:01:11] [VERBOSE] SQL stmt 216 OK on table [B_OPE]
[2026-05-08 10:01:11] [VERBOSE][SQL] Run SQL stmt 217 on table [B_CADE]: IF NOT EXISTS (SELECT 1 FROM B_CADE WHERE OPE='TOOTHED RING 0010' AND MACHINE='MC') |     INSERT INTO B_CADE (OPE, MACHINE, ILOT, CADE_DURREAL, CADE_CODEBASET, CADE_UNITE) |     VALUES ('TOOTHED RING 0010', 'MC', 'MC', 200, 100, 'C')
[2026-05-08 10:01:11] [VERBOSE] SQL stmt 217 OK on table [B_CADE]
[2026-05-08 10:01:11] [VERBOSE][SQL] Run SQL stmt 218 on table [B_OPE]: IF NOT EXISTS (SELECT 1 FROM B_OPE WHERE OPE='PINION 0020') |     INSERT INTO B_OPE (OPE, LIBOP, ILOT, CODEBASET, UNITE, DURPREP, THM, INTERUPT) |     VALUES ('PINION 0020', 'Milling', 'MILLING', 100, 'C', 0, 0, 1)
[2026-05-08 10:01:11] [VERBOSE] SQL stmt 218 OK on table [B_OPE]
[2026-05-08 10:01:11] [VERBOSE][SQL] Run SQL stmt 219 on table [B_CADE]: IF NOT EXISTS (SELECT 1 FROM B_CADE WHERE OPE='PINION 0020' AND MACHINE='MILL #1') |     INSERT INTO B_CADE (OPE, MACHINE, ILOT, CADE_DURREAL, CADE_CODEBASET, CADE_UNITE) |     VALUES ('PINION 0020', 'MILL #1', 'MILLING', 280, 100, 'C')
[2026-05-08 10:01:11] [VERBOSE] SQL stmt 219 OK on table [B_CADE]
[2026-05-08 10:01:11] [VERBOSE][SQL] Run SQL stmt 220 on table [B_OPE]: IF NOT EXISTS (SELECT 1 FROM B_OPE WHERE OPE='REDUCTION BOX 0040') |     INSERT INTO B_OPE (OPE, LIBOP, ILOT, CODEBASET, UNITE, DURPREP, THM, INTERUPT) |     VALUES ('REDUCTION BOX 0040', 'Milling', 'MILLING', 100, 'C', 0, 0, 1)
[2026-05-08 10:01:11] [VERBOSE] SQL stmt 220 OK on table [B_OPE]
[2026-05-08 10:01:11] [VERBOSE][SQL] Run SQL stmt 221 on table [B_CADE]: IF NOT EXISTS (SELECT 1 FROM B_CADE WHERE OPE='REDUCTION BOX 0040' AND MACHINE='MILL #1') |     INSERT INTO B_CADE (OPE, MACHINE, ILOT, CADE_DURREAL, CADE_CODEBASET, CADE_UNITE) |     VALUES ('REDUCTION BOX 0040', 'MILL #1', 'MILLING', 280, 100, 'C')
[2026-05-08 10:01:11] [VERBOSE] SQL stmt 221 OK on table [B_CADE]
[2026-05-08 10:01:11] [VERBOSE][SQL] Run SQL stmt 222 on table [B_OPE]: IF NOT EXISTS (SELECT 1 FROM B_OPE WHERE OPE='SHAFT 0020') |     INSERT INTO B_OPE (OPE, LIBOP, ILOT, CODEBASET, UNITE, DURPREP, THM, INTERUPT) |     VALUES ('SHAFT 0020', 'Milling', 'MILLING', 100, 'C', 0, 0, 1)
[2026-05-08 10:01:11] [VERBOSE] SQL stmt 222 OK on table [B_OPE]
[2026-05-08 10:01:12] [VERBOSE][SQL] Run SQL stmt 223 on table [B_CADE]: IF NOT EXISTS (SELECT 1 FROM B_CADE WHERE OPE='SHAFT 0020' AND MACHINE='MILL #1') |     INSERT INTO B_CADE (OPE, MACHINE, ILOT, CADE_DURREAL, CADE_CODEBASET, CADE_UNITE) |     VALUES ('SHAFT 0020', 'MILL #1', 'MILLING', 280, 100, 'C')
[2026-05-08 10:01:12] [VERBOSE] SQL stmt 223 OK on table [B_CADE]
[2026-05-08 10:01:12] [VERBOSE][SQL] Run SQL stmt 224 on table [B_OPE]: IF NOT EXISTS (SELECT 1 FROM B_OPE WHERE OPE='SHAFT_BIS       0020') |     INSERT INTO B_OPE (OPE, LIBOP, ILOT, CODEBASET, UNITE, DURPREP, THM, INTERUPT) |     VALUES ('SHAFT_BIS       0020', 'Milling', 'MILLING', 100, 'C', 0, 0, 1)
[2026-05-08 10:01:12] [VERBOSE] SQL stmt 224 OK on table [B_OPE]
[2026-05-08 10:01:12] [VERBOSE][SQL] Run SQL stmt 225 on table [B_CADE]: IF NOT EXISTS (SELECT 1 FROM B_CADE WHERE OPE='SHAFT_BIS       0020' AND MACHINE='MILL #1') |     INSERT INTO B_CADE (OPE, MACHINE, ILOT, CADE_DURREAL, CADE_CODEBASET, CADE_UNITE) |     VALUES ('SHAFT_BIS       0020', 'MILL #1', 'MILLING', 280, 100, 'C')
[2026-05-08 10:01:12] [VERBOSE] SQL stmt 225 OK on table [B_CADE]
[2026-05-08 10:01:12] [VERBOSE][SQL] Run SQL stmt 226 on table [B_OPE]: IF NOT EXISTS (SELECT 1 FROM B_OPE WHERE OPE='SUB ASSEMBLY SHAFT  0020') |     INSERT INTO B_OPE (OPE, LIBOP, ILOT, CODEBASET, UNITE, DURPREP, THM, INTERUPT) |     VALUES ('SUB ASSEMBLY SHAFT  0020', 'Milling', 'MILLING', 100, 'C', 0, 0, 1)
[2026-05-08 10:01:12] [VERBOSE] SQL stmt 226 OK on table [B_OPE]
[2026-05-08 10:01:12] [VERBOSE][SQL] Run SQL stmt 227 on table [B_CADE]: IF NOT EXISTS (SELECT 1 FROM B_CADE WHERE OPE='SUB ASSEMBLY SHAFT  0020' AND MACHINE='MILL #1') |     INSERT INTO B_CADE (OPE, MACHINE, ILOT, CADE_DURREAL, CADE_CODEBASET, CADE_UNITE) |     VALUES ('SUB ASSEMBLY SHAFT  0020', 'MILL #1', 'MILLING', 280, 100, 'C')
[2026-05-08 10:01:12] [VERBOSE] SQL stmt 227 OK on table [B_CADE]
[2026-05-08 10:01:12] [VERBOSE][SQL] Run SQL stmt 228 on table [B_OPE]: IF NOT EXISTS (SELECT 1 FROM B_OPE WHERE OPE='TOOTHED RING 0030') |     INSERT INTO B_OPE (OPE, LIBOP, ILOT, CODEBASET, UNITE, DURPREP, THM, INTERUPT) |     VALUES ('TOOTHED RING 0030', 'Milling', 'MILLING', 100, 'C', 0, 0, 1)
[2026-05-08 10:01:12] [VERBOSE] SQL stmt 228 OK on table [B_OPE]
[2026-05-08 10:01:12] [VERBOSE][SQL] Run SQL stmt 229 on table [B_CADE]: IF NOT EXISTS (SELECT 1 FROM B_CADE WHERE OPE='TOOTHED RING 0030' AND MACHINE='MILL #1') |     INSERT INTO B_CADE (OPE, MACHINE, ILOT, CADE_DURREAL, CADE_CODEBASET, CADE_UNITE) |     VALUES ('TOOTHED RING 0030', 'MILL #1', 'MILLING', 280, 100, 'C')
[2026-05-08 10:01:12] [VERBOSE] SQL stmt 229 OK on table [B_CADE]
[2026-05-08 10:01:12] [VERBOSE][SQL] Run SQL stmt 230 on table [B_OPE]: IF NOT EXISTS (SELECT 1 FROM B_OPE WHERE OPE='PACKAGING') |     INSERT INTO B_OPE (OPE, LIBOP, ILOT, CODEBASET, UNITE, DURPREP, THM, INTERUPT) |     VALUES ('PACKAGING', 'Packaging', 'PACKAGING', 100, 'C', 0, 0, 1)
[2026-05-08 10:01:12] [VERBOSE] SQL stmt 230 OK on table [B_OPE]
[2026-05-08 10:01:12] [VERBOSE][SQL] Run SQL stmt 231 on table [B_CADE]: IF NOT EXISTS (SELECT 1 FROM B_CADE WHERE OPE='PACKAGING' AND MACHINE='PACKAGING') |     INSERT INTO B_CADE (OPE, MACHINE, ILOT, CADE_DURREAL, CADE_CODEBASET, CADE_UNITE) |     VALUES ('PACKAGING', 'PACKAGING', 'PACKAGING', 250, 100, 'C')
[2026-05-08 10:01:12] [VERBOSE] SQL stmt 231 OK on table [B_CADE]
[2026-05-08 10:01:12] [VERBOSE][SQL] Run SQL stmt 232 on table [B_OPE]: IF NOT EXISTS (SELECT 1 FROM B_OPE WHERE OPE='SUB-CONTRACTING') |     INSERT INTO B_OPE (OPE, LIBOP, ILOT, CODEBASET, UNITE, DURPREP, THM, INTERUPT) |     VALUES ('SUB-CONTRACTING', 'Sub-Contracting', 'SCONT', 1, 'J', 0, 0, 1)
[2026-05-08 10:01:12] [VERBOSE] SQL stmt 232 OK on table [B_OPE]
[2026-05-08 10:01:12] [VERBOSE][SQL] Run SQL stmt 233 on table [B_CADE]: IF NOT EXISTS (SELECT 1 FROM B_CADE WHERE OPE='SUB-CONTRACTING' AND MACHINE='SUBCONT') |     INSERT INTO B_CADE (OPE, MACHINE, ILOT, CADE_DURREAL, CADE_CODEBASET, CADE_UNITE) |     VALUES ('SUB-CONTRACTING', 'SUBCONT', 'SCONT', 1, 1, 'J')
[2026-05-08 10:01:12] [VERBOSE] SQL stmt 233 OK on table [B_CADE]
[2026-05-08 10:01:12] [VERBOSE][SQL] Run SQL stmt 234 on table [B_GAMM]: IF EXISTS (SELECT 1 FROM B_GAMM WHERE NOMG='FINAL ASSEMBLY') |     UPDATE B_GAMM SET LIBGAM='Final Assembly' WHERE NOMG='FINAL ASSEMBLY' | ELSE |     INSERT INTO B_GAMM (NOMG, LIBGAM) VALUES ('FINAL ASSEMBLY', 'Final Assembly')
[2026-05-08 10:01:12] [VERBOSE] SQL stmt 234 OK on table [B_GAMM]
[2026-05-08 10:01:12] [VERBOSE][SQL] Run SQL stmt 235 on table [B_PHAS]: IF EXISTS (SELECT 1 FROM B_PHAS WHERE NOMG='FINAL ASSEMBLY' AND NOPHASE=0010) |     UPDATE B_PHAS SET OPE='FINAL ASSEMBLY 0010', LIBPHASE='Pinion Assembly' WHERE NOMG='FINAL ASSEMBLY' AND NOPHASE=0010 | ELSE |     INSERT INTO B_PHAS (NOMG, NOPHASE, OPE, LIBPHASE) VALUES ('FINAL ASSEMBLY', 0010, 'FINAL ASSEMBLY 0010', 'Pinion Assembly')
[2026-05-08 10:01:12] [VERBOSE] SQL stmt 235 OK on table [B_PHAS]
[2026-05-08 10:01:12] [VERBOSE][SQL] Run SQL stmt 236 on table [B_GAMM]: IF EXISTS (SELECT 1 FROM B_GAMM WHERE NOMG='FINAL ASSEMBLY') |     UPDATE B_GAMM SET LIBGAM='Final Assembly' WHERE NOMG='FINAL ASSEMBLY' | ELSE |     INSERT INTO B_GAMM (NOMG, LIBGAM) VALUES ('FINAL ASSEMBLY', 'Final Assembly')
[2026-05-08 10:01:12] [VERBOSE] SQL stmt 236 OK on table [B_GAMM]
[2026-05-08 10:01:12] [VERBOSE][SQL] Run SQL stmt 237 on table [B_PHAS]: IF EXISTS (SELECT 1 FROM B_PHAS WHERE NOMG='FINAL ASSEMBLY' AND NOPHASE=0020) |     UPDATE B_PHAS SET OPE='FINAL ASSEMBLY 0020', LIBPHASE='Drilling' WHERE NOMG='FINAL ASSEMBLY' AND NOPHASE=0020 | ELSE |     INSERT INTO B_PHAS (NOMG, NOPHASE, OPE, LIBPHASE) VALUES ('FINAL ASSEMBLY', 0020, 'FINAL ASSEMBLY 0020', 'Drilling')
[2026-05-08 10:01:12] [VERBOSE] SQL stmt 237 OK on table [B_PHAS]
[2026-05-08 10:01:12] [VERBOSE][SQL] Run SQL stmt 238 on table [B_GAMM]: IF EXISTS (SELECT 1 FROM B_GAMM WHERE NOMG='FINAL ASSEMBLY') |     UPDATE B_GAMM SET LIBGAM='Final Assembly' WHERE NOMG='FINAL ASSEMBLY' | ELSE |     INSERT INTO B_GAMM (NOMG, LIBGAM) VALUES ('FINAL ASSEMBLY', 'Final Assembly')
[2026-05-08 10:01:12] [VERBOSE] SQL stmt 238 OK on table [B_GAMM]
[2026-05-08 10:01:12] [VERBOSE][SQL] Run SQL stmt 239 on table [B_PHAS]: IF EXISTS (SELECT 1 FROM B_PHAS WHERE NOMG='FINAL ASSEMBLY' AND NOPHASE=0030) |     UPDATE B_PHAS SET OPE='FINAL ASSEMBLY 0030', LIBPHASE='Final Assembly' WHERE NOMG='FINAL ASSEMBLY' AND NOPHASE=0030 | ELSE |     INSERT INTO B_PHAS (NOMG, NOPHASE, OPE, LIBPHASE) VALUES ('FINAL ASSEMBLY', 0030, 'FINAL ASSEMBLY 0030', 'Final Assembly')
[2026-05-08 10:01:12] [VERBOSE] SQL stmt 239 OK on table [B_PHAS]
[2026-05-08 10:01:12] [VERBOSE][SQL] Run SQL stmt 240 on table [B_GAMM]: IF EXISTS (SELECT 1 FROM B_GAMM WHERE NOMG='FINAL ASSEMBLY') |     UPDATE B_GAMM SET LIBGAM='Final Assembly' WHERE NOMG='FINAL ASSEMBLY' | ELSE |     INSERT INTO B_GAMM (NOMG, LIBGAM) VALUES ('FINAL ASSEMBLY', 'Final Assembly')
[2026-05-08 10:01:12] [VERBOSE] SQL stmt 240 OK on table [B_GAMM]
[2026-05-08 10:01:12] [VERBOSE][SQL] Run SQL stmt 241 on table [B_PHAS]: IF EXISTS (SELECT 1 FROM B_PHAS WHERE NOMG='FINAL ASSEMBLY' AND NOPHASE=0040) |     UPDATE B_PHAS SET OPE='PACKAGING', LIBPHASE='Packaging' WHERE NOMG='FINAL ASSEMBLY' AND NOPHASE=0040 | ELSE |     INSERT INTO B_PHAS (NOMG, NOPHASE, OPE, LIBPHASE) VALUES ('FINAL ASSEMBLY', 0040, 'PACKAGING', 'Packaging')
[2026-05-08 10:01:12] [VERBOSE] SQL stmt 241 OK on table [B_PHAS]
[2026-05-08 10:01:12] [VERBOSE][SQL] Run SQL stmt 242 on table [B_GAMM]: IF EXISTS (SELECT 1 FROM B_GAMM WHERE NOMG='PINION') |     UPDATE B_GAMM SET LIBGAM='Pinion' WHERE NOMG='PINION' | ELSE |     INSERT INTO B_GAMM (NOMG, LIBGAM) VALUES ('PINION', 'Pinion')
[2026-05-08 10:01:12] [VERBOSE] SQL stmt 242 OK on table [B_GAMM]
[2026-05-08 10:01:12] [VERBOSE][SQL] Run SQL stmt 243 on table [B_PHAS]: IF EXISTS (SELECT 1 FROM B_PHAS WHERE NOMG='PINION' AND NOPHASE=0010) |     UPDATE B_PHAS SET OPE='PINION 0010', LIBPHASE='Lathing' WHERE NOMG='PINION' AND NOPHASE=0010 | ELSE |     INSERT INTO B_PHAS (NOMG, NOPHASE, OPE, LIBPHASE) VALUES ('PINION', 0010, 'PINION 0010', 'Lathing')
[2026-05-08 10:01:12] [VERBOSE] SQL stmt 243 OK on table [B_PHAS]
[2026-05-08 10:01:12] [VERBOSE][SQL] Run SQL stmt 244 on table [B_GAMM]: IF EXISTS (SELECT 1 FROM B_GAMM WHERE NOMG='PINION') |     UPDATE B_GAMM SET LIBGAM='Pinion' WHERE NOMG='PINION' | ELSE |     INSERT INTO B_GAMM (NOMG, LIBGAM) VALUES ('PINION', 'Pinion')
[2026-05-08 10:01:12] [VERBOSE] SQL stmt 244 OK on table [B_GAMM]
[2026-05-08 10:01:12] [VERBOSE][SQL] Run SQL stmt 245 on table [B_PHAS]: IF EXISTS (SELECT 1 FROM B_PHAS WHERE NOMG='PINION' AND NOPHASE=0020) |     UPDATE B_PHAS SET OPE='PINION 0020', LIBPHASE='Milling' WHERE NOMG='PINION' AND NOPHASE=0020 | ELSE |     INSERT INTO B_PHAS (NOMG, NOPHASE, OPE, LIBPHASE) VALUES ('PINION', 0020, 'PINION 0020', 'Milling')
[2026-05-08 10:01:12] [VERBOSE] SQL stmt 245 OK on table [B_PHAS]
[2026-05-08 10:01:12] [VERBOSE][SQL] Run SQL stmt 246 on table [B_GAMM]: IF EXISTS (SELECT 1 FROM B_GAMM WHERE NOMG='PINION') |     UPDATE B_GAMM SET LIBGAM='Pinion' WHERE NOMG='PINION' | ELSE |     INSERT INTO B_GAMM (NOMG, LIBGAM) VALUES ('PINION', 'Pinion')
[2026-05-08 10:01:12] [VERBOSE] SQL stmt 246 OK on table [B_GAMM]
[2026-05-08 10:01:12] [VERBOSE][SQL] Run SQL stmt 247 on table [B_PHAS]: IF EXISTS (SELECT 1 FROM B_PHAS WHERE NOMG='PINION' AND NOPHASE=0030) |     UPDATE B_PHAS SET OPE='PINION 0030', LIBPHASE='Grinding' WHERE NOMG='PINION' AND NOPHASE=0030 | ELSE |     INSERT INTO B_PHAS (NOMG, NOPHASE, OPE, LIBPHASE) VALUES ('PINION', 0030, 'PINION 0030', 'Grinding')
[2026-05-08 10:01:12] [VERBOSE] SQL stmt 247 OK on table [B_PHAS]
[2026-05-08 10:01:12] [VERBOSE][SQL] Run SQL stmt 248 on table [B_GAMM]: IF EXISTS (SELECT 1 FROM B_GAMM WHERE NOMG='PINION ALTERNATE') |     UPDATE B_GAMM SET LIBGAM='Pinion' WHERE NOMG='PINION ALTERNATE' | ELSE |     INSERT INTO B_GAMM (NOMG, LIBGAM) VALUES ('PINION ALTERNATE', 'Pinion')
[2026-05-08 10:01:12] [VERBOSE] SQL stmt 248 OK on table [B_GAMM]
[2026-05-08 10:01:12] [VERBOSE][SQL] Run SQL stmt 249 on table [B_PHAS]: IF EXISTS (SELECT 1 FROM B_PHAS WHERE NOMG='PINION ALTERNATE' AND NOPHASE=0010) |     UPDATE B_PHAS SET OPE='PINION ALTERNATE', LIBPHASE='Lathing' WHERE NOMG='PINION ALTERNATE' AND NOPHASE=0010 | ELSE |     INSERT INTO B_PHAS (NOMG, NOPHASE, OPE, LIBPHASE) VALUES ('PINION ALTERNATE', 0010, 'PINION ALTERNATE', 'Lathing')
[2026-05-08 10:01:13] [VERBOSE] SQL stmt 249 OK on table [B_PHAS]
[2026-05-08 10:01:13] [VERBOSE][SQL] Run SQL stmt 250 on table [B_GAMM]: IF EXISTS (SELECT 1 FROM B_GAMM WHERE NOMG='PINION ALTERNATE') |     UPDATE B_GAMM SET LIBGAM='Pinion' WHERE NOMG='PINION ALTERNATE' | ELSE |     INSERT INTO B_GAMM (NOMG, LIBGAM) VALUES ('PINION ALTERNATE', 'Pinion')
[2026-05-08 10:01:13] [VERBOSE] SQL stmt 250 OK on table [B_GAMM]
[2026-05-08 10:01:13] [VERBOSE][SQL] Run SQL stmt 251 on table [B_PHAS]: IF EXISTS (SELECT 1 FROM B_PHAS WHERE NOMG='PINION ALTERNATE' AND NOPHASE=0030) |     UPDATE B_PHAS SET OPE='PINION 0030', LIBPHASE='Grinding' WHERE NOMG='PINION ALTERNATE' AND NOPHASE=0030 | ELSE |     INSERT INTO B_PHAS (NOMG, NOPHASE, OPE, LIBPHASE) VALUES ('PINION ALTERNATE', 0030, 'PINION 0030', 'Grinding')
[2026-05-08 10:01:13] [VERBOSE] SQL stmt 251 OK on table [B_PHAS]
[2026-05-08 10:01:13] [VERBOSE][SQL] Run SQL stmt 252 on table [B_GAMM]: IF EXISTS (SELECT 1 FROM B_GAMM WHERE NOMG='REDUCTION BOX') |     UPDATE B_GAMM SET LIBGAM='Reduction Box' WHERE NOMG='REDUCTION BOX' | ELSE |     INSERT INTO B_GAMM (NOMG, LIBGAM) VALUES ('REDUCTION BOX', 'Reduction Box')
[2026-05-08 10:01:13] [VERBOSE] SQL stmt 252 OK on table [B_GAMM]
[2026-05-08 10:01:13] [VERBOSE][SQL] Run SQL stmt 253 on table [B_PHAS]: IF EXISTS (SELECT 1 FROM B_PHAS WHERE NOMG='REDUCTION BOX' AND NOPHASE=0010) |     UPDATE B_PHAS SET OPE='REDUCTION BOX 0020', LIBPHASE='Grinding' WHERE NOMG='REDUCTION BOX' AND NOPHASE=0010 | ELSE |     INSERT INTO B_PHAS (NOMG, NOPHASE, OPE, LIBPHASE) VALUES ('REDUCTION BOX', 0010, 'REDUCTION BOX 0020', 'Grinding')
[2026-05-08 10:01:13] [VERBOSE] SQL stmt 253 OK on table [B_PHAS]
[2026-05-08 10:01:13] [VERBOSE][SQL] Run SQL stmt 254 on table [B_GAMM]: IF EXISTS (SELECT 1 FROM B_GAMM WHERE NOMG='REDUCTION BOX') |     UPDATE B_GAMM SET LIBGAM='Reduction Box' WHERE NOMG='REDUCTION BOX' | ELSE |     INSERT INTO B_GAMM (NOMG, LIBGAM) VALUES ('REDUCTION BOX', 'Reduction Box')
[2026-05-08 10:01:13] [VERBOSE] SQL stmt 254 OK on table [B_GAMM]
[2026-05-08 10:01:13] [VERBOSE][SQL] Run SQL stmt 255 on table [B_PHAS]: IF EXISTS (SELECT 1 FROM B_PHAS WHERE NOMG='REDUCTION BOX' AND NOPHASE=0020) |     UPDATE B_PHAS SET OPE='REDUCTION BOX 0030', LIBPHASE='Lathing' WHERE NOMG='REDUCTION BOX' AND NOPHASE=0020 | ELSE |     INSERT INTO B_PHAS (NOMG, NOPHASE, OPE, LIBPHASE) VALUES ('REDUCTION BOX', 0020, 'REDUCTION BOX 0030', 'Lathing')
[2026-05-08 10:01:13] [VERBOSE] SQL stmt 255 OK on table [B_PHAS]
[2026-05-08 10:01:13] [VERBOSE][SQL] Run SQL stmt 256 on table [B_GAMM]: IF EXISTS (SELECT 1 FROM B_GAMM WHERE NOMG='REDUCTION BOX') |     UPDATE B_GAMM SET LIBGAM='Reduction Box' WHERE NOMG='REDUCTION BOX' | ELSE |     INSERT INTO B_GAMM (NOMG, LIBGAM) VALUES ('REDUCTION BOX', 'Reduction Box')
[2026-05-08 10:01:13] [VERBOSE] SQL stmt 256 OK on table [B_GAMM]
[2026-05-08 10:01:13] [VERBOSE][SQL] Run SQL stmt 257 on table [B_PHAS]: IF EXISTS (SELECT 1 FROM B_PHAS WHERE NOMG='REDUCTION BOX' AND NOPHASE=0030) |     UPDATE B_PHAS SET OPE='REDUCTION BOX 0040', LIBPHASE='Milling' WHERE NOMG='REDUCTION BOX' AND NOPHASE=0030 | ELSE |     INSERT INTO B_PHAS (NOMG, NOPHASE, OPE, LIBPHASE) VALUES ('REDUCTION BOX', 0030, 'REDUCTION BOX 0040', 'Milling')
[2026-05-08 10:01:13] [VERBOSE] SQL stmt 257 OK on table [B_PHAS]
[2026-05-08 10:01:13] [VERBOSE][SQL] Run SQL stmt 258 on table [B_GAMM]: IF EXISTS (SELECT 1 FROM B_GAMM WHERE NOMG='REOP - FINAL ASSEMBLY') |     UPDATE B_GAMM SET LIBGAM='Final Assembly' WHERE NOMG='REOP - FINAL ASSEMBLY' | ELSE |     INSERT INTO B_GAMM (NOMG, LIBGAM) VALUES ('REOP - FINAL ASSEMBLY', 'Final Assembly')
[2026-05-08 10:01:13] [VERBOSE] SQL stmt 258 OK on table [B_GAMM]
[2026-05-08 10:01:13] [VERBOSE][SQL] Run SQL stmt 259 on table [B_PHAS]: IF EXISTS (SELECT 1 FROM B_PHAS WHERE NOMG='REOP - FINAL ASSEMBLY' AND NOPHASE=0020) |     UPDATE B_PHAS SET OPE='SHAFT 0020', LIBPHASE='Milling' WHERE NOMG='REOP - FINAL ASSEMBLY' AND NOPHASE=0020 | ELSE |     INSERT INTO B_PHAS (NOMG, NOPHASE, OPE, LIBPHASE) VALUES ('REOP - FINAL ASSEMBLY', 0020, 'SHAFT 0020', 'Milling')
[2026-05-08 10:01:13] [VERBOSE] SQL stmt 259 OK on table [B_PHAS]
[2026-05-08 10:01:13] [VERBOSE][SQL] Run SQL stmt 260 on table [B_GAMM]: IF EXISTS (SELECT 1 FROM B_GAMM WHERE NOMG='REOP - FINAL ASSEMBLY') |     UPDATE B_GAMM SET LIBGAM='Final Assembly' WHERE NOMG='REOP - FINAL ASSEMBLY' | ELSE |     INSERT INTO B_GAMM (NOMG, LIBGAM) VALUES ('REOP - FINAL ASSEMBLY', 'Final Assembly')
[2026-05-08 10:01:13] [VERBOSE] SQL stmt 260 OK on table [B_GAMM]
[2026-05-08 10:01:13] [VERBOSE][SQL] Run SQL stmt 261 on table [B_PHAS]: IF EXISTS (SELECT 1 FROM B_PHAS WHERE NOMG='REOP - FINAL ASSEMBLY' AND NOPHASE=0030) |     UPDATE B_PHAS SET OPE='FINAL ASSEMBLY 0030', LIBPHASE='Final Assembly' WHERE NOMG='REOP - FINAL ASSEMBLY' AND NOPHASE=0030 | ELSE |     INSERT INTO B_PHAS (NOMG, NOPHASE, OPE, LIBPHASE) VALUES ('REOP - FINAL ASSEMBLY', 0030, 'FINAL ASSEMBLY 0030', 'Final Assembly')
[2026-05-08 10:01:13] [VERBOSE] SQL stmt 261 OK on table [B_PHAS]
[2026-05-08 10:01:13] [VERBOSE][SQL] Run SQL stmt 262 on table [B_GAMM]: IF EXISTS (SELECT 1 FROM B_GAMM WHERE NOMG='REOP - FINAL ASSEMBLY') |     UPDATE B_GAMM SET LIBGAM='Final Assembly' WHERE NOMG='REOP - FINAL ASSEMBLY' | ELSE |     INSERT INTO B_GAMM (NOMG, LIBGAM) VALUES ('REOP - FINAL ASSEMBLY', 'Final Assembly')
[2026-05-08 10:01:13] [VERBOSE] SQL stmt 262 OK on table [B_GAMM]
[2026-05-08 10:01:13] [VERBOSE][SQL] Run SQL stmt 263 on table [B_PHAS]: IF EXISTS (SELECT 1 FROM B_PHAS WHERE NOMG='REOP - FINAL ASSEMBLY' AND NOPHASE=0040) |     UPDATE B_PHAS SET OPE='PACKAGING', LIBPHASE='Packaging' WHERE NOMG='REOP - FINAL ASSEMBLY' AND NOPHASE=0040 | ELSE |     INSERT INTO B_PHAS (NOMG, NOPHASE, OPE, LIBPHASE) VALUES ('REOP - FINAL ASSEMBLY', 0040, 'PACKAGING', 'Packaging')
[2026-05-08 10:01:13] [VERBOSE] SQL stmt 263 OK on table [B_PHAS]
[2026-05-08 10:01:13] [VERBOSE][SQL] Run SQL stmt 264 on table [B_GAMM]: IF EXISTS (SELECT 1 FROM B_GAMM WHERE NOMG='REOP - FINAL ASSEMBLY 1') |     UPDATE B_GAMM SET LIBGAM='Final Assembly' WHERE NOMG='REOP - FINAL ASSEMBLY 1' | ELSE |     INSERT INTO B_GAMM (NOMG, LIBGAM) VALUES ('REOP - FINAL ASSEMBLY 1', 'Final Assembly')
[2026-05-08 10:01:13] [VERBOSE] SQL stmt 264 OK on table [B_GAMM]
[2026-05-08 10:01:13] [VERBOSE][SQL] Run SQL stmt 265 on table [B_PHAS]: IF EXISTS (SELECT 1 FROM B_PHAS WHERE NOMG='REOP - FINAL ASSEMBLY 1' AND NOPHASE=0030) |     UPDATE B_PHAS SET OPE='FINAL ASSEMBLY 0030', LIBPHASE='Final Assembly' WHERE NOMG='REOP - FINAL ASSEMBLY 1' AND NOPHASE=0030 | ELSE |     INSERT INTO B_PHAS (NOMG, NOPHASE, OPE, LIBPHASE) VALUES ('REOP - FINAL ASSEMBLY 1', 0030, 'FINAL ASSEMBLY 0030', 'Final Assembly')
[2026-05-08 10:01:13] [VERBOSE] SQL stmt 265 OK on table [B_PHAS]
[2026-05-08 10:01:13] [VERBOSE][SQL] Run SQL stmt 266 on table [B_GAMM]: IF EXISTS (SELECT 1 FROM B_GAMM WHERE NOMG='REOP - FINAL ASSEMBLY 1') |     UPDATE B_GAMM SET LIBGAM='Final Assembly' WHERE NOMG='REOP - FINAL ASSEMBLY 1' | ELSE |     INSERT INTO B_GAMM (NOMG, LIBGAM) VALUES ('REOP - FINAL ASSEMBLY 1', 'Final Assembly')
[2026-05-08 10:01:13] [VERBOSE] SQL stmt 266 OK on table [B_GAMM]
[2026-05-08 10:01:13] [VERBOSE][SQL] Run SQL stmt 267 on table [B_PHAS]: IF EXISTS (SELECT 1 FROM B_PHAS WHERE NOMG='REOP - FINAL ASSEMBLY 1' AND NOPHASE=0040) |     UPDATE B_PHAS SET OPE='PACKAGING', LIBPHASE='Packaging' WHERE NOMG='REOP - FINAL ASSEMBLY 1' AND NOPHASE=0040 | ELSE |     INSERT INTO B_PHAS (NOMG, NOPHASE, OPE, LIBPHASE) VALUES ('REOP - FINAL ASSEMBLY 1', 0040, 'PACKAGING', 'Packaging')
[2026-05-08 10:01:13] [VERBOSE] SQL stmt 267 OK on table [B_PHAS]
[2026-05-08 10:01:14] [VERBOSE][SQL] Run SQL stmt 268 on table [B_GAMM]: IF EXISTS (SELECT 1 FROM B_GAMM WHERE NOMG='SHAFT') |     UPDATE B_GAMM SET LIBGAM='Shaft' WHERE NOMG='SHAFT' | ELSE |     INSERT INTO B_GAMM (NOMG, LIBGAM) VALUES ('SHAFT', 'Shaft')
[2026-05-08 10:01:14] [VERBOSE] SQL stmt 268 OK on table [B_GAMM]
[2026-05-08 10:01:14] [VERBOSE][SQL] Run SQL stmt 269 on table [B_PHAS]: IF EXISTS (SELECT 1 FROM B_PHAS WHERE NOMG='SHAFT' AND NOPHASE=0010) |     UPDATE B_PHAS SET OPE='SHAFT 0010', LIBPHASE='Lathing' WHERE NOMG='SHAFT' AND NOPHASE=0010 | ELSE |     INSERT INTO B_PHAS (NOMG, NOPHASE, OPE, LIBPHASE) VALUES ('SHAFT', 0010, 'SHAFT 0010', 'Lathing')
[2026-05-08 10:01:14] [VERBOSE] SQL stmt 269 OK on table [B_PHAS]
[2026-05-08 10:01:14] [VERBOSE][SQL] Run SQL stmt 270 on table [B_GAMM]: IF EXISTS (SELECT 1 FROM B_GAMM WHERE NOMG='SHAFT') |     UPDATE B_GAMM SET LIBGAM='Shaft' WHERE NOMG='SHAFT' | ELSE |     INSERT INTO B_GAMM (NOMG, LIBGAM) VALUES ('SHAFT', 'Shaft')
[2026-05-08 10:01:14] [VERBOSE] SQL stmt 270 OK on table [B_GAMM]
[2026-05-08 10:01:14] [VERBOSE][SQL] Run SQL stmt 271 on table [B_PHAS]: IF EXISTS (SELECT 1 FROM B_PHAS WHERE NOMG='SHAFT' AND NOPHASE=0020) |     UPDATE B_PHAS SET OPE='SHAFT 0020', LIBPHASE='Milling' WHERE NOMG='SHAFT' AND NOPHASE=0020 | ELSE |     INSERT INTO B_PHAS (NOMG, NOPHASE, OPE, LIBPHASE) VALUES ('SHAFT', 0020, 'SHAFT 0020', 'Milling')
[2026-05-08 10:01:14] [VERBOSE] SQL stmt 271 OK on table [B_PHAS]
[2026-05-08 10:01:14] [VERBOSE][SQL] Run SQL stmt 272 on table [B_GAMM]: IF EXISTS (SELECT 1 FROM B_GAMM WHERE NOMG='SHAFT') |     UPDATE B_GAMM SET LIBGAM='Shaft' WHERE NOMG='SHAFT' | ELSE |     INSERT INTO B_GAMM (NOMG, LIBGAM) VALUES ('SHAFT', 'Shaft')
[2026-05-08 10:01:14] [VERBOSE] SQL stmt 272 OK on table [B_GAMM]
[2026-05-08 10:01:14] [VERBOSE][SQL] Run SQL stmt 273 on table [B_PHAS]: IF EXISTS (SELECT 1 FROM B_PHAS WHERE NOMG='SHAFT' AND NOPHASE=0030) |     UPDATE B_PHAS SET OPE='SHAFT 0030', LIBPHASE='Drilling' WHERE NOMG='SHAFT' AND NOPHASE=0030 | ELSE |     INSERT INTO B_PHAS (NOMG, NOPHASE, OPE, LIBPHASE) VALUES ('SHAFT', 0030, 'SHAFT 0030', 'Drilling')
[2026-05-08 10:01:14] [VERBOSE] SQL stmt 273 OK on table [B_PHAS]
[2026-05-08 10:01:14] [VERBOSE][SQL] Run SQL stmt 274 on table [B_GAMM]: IF EXISTS (SELECT 1 FROM B_GAMM WHERE NOMG='SHAFT') |     UPDATE B_GAMM SET LIBGAM='Shaft' WHERE NOMG='SHAFT' | ELSE |     INSERT INTO B_GAMM (NOMG, LIBGAM) VALUES ('SHAFT', 'Shaft')
[2026-05-08 10:01:14] [VERBOSE] SQL stmt 274 OK on table [B_GAMM]
[2026-05-08 10:01:14] [VERBOSE][SQL] Run SQL stmt 275 on table [B_PHAS]: IF EXISTS (SELECT 1 FROM B_PHAS WHERE NOMG='SHAFT' AND NOPHASE=0040) |     UPDATE B_PHAS SET OPE='HT 500C LARGE PIECE', LIBPHASE='HT 500C LP' WHERE NOMG='SHAFT' AND NOPHASE=0040 | ELSE |     INSERT INTO B_PHAS (NOMG, NOPHASE, OPE, LIBPHASE) VALUES ('SHAFT', 0040, 'HT 500C LARGE PIECE', 'HT 500C LP')
[2026-05-08 10:01:14] [VERBOSE] SQL stmt 275 OK on table [B_PHAS]
[2026-05-08 10:01:14] [VERBOSE][SQL] Run SQL stmt 276 on table [B_GAMM]: IF EXISTS (SELECT 1 FROM B_GAMM WHERE NOMG='SHAFT') |     UPDATE B_GAMM SET LIBGAM='Shaft' WHERE NOMG='SHAFT' | ELSE |     INSERT INTO B_GAMM (NOMG, LIBGAM) VALUES ('SHAFT', 'Shaft')
[2026-05-08 10:01:14] [VERBOSE] SQL stmt 276 OK on table [B_GAMM]
[2026-05-08 10:01:14] [VERBOSE][SQL] Run SQL stmt 277 on table [B_PHAS]: IF EXISTS (SELECT 1 FROM B_PHAS WHERE NOMG='SHAFT' AND NOPHASE=0050) |     UPDATE B_PHAS SET OPE='SHAFT 0050', LIBPHASE='Final Lathe' WHERE NOMG='SHAFT' AND NOPHASE=0050 | ELSE |     INSERT INTO B_PHAS (NOMG, NOPHASE, OPE, LIBPHASE) VALUES ('SHAFT', 0050, 'SHAFT 0050', 'Final Lathe')
[2026-05-08 10:01:14] [VERBOSE] SQL stmt 277 OK on table [B_PHAS]
[2026-05-08 10:01:14] [VERBOSE][SQL] Run SQL stmt 278 on table [B_GAMM]: IF EXISTS (SELECT 1 FROM B_GAMM WHERE NOMG='SHAFT') |     UPDATE B_GAMM SET LIBGAM='Shaft' WHERE NOMG='SHAFT' | ELSE |     INSERT INTO B_GAMM (NOMG, LIBGAM) VALUES ('SHAFT', 'Shaft')
[2026-05-08 10:01:14] [VERBOSE] SQL stmt 278 OK on table [B_GAMM]
[2026-05-08 10:01:14] [VERBOSE][SQL] Run SQL stmt 279 on table [B_PHAS]: IF EXISTS (SELECT 1 FROM B_PHAS WHERE NOMG='SHAFT' AND NOPHASE=0060) |     UPDATE B_PHAS SET OPE='SHAFT 0060', LIBPHASE='Grinding' WHERE NOMG='SHAFT' AND NOPHASE=0060 | ELSE |     INSERT INTO B_PHAS (NOMG, NOPHASE, OPE, LIBPHASE) VALUES ('SHAFT', 0060, 'SHAFT 0060', 'Grinding')
[2026-05-08 10:01:14] [VERBOSE] SQL stmt 279 OK on table [B_PHAS]
[2026-05-08 10:01:14] [VERBOSE][SQL] Run SQL stmt 280 on table [B_GAMM]: IF EXISTS (SELECT 1 FROM B_GAMM WHERE NOMG='SHAFT_BIS') |     UPDATE B_GAMM SET LIBGAM='Shaft' WHERE NOMG='SHAFT_BIS' | ELSE |     INSERT INTO B_GAMM (NOMG, LIBGAM) VALUES ('SHAFT_BIS', 'Shaft')
[2026-05-08 10:01:14] [VERBOSE] SQL stmt 280 OK on table [B_GAMM]
[2026-05-08 10:01:14] [VERBOSE][SQL] Run SQL stmt 281 on table [B_PHAS]: IF EXISTS (SELECT 1 FROM B_PHAS WHERE NOMG='SHAFT_BIS' AND NOPHASE=0010) |     UPDATE B_PHAS SET OPE='SHAFT_BIS       0010', LIBPHASE='Lathing' WHERE NOMG='SHAFT_BIS' AND NOPHASE=0010 | ELSE |     INSERT INTO B_PHAS (NOMG, NOPHASE, OPE, LIBPHASE) VALUES ('SHAFT_BIS', 0010, 'SHAFT_BIS       0010', 'Lathing')
[2026-05-08 10:01:14] [VERBOSE] SQL stmt 281 OK on table [B_PHAS]
[2026-05-08 10:01:14] [VERBOSE][SQL] Run SQL stmt 282 on table [B_GAMM]: IF EXISTS (SELECT 1 FROM B_GAMM WHERE NOMG='SHAFT_BIS') |     UPDATE B_GAMM SET LIBGAM='Shaft' WHERE NOMG='SHAFT_BIS' | ELSE |     INSERT INTO B_GAMM (NOMG, LIBGAM) VALUES ('SHAFT_BIS', 'Shaft')
[2026-05-08 10:01:14] [VERBOSE] SQL stmt 282 OK on table [B_GAMM]
[2026-05-08 10:01:14] [VERBOSE][SQL] Run SQL stmt 283 on table [B_PHAS]: IF EXISTS (SELECT 1 FROM B_PHAS WHERE NOMG='SHAFT_BIS' AND NOPHASE=0020) |     UPDATE B_PHAS SET OPE='SHAFT_BIS       0020', LIBPHASE='Milling' WHERE NOMG='SHAFT_BIS' AND NOPHASE=0020 | ELSE |     INSERT INTO B_PHAS (NOMG, NOPHASE, OPE, LIBPHASE) VALUES ('SHAFT_BIS', 0020, 'SHAFT_BIS       0020', 'Milling')
[2026-05-08 10:01:14] [VERBOSE] SQL stmt 283 OK on table [B_PHAS]
[2026-05-08 10:01:14] [VERBOSE][SQL] Run SQL stmt 284 on table [B_GAMM]: IF EXISTS (SELECT 1 FROM B_GAMM WHERE NOMG='SHAFT_BIS') |     UPDATE B_GAMM SET LIBGAM='Shaft' WHERE NOMG='SHAFT_BIS' | ELSE |     INSERT INTO B_GAMM (NOMG, LIBGAM) VALUES ('SHAFT_BIS', 'Shaft')
[2026-05-08 10:01:14] [VERBOSE] SQL stmt 284 OK on table [B_GAMM]
[2026-05-08 10:01:14] [VERBOSE][SQL] Run SQL stmt 285 on table [B_PHAS]: IF EXISTS (SELECT 1 FROM B_PHAS WHERE NOMG='SHAFT_BIS' AND NOPHASE=0030) |     UPDATE B_PHAS SET OPE='SHAFT_BIS       0030', LIBPHASE='Drilling' WHERE NOMG='SHAFT_BIS' AND NOPHASE=0030 | ELSE |     INSERT INTO B_PHAS (NOMG, NOPHASE, OPE, LIBPHASE) VALUES ('SHAFT_BIS', 0030, 'SHAFT_BIS       0030', 'Drilling')
[2026-05-08 10:01:14] [VERBOSE] SQL stmt 285 OK on table [B_PHAS]
[2026-05-08 10:01:14] [VERBOSE][SQL] Run SQL stmt 286 on table [B_GAMM]: IF EXISTS (SELECT 1 FROM B_GAMM WHERE NOMG='SHAFT_BIS') |     UPDATE B_GAMM SET LIBGAM='Shaft' WHERE NOMG='SHAFT_BIS' | ELSE |     INSERT INTO B_GAMM (NOMG, LIBGAM) VALUES ('SHAFT_BIS', 'Shaft')
[2026-05-08 10:01:14] [VERBOSE] SQL stmt 286 OK on table [B_GAMM]
[2026-05-08 10:01:14] [VERBOSE][SQL] Run SQL stmt 287 on table [B_PHAS]: IF EXISTS (SELECT 1 FROM B_PHAS WHERE NOMG='SHAFT_BIS' AND NOPHASE=0040) |     UPDATE B_PHAS SET OPE='HT 500C SMALL PIECE', LIBPHASE='HT 500C SP' WHERE NOMG='SHAFT_BIS' AND NOPHASE=0040 | ELSE |     INSERT INTO B_PHAS (NOMG, NOPHASE, OPE, LIBPHASE) VALUES ('SHAFT_BIS', 0040, 'HT 500C SMALL PIECE', 'HT 500C SP')
[2026-05-08 10:01:14] [VERBOSE] SQL stmt 287 OK on table [B_PHAS]
[2026-05-08 10:01:14] [VERBOSE][SQL] Run SQL stmt 288 on table [B_GAMM]: IF EXISTS (SELECT 1 FROM B_GAMM WHERE NOMG='SHAFT_BIS') |     UPDATE B_GAMM SET LIBGAM='Shaft' WHERE NOMG='SHAFT_BIS' | ELSE |     INSERT INTO B_GAMM (NOMG, LIBGAM) VALUES ('SHAFT_BIS', 'Shaft')
[2026-05-08 10:01:14] [VERBOSE] SQL stmt 288 OK on table [B_GAMM]
[2026-05-08 10:01:14] [VERBOSE][SQL] Run SQL stmt 289 on table [B_PHAS]: IF EXISTS (SELECT 1 FROM B_PHAS WHERE NOMG='SHAFT_BIS' AND NOPHASE=0050) |     UPDATE B_PHAS SET OPE='SHAFT_BIS       0050', LIBPHASE='Final Lathe' WHERE NOMG='SHAFT_BIS' AND NOPHASE=0050 | ELSE |     INSERT INTO B_PHAS (NOMG, NOPHASE, OPE, LIBPHASE) VALUES ('SHAFT_BIS', 0050, 'SHAFT_BIS       0050', 'Final Lathe')
[2026-05-08 10:01:14] [VERBOSE] SQL stmt 289 OK on table [B_PHAS]
[2026-05-08 10:01:14] [VERBOSE][SQL] Run SQL stmt 290 on table [B_GAMM]: IF EXISTS (SELECT 1 FROM B_GAMM WHERE NOMG='SHAFT_BIS') |     UPDATE B_GAMM SET LIBGAM='Shaft' WHERE NOMG='SHAFT_BIS' | ELSE |     INSERT INTO B_GAMM (NOMG, LIBGAM) VALUES ('SHAFT_BIS', 'Shaft')
[2026-05-08 10:01:14] [VERBOSE] SQL stmt 290 OK on table [B_GAMM]
[2026-05-08 10:01:14] [VERBOSE][SQL] Run SQL stmt 291 on table [B_PHAS]: IF EXISTS (SELECT 1 FROM B_PHAS WHERE NOMG='SHAFT_BIS' AND NOPHASE=0060) |     UPDATE B_PHAS SET OPE='SHAFT_BIS       0060', LIBPHASE='Grinding' WHERE NOMG='SHAFT_BIS' AND NOPHASE=0060 | ELSE |     INSERT INTO B_PHAS (NOMG, NOPHASE, OPE, LIBPHASE) VALUES ('SHAFT_BIS', 0060, 'SHAFT_BIS       0060', 'Grinding')
[2026-05-08 10:01:14] [VERBOSE] SQL stmt 291 OK on table [B_PHAS]
[2026-05-08 10:01:15] [VERBOSE][SQL] Run SQL stmt 292 on table [B_GAMM]: IF EXISTS (SELECT 1 FROM B_GAMM WHERE NOMG='SUB ASSEMBLY BOX') |     UPDATE B_GAMM SET LIBGAM='Reduction Box Assembly' WHERE NOMG='SUB ASSEMBLY BOX' | ELSE |     INSERT INTO B_GAMM (NOMG, LIBGAM) VALUES ('SUB ASSEMBLY BOX', 'Reduction Box Assembly')
[2026-05-08 10:01:15] [VERBOSE] SQL stmt 292 OK on table [B_GAMM]
[2026-05-08 10:01:15] [VERBOSE][SQL] Run SQL stmt 293 on table [B_PHAS]: IF EXISTS (SELECT 1 FROM B_PHAS WHERE NOMG='SUB ASSEMBLY BOX' AND NOPHASE=0010) |     UPDATE B_PHAS SET OPE='REDUCTION BOX ASSY  0010', LIBPHASE='Assembly' WHERE NOMG='SUB ASSEMBLY BOX' AND NOPHASE=0010 | ELSE |     INSERT INTO B_PHAS (NOMG, NOPHASE, OPE, LIBPHASE) VALUES ('SUB ASSEMBLY BOX', 0010, 'REDUCTION BOX ASSY  0010', 'Assembly')
[2026-05-08 10:01:15] [VERBOSE] SQL stmt 293 OK on table [B_PHAS]
[2026-05-08 10:01:15] [VERBOSE][SQL] Run SQL stmt 294 on table [B_GAMM]: IF EXISTS (SELECT 1 FROM B_GAMM WHERE NOMG='SUB ASSEMBLY BOX') |     UPDATE B_GAMM SET LIBGAM='Reduction Box Assembly' WHERE NOMG='SUB ASSEMBLY BOX' | ELSE |     INSERT INTO B_GAMM (NOMG, LIBGAM) VALUES ('SUB ASSEMBLY BOX', 'Reduction Box Assembly')
[2026-05-08 10:01:15] [VERBOSE] SQL stmt 294 OK on table [B_GAMM]
[2026-05-08 10:01:15] [VERBOSE][SQL] Run SQL stmt 295 on table [B_PHAS]: IF EXISTS (SELECT 1 FROM B_PHAS WHERE NOMG='SUB ASSEMBLY BOX' AND NOPHASE=0020) |     UPDATE B_PHAS SET OPE='REDUCTION BOX ASSY  0020', LIBPHASE='Drilling' WHERE NOMG='SUB ASSEMBLY BOX' AND NOPHASE=0020 | ELSE |     INSERT INTO B_PHAS (NOMG, NOPHASE, OPE, LIBPHASE) VALUES ('SUB ASSEMBLY BOX', 0020, 'REDUCTION BOX ASSY  0020', 'Drilling')
[2026-05-08 10:01:15] [VERBOSE] SQL stmt 295 OK on table [B_PHAS]
[2026-05-08 10:01:15] [VERBOSE][SQL] Run SQL stmt 296 on table [B_GAMM]: IF EXISTS (SELECT 1 FROM B_GAMM WHERE NOMG='SUB ASSEMBLY SHAFT') |     UPDATE B_GAMM SET LIBGAM='Shaft Sub Assembly' WHERE NOMG='SUB ASSEMBLY SHAFT' | ELSE |     INSERT INTO B_GAMM (NOMG, LIBGAM) VALUES ('SUB ASSEMBLY SHAFT', 'Shaft Sub Assembly')
[2026-05-08 10:01:15] [VERBOSE] SQL stmt 296 OK on table [B_GAMM]
[2026-05-08 10:01:15] [VERBOSE][SQL] Run SQL stmt 297 on table [B_PHAS]: IF EXISTS (SELECT 1 FROM B_PHAS WHERE NOMG='SUB ASSEMBLY SHAFT' AND NOPHASE=0010) |     UPDATE B_PHAS SET OPE='SUB ASSEMBLY SHAFT  0010', LIBPHASE='Sub Assembly' WHERE NOMG='SUB ASSEMBLY SHAFT' AND NOPHASE=0010 | ELSE |     INSERT INTO B_PHAS (NOMG, NOPHASE, OPE, LIBPHASE) VALUES ('SUB ASSEMBLY SHAFT', 0010, 'SUB ASSEMBLY SHAFT  0010', 'Sub Assembly')
[2026-05-08 10:01:15] [VERBOSE] SQL stmt 297 OK on table [B_PHAS]
[2026-05-08 10:01:15] [VERBOSE][SQL] Run SQL stmt 298 on table [B_GAMM]: IF EXISTS (SELECT 1 FROM B_GAMM WHERE NOMG='SUB ASSEMBLY SHAFT') |     UPDATE B_GAMM SET LIBGAM='Shaft Sub Assembly' WHERE NOMG='SUB ASSEMBLY SHAFT' | ELSE |     INSERT INTO B_GAMM (NOMG, LIBGAM) VALUES ('SUB ASSEMBLY SHAFT', 'Shaft Sub Assembly')
[2026-05-08 10:01:15] [VERBOSE] SQL stmt 298 OK on table [B_GAMM]
[2026-05-08 10:01:15] [VERBOSE][SQL] Run SQL stmt 299 on table [B_PHAS]: IF EXISTS (SELECT 1 FROM B_PHAS WHERE NOMG='SUB ASSEMBLY SHAFT' AND NOPHASE=0020) |     UPDATE B_PHAS SET OPE='SUB ASSEMBLY SHAFT  0020', LIBPHASE='Milling' WHERE NOMG='SUB ASSEMBLY SHAFT' AND NOPHASE=0020 | ELSE |     INSERT INTO B_PHAS (NOMG, NOPHASE, OPE, LIBPHASE) VALUES ('SUB ASSEMBLY SHAFT', 0020, 'SUB ASSEMBLY SHAFT  0020', 'Milling')
[2026-05-08 10:01:15] [VERBOSE] SQL stmt 299 OK on table [B_PHAS]
[2026-05-08 10:01:15] [VERBOSE][SQL] Run SQL stmt 300 on table [B_GAMM]: IF EXISTS (SELECT 1 FROM B_GAMM WHERE NOMG='SUB-CONTRACTING') |     UPDATE B_GAMM SET LIBGAM='Sub-Contracting' WHERE NOMG='SUB-CONTRACTING' | ELSE |     INSERT INTO B_GAMM (NOMG, LIBGAM) VALUES ('SUB-CONTRACTING', 'Sub-Contracting')
[2026-05-08 10:01:15] [VERBOSE] SQL stmt 300 OK on table [B_GAMM]
[2026-05-08 10:01:15] [VERBOSE][SQL] Run SQL stmt 301 on table [B_PHAS]: IF EXISTS (SELECT 1 FROM B_PHAS WHERE NOMG='SUB-CONTRACTING' AND NOPHASE=0010) |     UPDATE B_PHAS SET OPE='SUB-CONTRACTING', LIBPHASE='Sub-Contracting' WHERE NOMG='SUB-CONTRACTING' AND NOPHASE=0010 | ELSE |     INSERT INTO B_PHAS (NOMG, NOPHASE, OPE, LIBPHASE) VALUES ('SUB-CONTRACTING', 0010, 'SUB-CONTRACTING', 'Sub-Contracting')
[2026-05-08 10:01:15] [VERBOSE] SQL stmt 301 OK on table [B_PHAS]
[2026-05-08 10:01:15] [VERBOSE][SQL] Run SQL stmt 302 on table [B_GAMM]: IF EXISTS (SELECT 1 FROM B_GAMM WHERE NOMG='TOOTHED RING') |     UPDATE B_GAMM SET LIBGAM='Toothed Ring' WHERE NOMG='TOOTHED RING' | ELSE |     INSERT INTO B_GAMM (NOMG, LIBGAM) VALUES ('TOOTHED RING', 'Toothed Ring')
[2026-05-08 10:01:15] [VERBOSE] SQL stmt 302 OK on table [B_GAMM]
[2026-05-08 10:01:15] [VERBOSE][SQL] Run SQL stmt 303 on table [B_PHAS]: IF EXISTS (SELECT 1 FROM B_PHAS WHERE NOMG='TOOTHED RING' AND NOPHASE=0010) |     UPDATE B_PHAS SET OPE='TOOTHED RING 0010', LIBPHASE='Drilling' WHERE NOMG='TOOTHED RING' AND NOPHASE=0010 | ELSE |     INSERT INTO B_PHAS (NOMG, NOPHASE, OPE, LIBPHASE) VALUES ('TOOTHED RING', 0010, 'TOOTHED RING 0010', 'Drilling')
[2026-05-08 10:01:15] [VERBOSE] SQL stmt 303 OK on table [B_PHAS]
[2026-05-08 10:01:15] [VERBOSE][SQL] Run SQL stmt 304 on table [B_GAMM]: IF EXISTS (SELECT 1 FROM B_GAMM WHERE NOMG='TOOTHED RING') |     UPDATE B_GAMM SET LIBGAM='Toothed Ring' WHERE NOMG='TOOTHED RING' | ELSE |     INSERT INTO B_GAMM (NOMG, LIBGAM) VALUES ('TOOTHED RING', 'Toothed Ring')
[2026-05-08 10:01:15] [VERBOSE] SQL stmt 304 OK on table [B_GAMM]
[2026-05-08 10:01:15] [VERBOSE][SQL] Run SQL stmt 305 on table [B_PHAS]: IF EXISTS (SELECT 1 FROM B_PHAS WHERE NOMG='TOOTHED RING' AND NOPHASE=0020) |     UPDATE B_PHAS SET OPE='TOOTHED RING 0020', LIBPHASE='Lathing' WHERE NOMG='TOOTHED RING' AND NOPHASE=0020 | ELSE |     INSERT INTO B_PHAS (NOMG, NOPHASE, OPE, LIBPHASE) VALUES ('TOOTHED RING', 0020, 'TOOTHED RING 0020', 'Lathing')
[2026-05-08 10:01:15] [VERBOSE] SQL stmt 305 OK on table [B_PHAS]
[2026-05-08 10:01:15] [VERBOSE][SQL] Run SQL stmt 306 on table [B_GAMM]: IF EXISTS (SELECT 1 FROM B_GAMM WHERE NOMG='TOOTHED RING') |     UPDATE B_GAMM SET LIBGAM='Toothed Ring' WHERE NOMG='TOOTHED RING' | ELSE |     INSERT INTO B_GAMM (NOMG, LIBGAM) VALUES ('TOOTHED RING', 'Toothed Ring')
[2026-05-08 10:01:15] [VERBOSE] SQL stmt 306 OK on table [B_GAMM]
[2026-05-08 10:01:15] [VERBOSE][SQL] Run SQL stmt 307 on table [B_PHAS]: IF EXISTS (SELECT 1 FROM B_PHAS WHERE NOMG='TOOTHED RING' AND NOPHASE=0030) |     UPDATE B_PHAS SET OPE='TOOTHED RING 0030', LIBPHASE='Milling' WHERE NOMG='TOOTHED RING' AND NOPHASE=0030 | ELSE |     INSERT INTO B_PHAS (NOMG, NOPHASE, OPE, LIBPHASE) VALUES ('TOOTHED RING', 0030, 'TOOTHED RING 0030', 'Milling')
[2026-05-08 10:01:15] [VERBOSE] SQL stmt 307 OK on table [B_PHAS]
[2026-05-08 10:01:15] [VERBOSE][SQL] Run SQL stmt 308 on table [B_GAMM]: IF EXISTS (SELECT 1 FROM B_GAMM WHERE NOMG='TOOTHED RING') |     UPDATE B_GAMM SET LIBGAM='Toothed Ring' WHERE NOMG='TOOTHED RING' | ELSE |     INSERT INTO B_GAMM (NOMG, LIBGAM) VALUES ('TOOTHED RING', 'Toothed Ring')
[2026-05-08 10:01:15] [VERBOSE] SQL stmt 308 OK on table [B_GAMM]
[2026-05-08 10:01:15] [VERBOSE][SQL] Run SQL stmt 309 on table [B_PHAS]: IF EXISTS (SELECT 1 FROM B_PHAS WHERE NOMG='TOOTHED RING' AND NOPHASE=0040) |     UPDATE B_PHAS SET OPE='HT 250C LARGE PIECE', LIBPHASE='HT 250C LP' WHERE NOMG='TOOTHED RING' AND NOPHASE=0040 | ELSE |     INSERT INTO B_PHAS (NOMG, NOPHASE, OPE, LIBPHASE) VALUES ('TOOTHED RING', 0040, 'HT 250C LARGE PIECE', 'HT 250C LP')
[2026-05-08 10:01:15] [VERBOSE] SQL stmt 309 OK on table [B_PHAS]
[2026-05-08 10:01:15] [VERBOSE][SQL] Run SQL stmt 310 on table [B_GAMM]: IF EXISTS (SELECT 1 FROM B_GAMM WHERE NOMG='TOOTHED RING') |     UPDATE B_GAMM SET LIBGAM='Toothed Ring' WHERE NOMG='TOOTHED RING' | ELSE |     INSERT INTO B_GAMM (NOMG, LIBGAM) VALUES ('TOOTHED RING', 'Toothed Ring')
[2026-05-08 10:01:15] [VERBOSE] SQL stmt 310 OK on table [B_GAMM]
[2026-05-08 10:01:15] [VERBOSE][SQL] Run SQL stmt 311 on table [B_PHAS]: IF EXISTS (SELECT 1 FROM B_PHAS WHERE NOMG='TOOTHED RING' AND NOPHASE=0050) |     UPDATE B_PHAS SET OPE='TOOTHED RING 0040', LIBPHASE='Grinding' WHERE NOMG='TOOTHED RING' AND NOPHASE=0050 | ELSE |     INSERT INTO B_PHAS (NOMG, NOPHASE, OPE, LIBPHASE) VALUES ('TOOTHED RING', 0050, 'TOOTHED RING 0040', 'Grinding')
[2026-05-08 10:01:15] [VERBOSE] SQL stmt 311 OK on table [B_PHAS]
[2026-05-08 10:01:15] [VERBOSE][SQL] Run SQL stmt 312 on table [B_ART]: IF EXISTS (SELECT 1 FROM B_ART WHERE CODEARTIC='APPRO') |     UPDATE B_ART SET LIBARTIC='WELD', TYPEMATI='MP', QTE_STOCK=0.000 WHERE CODEARTIC='APPRO' | ELSE |     INSERT INTO B_ART (CODEARTIC, LIBARTIC, TYPEMATI, QTE_STOCK) VALUES ('APPRO', 'WELD', 'MP', 0.000)
[2026-05-08 10:01:15] [VERBOSE] SQL stmt 312 OK on table [B_ART]
[2026-05-08 10:01:16] [VERBOSE][SQL] Run SQL stmt 313 on table [B_ART]: IF EXISTS (SELECT 1 FROM B_ART WHERE CODEARTIC='FORGED AXLE') |     UPDATE B_ART SET LIBARTIC='NAVIGATION SYSTEM KIT', TYPEMATI='MP', QTE_STOCK=1650.000 WHERE CODEARTIC='FORGED AXLE' | ELSE |     INSERT INTO B_ART (CODEARTIC, LIBARTIC, TYPEMATI, QTE_STOCK) VALUES ('FORGED AXLE', 'NAVIGATION SYSTEM KIT', 'MP', 1650.000)
[2026-05-08 10:01:16] [VERBOSE] SQL stmt 313 OK on table [B_ART]
[2026-05-08 10:01:16] [VERBOSE][SQL] Run SQL stmt 314 on table [B_ART]: IF EXISTS (SELECT 1 FROM B_ART WHERE CODEARTIC='FORGED PINION') |     UPDATE B_ART SET LIBARTIC='SENSOR - Delta P', TYPEMATI='MP', QTE_STOCK=6000.000 WHERE CODEARTIC='FORGED PINION' | ELSE |     INSERT INTO B_ART (CODEARTIC, LIBARTIC, TYPEMATI, QTE_STOCK) VALUES ('FORGED PINION', 'SENSOR - Delta P', 'MP', 6000.000)
[2026-05-08 10:01:16] [VERBOSE] SQL stmt 314 OK on table [B_ART]
[2026-05-08 10:01:16] [VERBOSE][SQL] Run SQL stmt 315 on table [B_ART]: IF EXISTS (SELECT 1 FROM B_ART WHERE CODEARTIC='FORGED RING') |     UPDATE B_ART SET LIBARTIC='SENSOR - Temp and Pressure', TYPEMATI='MP', QTE_STOCK=3000.000 WHERE CODEARTIC='FORGED RING' | ELSE |     INSERT INTO B_ART (CODEARTIC, LIBARTIC, TYPEMATI, QTE_STOCK) VALUES ('FORGED RING', 'SENSOR - Temp and Pressure', 'MP', 3000.000)
[2026-05-08 10:01:16] [VERBOSE] SQL stmt 315 OK on table [B_ART]
[2026-05-08 10:01:16] [VERBOSE][SQL] Run SQL stmt 316 on table [B_ART]: IF EXISTS (SELECT 1 FROM B_ART WHERE CODEARTIC='LATHING') |     UPDATE B_ART SET LIBARTIC='Wire Harness', TYPEMATI='MP', QTE_STOCK=0.000 WHERE CODEARTIC='LATHING' | ELSE |     INSERT INTO B_ART (CODEARTIC, LIBARTIC, TYPEMATI, QTE_STOCK) VALUES ('LATHING', 'Wire Harness', 'MP', 0.000)
[2026-05-08 10:01:16] [VERBOSE] SQL stmt 316 OK on table [B_ART]
[2026-05-08 10:01:16] [VERBOSE][SQL] Run SQL stmt 317 on table [B_ART]: IF EXISTS (SELECT 1 FROM B_ART WHERE CODEARTIC='PACKAGING') |     UPDATE B_ART SET LIBARTIC='TITANIUM ALLOY SHEETS', TYPEMATI='MP', QTE_STOCK=2000.000 WHERE CODEARTIC='PACKAGING' | ELSE |     INSERT INTO B_ART (CODEARTIC, LIBARTIC, TYPEMATI, QTE_STOCK) VALUES ('PACKAGING', 'TITANIUM ALLOY SHEETS', 'MP', 2000.000)
[2026-05-08 10:01:16] [VERBOSE] SQL stmt 317 OK on table [B_ART]
[2026-05-08 10:01:16] [VERBOSE][SQL] Run SQL stmt 318 on table [B_ART]: IF EXISTS (SELECT 1 FROM B_ART WHERE CODEARTIC='WATER') |     UPDATE B_ART SET LIBARTIC='ALUMINUM 7075', TYPEMATI='MP', QTE_STOCK=1000000.000 WHERE CODEARTIC='WATER' | ELSE |     INSERT INTO B_ART (CODEARTIC, LIBARTIC, TYPEMATI, QTE_STOCK) VALUES ('WATER', 'ALUMINUM 7075', 'MP', 1000000.000)
[2026-05-08 10:01:16] [VERBOSE] SQL stmt 318 OK on table [B_ART]
[2026-05-08 10:01:16] [VERBOSE][SQL] Run SQL stmt 319 on table [B_ART]: IF EXISTS (SELECT 1 FROM B_ART WHERE CODEARTIC='#CLUTCH') |     UPDATE B_ART SET LIBARTIC='MISSILE BODY', TYPEMATI='PF', QTE_STOCK=250.000 WHERE CODEARTIC='#CLUTCH' | ELSE |     INSERT INTO B_ART (CODEARTIC, LIBARTIC, TYPEMATI, QTE_STOCK) VALUES ('#CLUTCH', 'MISSILE BODY', 'PF', 250.000)
[2026-05-08 10:01:16] [VERBOSE] SQL stmt 319 OK on table [B_ART]
[2026-05-08 10:01:16] [VERBOSE][SQL] Run SQL stmt 320 on table [I_PARTC]: IF OBJECT_ID(N'[dbo].[I_PARTC]', N'U') IS NOT NULL AND COL_LENGTH('dbo.I_PARTC','CODEARTIC') IS NOT NULL AND COL_LENGTH('dbo.I_PARTC','VER_ART') IS NOT NULL |     DELETE FROM I_PARTC WHERE CODEARTIC='#CLUTCH' AND VER_ART='00'
[2026-05-08 10:01:16] [VERBOSE] SQL stmt 320 OK on table [I_PARTC]
[2026-05-08 10:01:16] [VERBOSE][SQL] Run SQL stmt 321 on table [I_PART]: IF OBJECT_ID(N'[dbo].[I_PART]', N'U') IS NOT NULL AND COL_LENGTH('dbo.I_PART','CODEARTIC') IS NOT NULL AND COL_LENGTH('dbo.I_PART','VER_ART') IS NOT NULL |     DELETE FROM I_PART WHERE CODEARTIC='#CLUTCH' AND VER_ART='00'
[2026-05-08 10:01:16] [VERBOSE] SQL stmt 321 OK on table [I_PART]
[2026-05-08 10:01:16] [VERBOSE][SQL] Run SQL stmt 322 on table [B_PARTC]: IF OBJECT_ID(N'[dbo].[B_PARTC]', N'U') IS NOT NULL AND COL_LENGTH('dbo.B_PARTC','CODEARTIC') IS NOT NULL AND COL_LENGTH('dbo.B_PARTC','VER_ART') IS NOT NULL |     DELETE FROM B_PARTC WHERE CODEARTIC='#CLUTCH' AND VER_ART='00'
[2026-05-08 10:01:16] [VERBOSE] SQL stmt 322 OK on table [B_PARTC]
[2026-05-08 10:01:16] [VERBOSE][SQL] Run SQL stmt 323 on table [B_PART]: IF OBJECT_ID(N'[dbo].[B_PART]', N'U') IS NOT NULL AND COL_LENGTH('dbo.B_PART','CODEARTIC') IS NOT NULL AND COL_LENGTH('dbo.B_PART','VER_ART') IS NOT NULL |     DELETE FROM B_PART WHERE CODEARTIC='#CLUTCH' AND VER_ART='00'
[2026-05-08 10:01:16] [VERBOSE] SQL stmt 323 OK on table [B_PART]
[2026-05-08 10:01:16] [VERBOSE][SQL] Run SQL stmt 324 on table [B_VER_ART]: IF EXISTS (SELECT 1 FROM B_VER_ART WHERE CODEARTIC='#CLUTCH' AND VER_ART='00') |     UPDATE B_VER_ART SET VER_DESC='MISSILE BODY', NOMG='REOP - FINAL ASSEMBLY 1', VER_EFFET_DEBUT=CONVERT(datetime,'01/01/1995',103), VER_EFFET_FIN=CONVERT(datetime,'01/01/2050',103) WHERE CODEARTIC='#CLUTCH' AND VER_ART='00' | ELSE |     INSERT INTO B_VER_ART (CODEARTIC, VER_ART, VER_DESC, NOMG, VER_EFFET_DEBUT, VER_EFFET_FIN) |     VALUES ('#CLUTCH', '00', 'MISSILE BODY', 'REOP - FINAL ASSEMBLY 1', CONVERT(datetime,'01/01/1995',103), CONVERT(datetime,'01/01/2050',103))
[2026-05-08 10:01:16] [VERBOSE] SQL stmt 324 OK on table [B_VER_ART]
[2026-05-08 10:01:16] [VERBOSE][SQL] Run SQL stmt 325 on table [B_ART]: IF EXISTS (SELECT 1 FROM B_ART WHERE CODEARTIC='GEAR BOX 4') |     UPDATE B_ART SET LIBARTIC='ASSEMBLED MISSILE BODY v4', TYPEMATI='PF', QTE_STOCK=0.000 WHERE CODEARTIC='GEAR BOX 4' | ELSE |     INSERT INTO B_ART (CODEARTIC, LIBARTIC, TYPEMATI, QTE_STOCK) VALUES ('GEAR BOX 4', 'ASSEMBLED MISSILE BODY v4', 'PF', 0.000)
[2026-05-08 10:01:16] [VERBOSE] SQL stmt 325 OK on table [B_ART]
[2026-05-08 10:01:16] [VERBOSE][SQL] Run SQL stmt 326 on table [I_PARTC]: IF OBJECT_ID(N'[dbo].[I_PARTC]', N'U') IS NOT NULL AND COL_LENGTH('dbo.I_PARTC','CODEARTIC') IS NOT NULL AND COL_LENGTH('dbo.I_PARTC','VER_ART') IS NOT NULL |     DELETE FROM I_PARTC WHERE CODEARTIC='GEAR BOX 4' AND VER_ART='00'
[2026-05-08 10:01:16] [VERBOSE] SQL stmt 326 OK on table [I_PARTC]
[2026-05-08 10:01:16] [VERBOSE][SQL] Run SQL stmt 327 on table [I_PART]: IF OBJECT_ID(N'[dbo].[I_PART]', N'U') IS NOT NULL AND COL_LENGTH('dbo.I_PART','CODEARTIC') IS NOT NULL AND COL_LENGTH('dbo.I_PART','VER_ART') IS NOT NULL |     DELETE FROM I_PART WHERE CODEARTIC='GEAR BOX 4' AND VER_ART='00'
[2026-05-08 10:01:16] [VERBOSE] SQL stmt 327 OK on table [I_PART]
[2026-05-08 10:01:16] [VERBOSE][SQL] Run SQL stmt 328 on table [B_PARTC]: IF OBJECT_ID(N'[dbo].[B_PARTC]', N'U') IS NOT NULL AND COL_LENGTH('dbo.B_PARTC','CODEARTIC') IS NOT NULL AND COL_LENGTH('dbo.B_PARTC','VER_ART') IS NOT NULL |     DELETE FROM B_PARTC WHERE CODEARTIC='GEAR BOX 4' AND VER_ART='00'
[2026-05-08 10:01:16] [VERBOSE] SQL stmt 328 OK on table [B_PARTC]
[2026-05-08 10:01:16] [VERBOSE][SQL] Run SQL stmt 329 on table [B_PART]: IF OBJECT_ID(N'[dbo].[B_PART]', N'U') IS NOT NULL AND COL_LENGTH('dbo.B_PART','CODEARTIC') IS NOT NULL AND COL_LENGTH('dbo.B_PART','VER_ART') IS NOT NULL |     DELETE FROM B_PART WHERE CODEARTIC='GEAR BOX 4' AND VER_ART='00'
[2026-05-08 10:01:16] [VERBOSE] SQL stmt 329 OK on table [B_PART]
[2026-05-08 10:01:16] [VERBOSE][SQL] Run SQL stmt 330 on table [B_VER_ART]: IF EXISTS (SELECT 1 FROM B_VER_ART WHERE CODEARTIC='GEAR BOX 4' AND VER_ART='00') |     UPDATE B_VER_ART SET VER_DESC='ASSEMBLED MISSILE BODY v4', NOMG='FINAL ASSEMBLY', VER_EFFET_DEBUT=CONVERT(datetime,'01/01/1995',103), VER_EFFET_FIN=CONVERT(datetime,'01/01/2050',103) WHERE CODEARTIC='GEAR BOX 4' AND VER_ART='00' | ELSE |     INSERT INTO B_VER_ART (CODEARTIC, VER_ART, VER_DESC, NOMG, VER_EFFET_DEBUT, VER_EFFET_FIN) |     VALUES ('GEAR BOX 4', '00', 'ASSEMBLED MISSILE BODY v4', 'FINAL ASSEMBLY', CONVERT(datetime,'01/01/1995',103), CONVERT(datetime,'01/01/2050',103))
[2026-05-08 10:01:16] [VERBOSE] SQL stmt 330 OK on table [B_VER_ART]
[2026-05-08 10:01:16] [VERBOSE][SQL] Run SQL stmt 331 on table [B_ART]: IF EXISTS (SELECT 1 FROM B_ART WHERE CODEARTIC='GEAR BOX 5') |     UPDATE B_ART SET LIBARTIC='ASSEMBLED MISSILE BODY V5', TYPEMATI='PF', QTE_STOCK=0.000 WHERE CODEARTIC='GEAR BOX 5' | ELSE |     INSERT INTO B_ART (CODEARTIC, LIBARTIC, TYPEMATI, QTE_STOCK) VALUES ('GEAR BOX 5', 'ASSEMBLED MISSILE BODY V5', 'PF', 0.000)
[2026-05-08 10:01:16] [VERBOSE] SQL stmt 331 OK on table [B_ART]
[2026-05-08 10:01:16] [VERBOSE][SQL] Run SQL stmt 332 on table [I_PARTC]: IF OBJECT_ID(N'[dbo].[I_PARTC]', N'U') IS NOT NULL AND COL_LENGTH('dbo.I_PARTC','CODEARTIC') IS NOT NULL AND COL_LENGTH('dbo.I_PARTC','VER_ART') IS NOT NULL |     DELETE FROM I_PARTC WHERE CODEARTIC='GEAR BOX 5' AND VER_ART='00'
[2026-05-08 10:01:16] [VERBOSE] SQL stmt 332 OK on table [I_PARTC]
[2026-05-08 10:01:17] [VERBOSE][SQL] Run SQL stmt 333 on table [I_PART]: IF OBJECT_ID(N'[dbo].[I_PART]', N'U') IS NOT NULL AND COL_LENGTH('dbo.I_PART','CODEARTIC') IS NOT NULL AND COL_LENGTH('dbo.I_PART','VER_ART') IS NOT NULL |     DELETE FROM I_PART WHERE CODEARTIC='GEAR BOX 5' AND VER_ART='00'
[2026-05-08 10:01:17] [VERBOSE] SQL stmt 333 OK on table [I_PART]
[2026-05-08 10:01:17] [VERBOSE][SQL] Run SQL stmt 334 on table [B_PARTC]: IF OBJECT_ID(N'[dbo].[B_PARTC]', N'U') IS NOT NULL AND COL_LENGTH('dbo.B_PARTC','CODEARTIC') IS NOT NULL AND COL_LENGTH('dbo.B_PARTC','VER_ART') IS NOT NULL |     DELETE FROM B_PARTC WHERE CODEARTIC='GEAR BOX 5' AND VER_ART='00'
[2026-05-08 10:01:17] [VERBOSE] SQL stmt 334 OK on table [B_PARTC]
[2026-05-08 10:01:17] [VERBOSE][SQL] Run SQL stmt 335 on table [B_PART]: IF OBJECT_ID(N'[dbo].[B_PART]', N'U') IS NOT NULL AND COL_LENGTH('dbo.B_PART','CODEARTIC') IS NOT NULL AND COL_LENGTH('dbo.B_PART','VER_ART') IS NOT NULL |     DELETE FROM B_PART WHERE CODEARTIC='GEAR BOX 5' AND VER_ART='00'
[2026-05-08 10:01:17] [VERBOSE] SQL stmt 335 OK on table [B_PART]
[2026-05-08 10:01:17] [VERBOSE][SQL] Run SQL stmt 336 on table [B_VER_ART]: IF EXISTS (SELECT 1 FROM B_VER_ART WHERE CODEARTIC='GEAR BOX 5' AND VER_ART='00') |     UPDATE B_VER_ART SET VER_DESC='ASSEMBLED MISSILE BODY V5', NOMG='FINAL ASSEMBLY', VER_EFFET_DEBUT=CONVERT(datetime,'01/01/1995',103), VER_EFFET_FIN=CONVERT(datetime,'01/01/2050',103) WHERE CODEARTIC='GEAR BOX 5' AND VER_ART='00' | ELSE |     INSERT INTO B_VER_ART (CODEARTIC, VER_ART, VER_DESC, NOMG, VER_EFFET_DEBUT, VER_EFFET_FIN) |     VALUES ('GEAR BOX 5', '00', 'ASSEMBLED MISSILE BODY V5', 'FINAL ASSEMBLY', CONVERT(datetime,'01/01/1995',103), CONVERT(datetime,'01/01/2050',103))
[2026-05-08 10:01:17] [VERBOSE] SQL stmt 336 OK on table [B_VER_ART]
[2026-05-08 10:01:17] [VERBOSE][SQL] Run SQL stmt 337 on table [B_ART]: IF EXISTS (SELECT 1 FROM B_ART WHERE CODEARTIC='GEAR BOX 6') |     UPDATE B_ART SET LIBARTIC='ASSEMBLED MISSILE BODY V6', TYPEMATI='PF', QTE_STOCK=0.000 WHERE CODEARTIC='GEAR BOX 6' | ELSE |     INSERT INTO B_ART (CODEARTIC, LIBARTIC, TYPEMATI, QTE_STOCK) VALUES ('GEAR BOX 6', 'ASSEMBLED MISSILE BODY V6', 'PF', 0.000)
[2026-05-08 10:01:17] [VERBOSE] SQL stmt 337 OK on table [B_ART]
[2026-05-08 10:01:17] [VERBOSE][SQL] Run SQL stmt 338 on table [I_PARTC]: IF OBJECT_ID(N'[dbo].[I_PARTC]', N'U') IS NOT NULL AND COL_LENGTH('dbo.I_PARTC','CODEARTIC') IS NOT NULL AND COL_LENGTH('dbo.I_PARTC','VER_ART') IS NOT NULL |     DELETE FROM I_PARTC WHERE CODEARTIC='GEAR BOX 6' AND VER_ART='00'
[2026-05-08 10:01:17] [VERBOSE] SQL stmt 338 OK on table [I_PARTC]
[2026-05-08 10:01:17] [VERBOSE][SQL] Run SQL stmt 339 on table [I_PART]: IF OBJECT_ID(N'[dbo].[I_PART]', N'U') IS NOT NULL AND COL_LENGTH('dbo.I_PART','CODEARTIC') IS NOT NULL AND COL_LENGTH('dbo.I_PART','VER_ART') IS NOT NULL |     DELETE FROM I_PART WHERE CODEARTIC='GEAR BOX 6' AND VER_ART='00'
[2026-05-08 10:01:17] [VERBOSE] SQL stmt 339 OK on table [I_PART]
[2026-05-08 10:01:17] [VERBOSE][SQL] Run SQL stmt 340 on table [B_PARTC]: IF OBJECT_ID(N'[dbo].[B_PARTC]', N'U') IS NOT NULL AND COL_LENGTH('dbo.B_PARTC','CODEARTIC') IS NOT NULL AND COL_LENGTH('dbo.B_PARTC','VER_ART') IS NOT NULL |     DELETE FROM B_PARTC WHERE CODEARTIC='GEAR BOX 6' AND VER_ART='00'
[2026-05-08 10:01:17] [VERBOSE] SQL stmt 340 OK on table [B_PARTC]
[2026-05-08 10:01:17] [VERBOSE][SQL] Run SQL stmt 341 on table [B_PART]: IF OBJECT_ID(N'[dbo].[B_PART]', N'U') IS NOT NULL AND COL_LENGTH('dbo.B_PART','CODEARTIC') IS NOT NULL AND COL_LENGTH('dbo.B_PART','VER_ART') IS NOT NULL |     DELETE FROM B_PART WHERE CODEARTIC='GEAR BOX 6' AND VER_ART='00'
[2026-05-08 10:01:17] [VERBOSE] SQL stmt 341 OK on table [B_PART]
[2026-05-08 10:01:17] [VERBOSE][SQL] Run SQL stmt 342 on table [B_VER_ART]: IF EXISTS (SELECT 1 FROM B_VER_ART WHERE CODEARTIC='GEAR BOX 6' AND VER_ART='00') |     UPDATE B_VER_ART SET VER_DESC='ASSEMBLED MISSILE BODY V6', NOMG='FINAL ASSEMBLY', VER_EFFET_DEBUT=CONVERT(datetime,'01/01/1995',103), VER_EFFET_FIN=CONVERT(datetime,'01/01/2050',103) WHERE CODEARTIC='GEAR BOX 6' AND VER_ART='00' | ELSE |     INSERT INTO B_VER_ART (CODEARTIC, VER_ART, VER_DESC, NOMG, VER_EFFET_DEBUT, VER_EFFET_FIN) |     VALUES ('GEAR BOX 6', '00', 'ASSEMBLED MISSILE BODY V6', 'FINAL ASSEMBLY', CONVERT(datetime,'01/01/1995',103), CONVERT(datetime,'01/01/2050',103))
[2026-05-08 10:01:17] [VERBOSE] SQL stmt 342 OK on table [B_VER_ART]
[2026-05-08 10:01:17] [VERBOSE][SQL] Run SQL stmt 343 on table [B_ART]: IF EXISTS (SELECT 1 FROM B_ART WHERE CODEARTIC='GEAR BOX 7') |     UPDATE B_ART SET LIBARTIC='ASSEMBLED MISSILE BODY v7', TYPEMATI='PF', QTE_STOCK=0.000 WHERE CODEARTIC='GEAR BOX 7' | ELSE |     INSERT INTO B_ART (CODEARTIC, LIBARTIC, TYPEMATI, QTE_STOCK) VALUES ('GEAR BOX 7', 'ASSEMBLED MISSILE BODY v7', 'PF', 0.000)
[2026-05-08 10:01:17] [VERBOSE] SQL stmt 343 OK on table [B_ART]
[2026-05-08 10:01:17] [VERBOSE][SQL] Run SQL stmt 344 on table [I_PARTC]: IF OBJECT_ID(N'[dbo].[I_PARTC]', N'U') IS NOT NULL AND COL_LENGTH('dbo.I_PARTC','CODEARTIC') IS NOT NULL AND COL_LENGTH('dbo.I_PARTC','VER_ART') IS NOT NULL |     DELETE FROM I_PARTC WHERE CODEARTIC='GEAR BOX 7' AND VER_ART='00'
[2026-05-08 10:01:17] [VERBOSE] SQL stmt 344 OK on table [I_PARTC]
[2026-05-08 10:01:17] [VERBOSE][SQL] Run SQL stmt 345 on table [I_PART]: IF OBJECT_ID(N'[dbo].[I_PART]', N'U') IS NOT NULL AND COL_LENGTH('dbo.I_PART','CODEARTIC') IS NOT NULL AND COL_LENGTH('dbo.I_PART','VER_ART') IS NOT NULL |     DELETE FROM I_PART WHERE CODEARTIC='GEAR BOX 7' AND VER_ART='00'
[2026-05-08 10:01:17] [VERBOSE] SQL stmt 345 OK on table [I_PART]
[2026-05-08 10:01:17] [VERBOSE][SQL] Run SQL stmt 346 on table [B_PARTC]: IF OBJECT_ID(N'[dbo].[B_PARTC]', N'U') IS NOT NULL AND COL_LENGTH('dbo.B_PARTC','CODEARTIC') IS NOT NULL AND COL_LENGTH('dbo.B_PARTC','VER_ART') IS NOT NULL |     DELETE FROM B_PARTC WHERE CODEARTIC='GEAR BOX 7' AND VER_ART='00'
[2026-05-08 10:01:17] [VERBOSE] SQL stmt 346 OK on table [B_PARTC]
[2026-05-08 10:01:17] [VERBOSE][SQL] Run SQL stmt 347 on table [B_PART]: IF OBJECT_ID(N'[dbo].[B_PART]', N'U') IS NOT NULL AND COL_LENGTH('dbo.B_PART','CODEARTIC') IS NOT NULL AND COL_LENGTH('dbo.B_PART','VER_ART') IS NOT NULL |     DELETE FROM B_PART WHERE CODEARTIC='GEAR BOX 7' AND VER_ART='00'
[2026-05-08 10:01:17] [VERBOSE] SQL stmt 347 OK on table [B_PART]
[2026-05-08 10:01:17] [VERBOSE][SQL] Run SQL stmt 348 on table [B_VER_ART]: IF EXISTS (SELECT 1 FROM B_VER_ART WHERE CODEARTIC='GEAR BOX 7' AND VER_ART='00') |     UPDATE B_VER_ART SET VER_DESC='ASSEMBLED MISSILE BODY v7', NOMG='FINAL ASSEMBLY', VER_EFFET_DEBUT=CONVERT(datetime,'01/01/1995',103), VER_EFFET_FIN=CONVERT(datetime,'01/01/2050',103) WHERE CODEARTIC='GEAR BOX 7' AND VER_ART='00' | ELSE |     INSERT INTO B_VER_ART (CODEARTIC, VER_ART, VER_DESC, NOMG, VER_EFFET_DEBUT, VER_EFFET_FIN) |     VALUES ('GEAR BOX 7', '00', 'ASSEMBLED MISSILE BODY v7', 'FINAL ASSEMBLY', CONVERT(datetime,'01/01/1995',103), CONVERT(datetime,'01/01/2050',103))
[2026-05-08 10:01:17] [VERBOSE] SQL stmt 348 OK on table [B_VER_ART]
[2026-05-08 10:01:17] [VERBOSE][SQL] Run SQL stmt 349 on table [B_ART]: IF EXISTS (SELECT 1 FROM B_ART WHERE CODEARTIC='GEAR BOX 8') |     UPDATE B_ART SET LIBARTIC='ASSEMBLED MISSILE BODY v8', TYPEMATI='PF', QTE_STOCK=0.000 WHERE CODEARTIC='GEAR BOX 8' | ELSE |     INSERT INTO B_ART (CODEARTIC, LIBARTIC, TYPEMATI, QTE_STOCK) VALUES ('GEAR BOX 8', 'ASSEMBLED MISSILE BODY v8', 'PF', 0.000)
[2026-05-08 10:01:17] [VERBOSE] SQL stmt 349 OK on table [B_ART]
[2026-05-08 10:01:17] [VERBOSE][SQL] Run SQL stmt 350 on table [I_PARTC]: IF OBJECT_ID(N'[dbo].[I_PARTC]', N'U') IS NOT NULL AND COL_LENGTH('dbo.I_PARTC','CODEARTIC') IS NOT NULL AND COL_LENGTH('dbo.I_PARTC','VER_ART') IS NOT NULL |     DELETE FROM I_PARTC WHERE CODEARTIC='GEAR BOX 8' AND VER_ART='00'
[2026-05-08 10:01:17] [VERBOSE] SQL stmt 350 OK on table [I_PARTC]
[2026-05-08 10:01:17] [VERBOSE][SQL] Run SQL stmt 351 on table [I_PART]: IF OBJECT_ID(N'[dbo].[I_PART]', N'U') IS NOT NULL AND COL_LENGTH('dbo.I_PART','CODEARTIC') IS NOT NULL AND COL_LENGTH('dbo.I_PART','VER_ART') IS NOT NULL |     DELETE FROM I_PART WHERE CODEARTIC='GEAR BOX 8' AND VER_ART='00'
[2026-05-08 10:01:17] [VERBOSE] SQL stmt 351 OK on table [I_PART]
[2026-05-08 10:01:17] [VERBOSE][SQL] Run SQL stmt 352 on table [B_PARTC]: IF OBJECT_ID(N'[dbo].[B_PARTC]', N'U') IS NOT NULL AND COL_LENGTH('dbo.B_PARTC','CODEARTIC') IS NOT NULL AND COL_LENGTH('dbo.B_PARTC','VER_ART') IS NOT NULL |     DELETE FROM B_PARTC WHERE CODEARTIC='GEAR BOX 8' AND VER_ART='00'
[2026-05-08 10:01:17] [VERBOSE] SQL stmt 352 OK on table [B_PARTC]
[2026-05-08 10:01:17] [VERBOSE][SQL] Run SQL stmt 353 on table [B_PART]: IF OBJECT_ID(N'[dbo].[B_PART]', N'U') IS NOT NULL AND COL_LENGTH('dbo.B_PART','CODEARTIC') IS NOT NULL AND COL_LENGTH('dbo.B_PART','VER_ART') IS NOT NULL |     DELETE FROM B_PART WHERE CODEARTIC='GEAR BOX 8' AND VER_ART='00'
[2026-05-08 10:01:17] [VERBOSE] SQL stmt 353 OK on table [B_PART]
[2026-05-08 10:01:18] [VERBOSE][SQL] Run SQL stmt 354 on table [B_VER_ART]: IF EXISTS (SELECT 1 FROM B_VER_ART WHERE CODEARTIC='GEAR BOX 8' AND VER_ART='00') |     UPDATE B_VER_ART SET VER_DESC='ASSEMBLED MISSILE BODY v8', NOMG='FINAL ASSEMBLY', VER_EFFET_DEBUT=CONVERT(datetime,'01/01/1995',103), VER_EFFET_FIN=CONVERT(datetime,'01/01/2050',103) WHERE CODEARTIC='GEAR BOX 8' AND VER_ART='00' | ELSE |     INSERT INTO B_VER_ART (CODEARTIC, VER_ART, VER_DESC, NOMG, VER_EFFET_DEBUT, VER_EFFET_FIN) |     VALUES ('GEAR BOX 8', '00', 'ASSEMBLED MISSILE BODY v8', 'FINAL ASSEMBLY', CONVERT(datetime,'01/01/1995',103), CONVERT(datetime,'01/01/2050',103))
[2026-05-08 10:01:18] [VERBOSE] SQL stmt 354 OK on table [B_VER_ART]
[2026-05-08 10:01:18] [VERBOSE][SQL] Run SQL stmt 355 on table [B_ART]: IF EXISTS (SELECT 1 FROM B_ART WHERE CODEARTIC='GEAR BOX AUTOMATIC') |     UPDATE B_ART SET LIBARTIC='ASSEMBLED MISSILE BODY v2', TYPEMATI='PF', QTE_STOCK=0.000 WHERE CODEARTIC='GEAR BOX AUTOMATIC' | ELSE |     INSERT INTO B_ART (CODEARTIC, LIBARTIC, TYPEMATI, QTE_STOCK) VALUES ('GEAR BOX AUTOMATIC', 'ASSEMBLED MISSILE BODY v2', 'PF', 0.000)
[2026-05-08 10:01:18] [VERBOSE] SQL stmt 355 OK on table [B_ART]
[2026-05-08 10:01:18] [VERBOSE][SQL] Run SQL stmt 356 on table [I_PARTC]: IF OBJECT_ID(N'[dbo].[I_PARTC]', N'U') IS NOT NULL AND COL_LENGTH('dbo.I_PARTC','CODEARTIC') IS NOT NULL AND COL_LENGTH('dbo.I_PARTC','VER_ART') IS NOT NULL |     DELETE FROM I_PARTC WHERE CODEARTIC='GEAR BOX AUTOMATIC' AND VER_ART='00'
[2026-05-08 10:01:18] [VERBOSE] SQL stmt 356 OK on table [I_PARTC]
[2026-05-08 10:01:18] [VERBOSE][SQL] Run SQL stmt 357 on table [I_PART]: IF OBJECT_ID(N'[dbo].[I_PART]', N'U') IS NOT NULL AND COL_LENGTH('dbo.I_PART','CODEARTIC') IS NOT NULL AND COL_LENGTH('dbo.I_PART','VER_ART') IS NOT NULL |     DELETE FROM I_PART WHERE CODEARTIC='GEAR BOX AUTOMATIC' AND VER_ART='00'
[2026-05-08 10:01:18] [VERBOSE] SQL stmt 357 OK on table [I_PART]
[2026-05-08 10:01:18] [VERBOSE][SQL] Run SQL stmt 358 on table [B_PARTC]: IF OBJECT_ID(N'[dbo].[B_PARTC]', N'U') IS NOT NULL AND COL_LENGTH('dbo.B_PARTC','CODEARTIC') IS NOT NULL AND COL_LENGTH('dbo.B_PARTC','VER_ART') IS NOT NULL |     DELETE FROM B_PARTC WHERE CODEARTIC='GEAR BOX AUTOMATIC' AND VER_ART='00'
[2026-05-08 10:01:18] [VERBOSE] SQL stmt 358 OK on table [B_PARTC]
[2026-05-08 10:01:18] [VERBOSE][SQL] Run SQL stmt 359 on table [B_PART]: IF OBJECT_ID(N'[dbo].[B_PART]', N'U') IS NOT NULL AND COL_LENGTH('dbo.B_PART','CODEARTIC') IS NOT NULL AND COL_LENGTH('dbo.B_PART','VER_ART') IS NOT NULL |     DELETE FROM B_PART WHERE CODEARTIC='GEAR BOX AUTOMATIC' AND VER_ART='00'
[2026-05-08 10:01:18] [VERBOSE] SQL stmt 359 OK on table [B_PART]
[2026-05-08 10:01:18] [VERBOSE][SQL] Run SQL stmt 360 on table [B_VER_ART]: IF EXISTS (SELECT 1 FROM B_VER_ART WHERE CODEARTIC='GEAR BOX AUTOMATIC' AND VER_ART='00') |     UPDATE B_VER_ART SET VER_DESC='ASSEMBLED MISSILE BODY v2', NOMG='FINAL ASSEMBLY', VER_EFFET_DEBUT=CONVERT(datetime,'01/01/1995',103), VER_EFFET_FIN=CONVERT(datetime,'01/01/2050',103) WHERE CODEARTIC='GEAR BOX AUTOMATIC' AND VER_ART='00' | ELSE |     INSERT INTO B_VER_ART (CODEARTIC, VER_ART, VER_DESC, NOMG, VER_EFFET_DEBUT, VER_EFFET_FIN) |     VALUES ('GEAR BOX AUTOMATIC', '00', 'ASSEMBLED MISSILE BODY v2', 'FINAL ASSEMBLY', CONVERT(datetime,'01/01/1995',103), CONVERT(datetime,'01/01/2050',103))
[2026-05-08 10:01:18] [VERBOSE] SQL stmt 360 OK on table [B_VER_ART]
[2026-05-08 10:01:18] [VERBOSE][SQL] Run SQL stmt 361 on table [B_ART]: IF EXISTS (SELECT 1 FROM B_ART WHERE CODEARTIC='PINION 4G') |     UPDATE B_ART SET LIBARTIC='WARHEAD V3', TYPEMATI='SF', QTE_STOCK=250.000 WHERE CODEARTIC='PINION 4G' | ELSE |     INSERT INTO B_ART (CODEARTIC, LIBARTIC, TYPEMATI, QTE_STOCK) VALUES ('PINION 4G', 'WARHEAD V3', 'SF', 250.000)
[2026-05-08 10:01:18] [VERBOSE] SQL stmt 361 OK on table [B_ART]
[2026-05-08 10:01:18] [VERBOSE][SQL] Run SQL stmt 362 on table [I_PARTC]: IF OBJECT_ID(N'[dbo].[I_PARTC]', N'U') IS NOT NULL AND COL_LENGTH('dbo.I_PARTC','CODEARTIC') IS NOT NULL AND COL_LENGTH('dbo.I_PARTC','VER_ART') IS NOT NULL |     DELETE FROM I_PARTC WHERE CODEARTIC='PINION 4G' AND VER_ART='00'
[2026-05-08 10:01:18] [VERBOSE] SQL stmt 362 OK on table [I_PARTC]
[2026-05-08 10:01:18] [VERBOSE][SQL] Run SQL stmt 363 on table [I_PART]: IF OBJECT_ID(N'[dbo].[I_PART]', N'U') IS NOT NULL AND COL_LENGTH('dbo.I_PART','CODEARTIC') IS NOT NULL AND COL_LENGTH('dbo.I_PART','VER_ART') IS NOT NULL |     DELETE FROM I_PART WHERE CODEARTIC='PINION 4G' AND VER_ART='00'
[2026-05-08 10:01:18] [VERBOSE] SQL stmt 363 OK on table [I_PART]
[2026-05-08 10:01:18] [VERBOSE][SQL] Run SQL stmt 364 on table [B_PARTC]: IF OBJECT_ID(N'[dbo].[B_PARTC]', N'U') IS NOT NULL AND COL_LENGTH('dbo.B_PARTC','CODEARTIC') IS NOT NULL AND COL_LENGTH('dbo.B_PARTC','VER_ART') IS NOT NULL |     DELETE FROM B_PARTC WHERE CODEARTIC='PINION 4G' AND VER_ART='00'
[2026-05-08 10:01:18] [VERBOSE] SQL stmt 364 OK on table [B_PARTC]
[2026-05-08 10:01:18] [VERBOSE][SQL] Run SQL stmt 365 on table [B_PART]: IF OBJECT_ID(N'[dbo].[B_PART]', N'U') IS NOT NULL AND COL_LENGTH('dbo.B_PART','CODEARTIC') IS NOT NULL AND COL_LENGTH('dbo.B_PART','VER_ART') IS NOT NULL |     DELETE FROM B_PART WHERE CODEARTIC='PINION 4G' AND VER_ART='00'
[2026-05-08 10:01:18] [VERBOSE] SQL stmt 365 OK on table [B_PART]
[2026-05-08 10:01:19] [VERBOSE][SQL] Run SQL stmt 366 on table [B_VER_ART]: IF EXISTS (SELECT 1 FROM B_VER_ART WHERE CODEARTIC='PINION 4G' AND VER_ART='00') |     UPDATE B_VER_ART SET VER_DESC='WARHEAD V3', NOMG='PINION ALTERNATE', VER_EFFET_DEBUT=CONVERT(datetime,'01/01/1995',103), VER_EFFET_FIN=CONVERT(datetime,'01/01/2050',103) WHERE CODEARTIC='PINION 4G' AND VER_ART='00' | ELSE |     INSERT INTO B_VER_ART (CODEARTIC, VER_ART, VER_DESC, NOMG, VER_EFFET_DEBUT, VER_EFFET_FIN) |     VALUES ('PINION 4G', '00', 'WARHEAD V3', 'PINION ALTERNATE', CONVERT(datetime,'01/01/1995',103), CONVERT(datetime,'01/01/2050',103))
[2026-05-08 10:01:19] [VERBOSE] SQL stmt 366 OK on table [B_VER_ART]
[2026-05-08 10:01:19] [VERBOSE][SQL] Run SQL stmt 367 on table [B_ART]: IF EXISTS (SELECT 1 FROM B_ART WHERE CODEARTIC='PINION 5G') |     UPDATE B_ART SET LIBARTIC='WAREAD V8', TYPEMATI='SF', QTE_STOCK=250.000 WHERE CODEARTIC='PINION 5G' | ELSE |     INSERT INTO B_ART (CODEARTIC, LIBARTIC, TYPEMATI, QTE_STOCK) VALUES ('PINION 5G', 'WAREAD V8', 'SF', 250.000)
[2026-05-08 10:01:19] [VERBOSE] SQL stmt 367 OK on table [B_ART]
[2026-05-08 10:01:19] [VERBOSE][SQL] Run SQL stmt 368 on table [I_PARTC]: IF OBJECT_ID(N'[dbo].[I_PARTC]', N'U') IS NOT NULL AND COL_LENGTH('dbo.I_PARTC','CODEARTIC') IS NOT NULL AND COL_LENGTH('dbo.I_PARTC','VER_ART') IS NOT NULL |     DELETE FROM I_PARTC WHERE CODEARTIC='PINION 5G' AND VER_ART='00'
[2026-05-08 10:01:19] [VERBOSE] SQL stmt 368 OK on table [I_PARTC]
[2026-05-08 10:01:19] [VERBOSE][SQL] Run SQL stmt 369 on table [I_PART]: IF OBJECT_ID(N'[dbo].[I_PART]', N'U') IS NOT NULL AND COL_LENGTH('dbo.I_PART','CODEARTIC') IS NOT NULL AND COL_LENGTH('dbo.I_PART','VER_ART') IS NOT NULL |     DELETE FROM I_PART WHERE CODEARTIC='PINION 5G' AND VER_ART='00'
[2026-05-08 10:01:19] [VERBOSE] SQL stmt 369 OK on table [I_PART]
[2026-05-08 10:01:19] [VERBOSE][SQL] Run SQL stmt 370 on table [B_PARTC]: IF OBJECT_ID(N'[dbo].[B_PARTC]', N'U') IS NOT NULL AND COL_LENGTH('dbo.B_PARTC','CODEARTIC') IS NOT NULL AND COL_LENGTH('dbo.B_PARTC','VER_ART') IS NOT NULL |     DELETE FROM B_PARTC WHERE CODEARTIC='PINION 5G' AND VER_ART='00'
[2026-05-08 10:01:19] [VERBOSE] SQL stmt 370 OK on table [B_PARTC]
[2026-05-08 10:01:19] [VERBOSE][SQL] Run SQL stmt 371 on table [B_PART]: IF OBJECT_ID(N'[dbo].[B_PART]', N'U') IS NOT NULL AND COL_LENGTH('dbo.B_PART','CODEARTIC') IS NOT NULL AND COL_LENGTH('dbo.B_PART','VER_ART') IS NOT NULL |     DELETE FROM B_PART WHERE CODEARTIC='PINION 5G' AND VER_ART='00'
[2026-05-08 10:01:19] [VERBOSE] SQL stmt 371 OK on table [B_PART]
[2026-05-08 10:01:19] [VERBOSE][SQL] Run SQL stmt 372 on table [B_VER_ART]: IF EXISTS (SELECT 1 FROM B_VER_ART WHERE CODEARTIC='PINION 5G' AND VER_ART='00') |     UPDATE B_VER_ART SET VER_DESC='WAREAD V8', NOMG='PINION', VER_EFFET_DEBUT=CONVERT(datetime,'01/01/1995',103), VER_EFFET_FIN=CONVERT(datetime,'01/01/2050',103) WHERE CODEARTIC='PINION 5G' AND VER_ART='00' | ELSE |     INSERT INTO B_VER_ART (CODEARTIC, VER_ART, VER_DESC, NOMG, VER_EFFET_DEBUT, VER_EFFET_FIN) |     VALUES ('PINION 5G', '00', 'WAREAD V8', 'PINION', CONVERT(datetime,'01/01/1995',103), CONVERT(datetime,'01/01/2050',103))
[2026-05-08 10:01:19] [VERBOSE] SQL stmt 372 OK on table [B_VER_ART]
[2026-05-08 10:01:19] [VERBOSE][SQL] Run SQL stmt 373 on table [B_ART]: IF EXISTS (SELECT 1 FROM B_ART WHERE CODEARTIC='PINION 6G') |     UPDATE B_ART SET LIBARTIC='WARHEAD V2', TYPEMATI='SF', QTE_STOCK=250.000 WHERE CODEARTIC='PINION 6G' | ELSE |     INSERT INTO B_ART (CODEARTIC, LIBARTIC, TYPEMATI, QTE_STOCK) VALUES ('PINION 6G', 'WARHEAD V2', 'SF', 250.000)
[2026-05-08 10:01:19] [VERBOSE] SQL stmt 373 OK on table [B_ART]
[2026-05-08 10:01:19] [VERBOSE][SQL] Run SQL stmt 374 on table [I_PARTC]: IF OBJECT_ID(N'[dbo].[I_PARTC]', N'U') IS NOT NULL AND COL_LENGTH('dbo.I_PARTC','CODEARTIC') IS NOT NULL AND COL_LENGTH('dbo.I_PARTC','VER_ART') IS NOT NULL |     DELETE FROM I_PARTC WHERE CODEARTIC='PINION 6G' AND VER_ART='00'
[2026-05-08 10:01:19] [VERBOSE] SQL stmt 374 OK on table [I_PARTC]
[2026-05-08 10:01:19] [VERBOSE][SQL] Run SQL stmt 375 on table [I_PART]: IF OBJECT_ID(N'[dbo].[I_PART]', N'U') IS NOT NULL AND COL_LENGTH('dbo.I_PART','CODEARTIC') IS NOT NULL AND COL_LENGTH('dbo.I_PART','VER_ART') IS NOT NULL |     DELETE FROM I_PART WHERE CODEARTIC='PINION 6G' AND VER_ART='00'
[2026-05-08 10:01:19] [VERBOSE] SQL stmt 375 OK on table [I_PART]
[2026-05-08 10:01:19] [VERBOSE][SQL] Run SQL stmt 376 on table [B_PARTC]: IF OBJECT_ID(N'[dbo].[B_PARTC]', N'U') IS NOT NULL AND COL_LENGTH('dbo.B_PARTC','CODEARTIC') IS NOT NULL AND COL_LENGTH('dbo.B_PARTC','VER_ART') IS NOT NULL |     DELETE FROM B_PARTC WHERE CODEARTIC='PINION 6G' AND VER_ART='00'
[2026-05-08 10:01:19] [VERBOSE] SQL stmt 376 OK on table [B_PARTC]
[2026-05-08 10:01:19] [VERBOSE][SQL] Run SQL stmt 377 on table [B_PART]: IF OBJECT_ID(N'[dbo].[B_PART]', N'U') IS NOT NULL AND COL_LENGTH('dbo.B_PART','CODEARTIC') IS NOT NULL AND COL_LENGTH('dbo.B_PART','VER_ART') IS NOT NULL |     DELETE FROM B_PART WHERE CODEARTIC='PINION 6G' AND VER_ART='00'
[2026-05-08 10:01:19] [VERBOSE] SQL stmt 377 OK on table [B_PART]
[2026-05-08 10:01:19] [VERBOSE][SQL] Run SQL stmt 378 on table [B_VER_ART]: IF EXISTS (SELECT 1 FROM B_VER_ART WHERE CODEARTIC='PINION 6G' AND VER_ART='00') |     UPDATE B_VER_ART SET VER_DESC='WARHEAD V2', NOMG='PINION', VER_EFFET_DEBUT=CONVERT(datetime,'01/01/1995',103), VER_EFFET_FIN=CONVERT(datetime,'01/01/2050',103) WHERE CODEARTIC='PINION 6G' AND VER_ART='00' | ELSE |     INSERT INTO B_VER_ART (CODEARTIC, VER_ART, VER_DESC, NOMG, VER_EFFET_DEBUT, VER_EFFET_FIN) |     VALUES ('PINION 6G', '00', 'WARHEAD V2', 'PINION', CONVERT(datetime,'01/01/1995',103), CONVERT(datetime,'01/01/2050',103))
[2026-05-08 10:01:19] [VERBOSE] SQL stmt 378 OK on table [B_VER_ART]
[2026-05-08 10:01:19] [VERBOSE][SQL] Run SQL stmt 379 on table [B_ART]: IF EXISTS (SELECT 1 FROM B_ART WHERE CODEARTIC='PINION AUTO') |     UPDATE B_ART SET LIBARTIC='WARHEAD V6', TYPEMATI='SF', QTE_STOCK=250.000 WHERE CODEARTIC='PINION AUTO' | ELSE |     INSERT INTO B_ART (CODEARTIC, LIBARTIC, TYPEMATI, QTE_STOCK) VALUES ('PINION AUTO', 'WARHEAD V6', 'SF', 250.000)
[2026-05-08 10:01:19] [VERBOSE] SQL stmt 379 OK on table [B_ART]
[2026-05-08 10:01:19] [VERBOSE][SQL] Run SQL stmt 380 on table [I_PARTC]: IF OBJECT_ID(N'[dbo].[I_PARTC]', N'U') IS NOT NULL AND COL_LENGTH('dbo.I_PARTC','CODEARTIC') IS NOT NULL AND COL_LENGTH('dbo.I_PARTC','VER_ART') IS NOT NULL |     DELETE FROM I_PARTC WHERE CODEARTIC='PINION AUTO' AND VER_ART='00'
[2026-05-08 10:01:19] [VERBOSE] SQL stmt 380 OK on table [I_PARTC]
[2026-05-08 10:01:19] [VERBOSE][SQL] Run SQL stmt 381 on table [I_PART]: IF OBJECT_ID(N'[dbo].[I_PART]', N'U') IS NOT NULL AND COL_LENGTH('dbo.I_PART','CODEARTIC') IS NOT NULL AND COL_LENGTH('dbo.I_PART','VER_ART') IS NOT NULL |     DELETE FROM I_PART WHERE CODEARTIC='PINION AUTO' AND VER_ART='00'
[2026-05-08 10:01:19] [VERBOSE] SQL stmt 381 OK on table [I_PART]
[2026-05-08 10:01:20] [VERBOSE][SQL] Run SQL stmt 382 on table [B_PARTC]: IF OBJECT_ID(N'[dbo].[B_PARTC]', N'U') IS NOT NULL AND COL_LENGTH('dbo.B_PARTC','CODEARTIC') IS NOT NULL AND COL_LENGTH('dbo.B_PARTC','VER_ART') IS NOT NULL |     DELETE FROM B_PARTC WHERE CODEARTIC='PINION AUTO' AND VER_ART='00'
[2026-05-08 10:01:20] [VERBOSE] SQL stmt 382 OK on table [B_PARTC]
[2026-05-08 10:01:20] [VERBOSE][SQL] Run SQL stmt 383 on table [B_PART]: IF OBJECT_ID(N'[dbo].[B_PART]', N'U') IS NOT NULL AND COL_LENGTH('dbo.B_PART','CODEARTIC') IS NOT NULL AND COL_LENGTH('dbo.B_PART','VER_ART') IS NOT NULL |     DELETE FROM B_PART WHERE CODEARTIC='PINION AUTO' AND VER_ART='00'
[2026-05-08 10:01:20] [VERBOSE] SQL stmt 383 OK on table [B_PART]
[2026-05-08 10:01:20] [VERBOSE][SQL] Run SQL stmt 384 on table [B_VER_ART]: IF EXISTS (SELECT 1 FROM B_VER_ART WHERE CODEARTIC='PINION AUTO' AND VER_ART='00') |     UPDATE B_VER_ART SET VER_DESC='WARHEAD V6', NOMG='PINION', VER_EFFET_DEBUT=CONVERT(datetime,'01/01/1995',103), VER_EFFET_FIN=CONVERT(datetime,'01/01/2050',103) WHERE CODEARTIC='PINION AUTO' AND VER_ART='00' | ELSE |     INSERT INTO B_VER_ART (CODEARTIC, VER_ART, VER_DESC, NOMG, VER_EFFET_DEBUT, VER_EFFET_FIN) |     VALUES ('PINION AUTO', '00', 'WARHEAD V6', 'PINION', CONVERT(datetime,'01/01/1995',103), CONVERT(datetime,'01/01/2050',103))
[2026-05-08 10:01:20] [VERBOSE] SQL stmt 384 OK on table [B_VER_ART]
[2026-05-08 10:01:20] [VERBOSE][SQL] Run SQL stmt 385 on table [B_ART]: IF EXISTS (SELECT 1 FROM B_ART WHERE CODEARTIC='REDUCTION BOX 4G') |     UPDATE B_ART SET LIBARTIC='WARHEAD V4', TYPEMATI='SF', QTE_STOCK=250.000 WHERE CODEARTIC='REDUCTION BOX 4G' | ELSE |     INSERT INTO B_ART (CODEARTIC, LIBARTIC, TYPEMATI, QTE_STOCK) VALUES ('REDUCTION BOX 4G', 'WARHEAD V4', 'SF', 250.000)
[2026-05-08 10:01:20] [VERBOSE] SQL stmt 385 OK on table [B_ART]
[2026-05-08 10:01:20] [VERBOSE][SQL] Run SQL stmt 386 on table [I_PARTC]: IF OBJECT_ID(N'[dbo].[I_PARTC]', N'U') IS NOT NULL AND COL_LENGTH('dbo.I_PARTC','CODEARTIC') IS NOT NULL AND COL_LENGTH('dbo.I_PARTC','VER_ART') IS NOT NULL |     DELETE FROM I_PARTC WHERE CODEARTIC='REDUCTION BOX 4G' AND VER_ART='00'
[2026-05-08 10:01:20] [VERBOSE] SQL stmt 386 OK on table [I_PARTC]
[2026-05-08 10:01:20] [VERBOSE][SQL] Run SQL stmt 387 on table [I_PART]: IF OBJECT_ID(N'[dbo].[I_PART]', N'U') IS NOT NULL AND COL_LENGTH('dbo.I_PART','CODEARTIC') IS NOT NULL AND COL_LENGTH('dbo.I_PART','VER_ART') IS NOT NULL |     DELETE FROM I_PART WHERE CODEARTIC='REDUCTION BOX 4G' AND VER_ART='00'
[2026-05-08 10:01:20] [VERBOSE] SQL stmt 387 OK on table [I_PART]
[2026-05-08 10:01:20] [VERBOSE][SQL] Run SQL stmt 388 on table [B_PARTC]: IF OBJECT_ID(N'[dbo].[B_PARTC]', N'U') IS NOT NULL AND COL_LENGTH('dbo.B_PARTC','CODEARTIC') IS NOT NULL AND COL_LENGTH('dbo.B_PARTC','VER_ART') IS NOT NULL |     DELETE FROM B_PARTC WHERE CODEARTIC='REDUCTION BOX 4G' AND VER_ART='00'
[2026-05-08 10:01:20] [VERBOSE] SQL stmt 388 OK on table [B_PARTC]
[2026-05-08 10:01:20] [VERBOSE][SQL] Run SQL stmt 389 on table [B_PART]: IF OBJECT_ID(N'[dbo].[B_PART]', N'U') IS NOT NULL AND COL_LENGTH('dbo.B_PART','CODEARTIC') IS NOT NULL AND COL_LENGTH('dbo.B_PART','VER_ART') IS NOT NULL |     DELETE FROM B_PART WHERE CODEARTIC='REDUCTION BOX 4G' AND VER_ART='00'
[2026-05-08 10:01:20] [VERBOSE] SQL stmt 389 OK on table [B_PART]
[2026-05-08 10:01:20] [VERBOSE][SQL] Run SQL stmt 390 on table [B_VER_ART]: IF EXISTS (SELECT 1 FROM B_VER_ART WHERE CODEARTIC='REDUCTION BOX 4G' AND VER_ART='00') |     UPDATE B_VER_ART SET VER_DESC='WARHEAD V4', NOMG='REDUCTION BOX', VER_EFFET_DEBUT=CONVERT(datetime,'01/01/1995',103), VER_EFFET_FIN=CONVERT(datetime,'01/01/2050',103) WHERE CODEARTIC='REDUCTION BOX 4G' AND VER_ART='00' | ELSE |     INSERT INTO B_VER_ART (CODEARTIC, VER_ART, VER_DESC, NOMG, VER_EFFET_DEBUT, VER_EFFET_FIN) |     VALUES ('REDUCTION BOX 4G', '00', 'WARHEAD V4', 'REDUCTION BOX', CONVERT(datetime,'01/01/1995',103), CONVERT(datetime,'01/01/2050',103))
[2026-05-08 10:01:20] [VERBOSE] SQL stmt 390 OK on table [B_VER_ART]
[2026-05-08 10:01:20] [VERBOSE][SQL] Run SQL stmt 391 on table [B_ART]: IF EXISTS (SELECT 1 FROM B_ART WHERE CODEARTIC='REDUCTION BOX 5G') |     UPDATE B_ART SET LIBARTIC='WARHEAD V5', TYPEMATI='SF', QTE_STOCK=250.000 WHERE CODEARTIC='REDUCTION BOX 5G' | ELSE |     INSERT INTO B_ART (CODEARTIC, LIBARTIC, TYPEMATI, QTE_STOCK) VALUES ('REDUCTION BOX 5G', 'WARHEAD V5', 'SF', 250.000)
[2026-05-08 10:01:20] [VERBOSE] SQL stmt 391 OK on table [B_ART]
[2026-05-08 10:01:20] [VERBOSE][SQL] Run SQL stmt 392 on table [I_PARTC]: IF OBJECT_ID(N'[dbo].[I_PARTC]', N'U') IS NOT NULL AND COL_LENGTH('dbo.I_PARTC','CODEARTIC') IS NOT NULL AND COL_LENGTH('dbo.I_PARTC','VER_ART') IS NOT NULL |     DELETE FROM I_PARTC WHERE CODEARTIC='REDUCTION BOX 5G' AND VER_ART='00'
[2026-05-08 10:01:20] [VERBOSE] SQL stmt 392 OK on table [I_PARTC]
[2026-05-08 10:01:20] [VERBOSE][SQL] Run SQL stmt 393 on table [I_PART]: IF OBJECT_ID(N'[dbo].[I_PART]', N'U') IS NOT NULL AND COL_LENGTH('dbo.I_PART','CODEARTIC') IS NOT NULL AND COL_LENGTH('dbo.I_PART','VER_ART') IS NOT NULL |     DELETE FROM I_PART WHERE CODEARTIC='REDUCTION BOX 5G' AND VER_ART='00'
[2026-05-08 10:01:21] [VERBOSE] SQL stmt 393 OK on table [I_PART]
[2026-05-08 10:01:21] [VERBOSE][SQL] Run SQL stmt 394 on table [B_PARTC]: IF OBJECT_ID(N'[dbo].[B_PARTC]', N'U') IS NOT NULL AND COL_LENGTH('dbo.B_PARTC','CODEARTIC') IS NOT NULL AND COL_LENGTH('dbo.B_PARTC','VER_ART') IS NOT NULL |     DELETE FROM B_PARTC WHERE CODEARTIC='REDUCTION BOX 5G' AND VER_ART='00'
[2026-05-08 10:01:21] [VERBOSE] SQL stmt 394 OK on table [B_PARTC]
[2026-05-08 10:01:21] [VERBOSE][SQL] Run SQL stmt 395 on table [B_PART]: IF OBJECT_ID(N'[dbo].[B_PART]', N'U') IS NOT NULL AND COL_LENGTH('dbo.B_PART','CODEARTIC') IS NOT NULL AND COL_LENGTH('dbo.B_PART','VER_ART') IS NOT NULL |     DELETE FROM B_PART WHERE CODEARTIC='REDUCTION BOX 5G' AND VER_ART='00'
[2026-05-08 10:01:21] [VERBOSE] SQL stmt 395 OK on table [B_PART]
[2026-05-08 10:01:21] [VERBOSE][SQL] Run SQL stmt 396 on table [B_VER_ART]: IF EXISTS (SELECT 1 FROM B_VER_ART WHERE CODEARTIC='REDUCTION BOX 5G' AND VER_ART='00') |     UPDATE B_VER_ART SET VER_DESC='WARHEAD V5', NOMG='REDUCTION BOX', VER_EFFET_DEBUT=CONVERT(datetime,'01/01/1995',103), VER_EFFET_FIN=CONVERT(datetime,'01/01/2050',103) WHERE CODEARTIC='REDUCTION BOX 5G' AND VER_ART='00' | ELSE |     INSERT INTO B_VER_ART (CODEARTIC, VER_ART, VER_DESC, NOMG, VER_EFFET_DEBUT, VER_EFFET_FIN) |     VALUES ('REDUCTION BOX 5G', '00', 'WARHEAD V5', 'REDUCTION BOX', CONVERT(datetime,'01/01/1995',103), CONVERT(datetime,'01/01/2050',103))
[2026-05-08 10:01:21] [VERBOSE] SQL stmt 396 OK on table [B_VER_ART]
[2026-05-08 10:01:21] [VERBOSE][SQL] Run SQL stmt 397 on table [B_ART]: IF EXISTS (SELECT 1 FROM B_ART WHERE CODEARTIC='REDUCTION BOX 6G') |     UPDATE B_ART SET LIBARTIC='MISSILE BODY V4', TYPEMATI='SF', QTE_STOCK=250.000 WHERE CODEARTIC='REDUCTION BOX 6G' | ELSE |     INSERT INTO B_ART (CODEARTIC, LIBARTIC, TYPEMATI, QTE_STOCK) VALUES ('REDUCTION BOX 6G', 'MISSILE BODY V4', 'SF', 250.000)
[2026-05-08 10:01:21] [VERBOSE] SQL stmt 397 OK on table [B_ART]
[2026-05-08 10:01:21] [VERBOSE][SQL] Run SQL stmt 398 on table [I_PARTC]: IF OBJECT_ID(N'[dbo].[I_PARTC]', N'U') IS NOT NULL AND COL_LENGTH('dbo.I_PARTC','CODEARTIC') IS NOT NULL AND COL_LENGTH('dbo.I_PARTC','VER_ART') IS NOT NULL |     DELETE FROM I_PARTC WHERE CODEARTIC='REDUCTION BOX 6G' AND VER_ART='00'
[2026-05-08 10:01:21] [VERBOSE] SQL stmt 398 OK on table [I_PARTC]
[2026-05-08 10:01:21] [VERBOSE][SQL] Run SQL stmt 399 on table [I_PART]: IF OBJECT_ID(N'[dbo].[I_PART]', N'U') IS NOT NULL AND COL_LENGTH('dbo.I_PART','CODEARTIC') IS NOT NULL AND COL_LENGTH('dbo.I_PART','VER_ART') IS NOT NULL |     DELETE FROM I_PART WHERE CODEARTIC='REDUCTION BOX 6G' AND VER_ART='00'
[2026-05-08 10:01:21] [VERBOSE] SQL stmt 399 OK on table [I_PART]
[2026-05-08 10:01:21] [VERBOSE][SQL] Run SQL stmt 400 on table [B_PARTC]: IF OBJECT_ID(N'[dbo].[B_PARTC]', N'U') IS NOT NULL AND COL_LENGTH('dbo.B_PARTC','CODEARTIC') IS NOT NULL AND COL_LENGTH('dbo.B_PARTC','VER_ART') IS NOT NULL |     DELETE FROM B_PARTC WHERE CODEARTIC='REDUCTION BOX 6G' AND VER_ART='00'
[2026-05-08 10:01:21] [VERBOSE] SQL stmt 400 OK on table [B_PARTC]
[2026-05-08 10:01:21] [VERBOSE][SQL] Run SQL stmt 401 on table [B_PART]: IF OBJECT_ID(N'[dbo].[B_PART]', N'U') IS NOT NULL AND COL_LENGTH('dbo.B_PART','CODEARTIC') IS NOT NULL AND COL_LENGTH('dbo.B_PART','VER_ART') IS NOT NULL |     DELETE FROM B_PART WHERE CODEARTIC='REDUCTION BOX 6G' AND VER_ART='00'
[2026-05-08 10:01:21] [VERBOSE] SQL stmt 401 OK on table [B_PART]
[2026-05-08 10:01:21] [VERBOSE][SQL] Run SQL stmt 402 on table [B_VER_ART]: IF EXISTS (SELECT 1 FROM B_VER_ART WHERE CODEARTIC='REDUCTION BOX 6G' AND VER_ART='00') |     UPDATE B_VER_ART SET VER_DESC='MISSILE BODY V4', NOMG='REDUCTION BOX', VER_EFFET_DEBUT=CONVERT(datetime,'01/01/1995',103), VER_EFFET_FIN=CONVERT(datetime,'01/01/2050',103) WHERE CODEARTIC='REDUCTION BOX 6G' AND VER_ART='00' | ELSE |     INSERT INTO B_VER_ART (CODEARTIC, VER_ART, VER_DESC, NOMG, VER_EFFET_DEBUT, VER_EFFET_FIN) |     VALUES ('REDUCTION BOX 6G', '00', 'MISSILE BODY V4', 'REDUCTION BOX', CONVERT(datetime,'01/01/1995',103), CONVERT(datetime,'01/01/2050',103))
[2026-05-08 10:01:21] [VERBOSE] SQL stmt 402 OK on table [B_VER_ART]
[2026-05-08 10:01:22] [VERBOSE][SQL] Run SQL stmt 403 on table [B_ART]: IF EXISTS (SELECT 1 FROM B_ART WHERE CODEARTIC='REDUCTION BOX AUTO') |     UPDATE B_ART SET LIBARTIC='MISSLE BODY GENERAL', TYPEMATI='SF', QTE_STOCK=250.000 WHERE CODEARTIC='REDUCTION BOX AUTO' | ELSE |     INSERT INTO B_ART (CODEARTIC, LIBARTIC, TYPEMATI, QTE_STOCK) VALUES ('REDUCTION BOX AUTO', 'MISSLE BODY GENERAL', 'SF', 250.000)
[2026-05-08 10:01:22] [VERBOSE] SQL stmt 403 OK on table [B_ART]
[2026-05-08 10:01:22] [VERBOSE][SQL] Run SQL stmt 404 on table [I_PARTC]: IF OBJECT_ID(N'[dbo].[I_PARTC]', N'U') IS NOT NULL AND COL_LENGTH('dbo.I_PARTC','CODEARTIC') IS NOT NULL AND COL_LENGTH('dbo.I_PARTC','VER_ART') IS NOT NULL |     DELETE FROM I_PARTC WHERE CODEARTIC='REDUCTION BOX AUTO' AND VER_ART='00'
[2026-05-08 10:01:22] [VERBOSE] SQL stmt 404 OK on table [I_PARTC]
[2026-05-08 10:01:22] [VERBOSE][SQL] Run SQL stmt 405 on table [I_PART]: IF OBJECT_ID(N'[dbo].[I_PART]', N'U') IS NOT NULL AND COL_LENGTH('dbo.I_PART','CODEARTIC') IS NOT NULL AND COL_LENGTH('dbo.I_PART','VER_ART') IS NOT NULL |     DELETE FROM I_PART WHERE CODEARTIC='REDUCTION BOX AUTO' AND VER_ART='00'
[2026-05-08 10:01:22] [VERBOSE] SQL stmt 405 OK on table [I_PART]
[2026-05-08 10:01:22] [VERBOSE][SQL] Run SQL stmt 406 on table [B_PARTC]: IF OBJECT_ID(N'[dbo].[B_PARTC]', N'U') IS NOT NULL AND COL_LENGTH('dbo.B_PARTC','CODEARTIC') IS NOT NULL AND COL_LENGTH('dbo.B_PARTC','VER_ART') IS NOT NULL |     DELETE FROM B_PARTC WHERE CODEARTIC='REDUCTION BOX AUTO' AND VER_ART='00'
[2026-05-08 10:01:22] [VERBOSE] SQL stmt 406 OK on table [B_PARTC]
[2026-05-08 10:01:22] [VERBOSE][SQL] Run SQL stmt 407 on table [B_PART]: IF OBJECT_ID(N'[dbo].[B_PART]', N'U') IS NOT NULL AND COL_LENGTH('dbo.B_PART','CODEARTIC') IS NOT NULL AND COL_LENGTH('dbo.B_PART','VER_ART') IS NOT NULL |     DELETE FROM B_PART WHERE CODEARTIC='REDUCTION BOX AUTO' AND VER_ART='00'
[2026-05-08 10:01:22] [VERBOSE] SQL stmt 407 OK on table [B_PART]
[2026-05-08 10:01:22] [VERBOSE][SQL] Run SQL stmt 408 on table [B_VER_ART]: IF EXISTS (SELECT 1 FROM B_VER_ART WHERE CODEARTIC='REDUCTION BOX AUTO' AND VER_ART='00') |     UPDATE B_VER_ART SET VER_DESC='MISSLE BODY GENERAL', NOMG='REDUCTION BOX', VER_EFFET_DEBUT=CONVERT(datetime,'01/01/1995',103), VER_EFFET_FIN=CONVERT(datetime,'01/01/2050',103) WHERE CODEARTIC='REDUCTION BOX AUTO' AND VER_ART='00' | ELSE |     INSERT INTO B_VER_ART (CODEARTIC, VER_ART, VER_DESC, NOMG, VER_EFFET_DEBUT, VER_EFFET_FIN) |     VALUES ('REDUCTION BOX AUTO', '00', 'MISSLE BODY GENERAL', 'REDUCTION BOX', CONVERT(datetime,'01/01/1995',103), CONVERT(datetime,'01/01/2050',103))
[2026-05-08 10:01:22] [VERBOSE] SQL stmt 408 OK on table [B_VER_ART]
[2026-05-08 10:01:22] [VERBOSE][SQL] Run SQL stmt 409 on table [B_ART]: IF EXISTS (SELECT 1 FROM B_ART WHERE CODEARTIC='SHAFT 4G') |     UPDATE B_ART SET LIBARTIC='Stiffener 5A', TYPEMATI='SF', QTE_STOCK=250.000 WHERE CODEARTIC='SHAFT 4G' | ELSE |     INSERT INTO B_ART (CODEARTIC, LIBARTIC, TYPEMATI, QTE_STOCK) VALUES ('SHAFT 4G', 'Stiffener 5A', 'SF', 250.000)
[2026-05-08 10:01:22] [VERBOSE] SQL stmt 409 OK on table [B_ART]
[2026-05-08 10:01:22] [VERBOSE][SQL] Run SQL stmt 410 on table [I_PARTC]: IF OBJECT_ID(N'[dbo].[I_PARTC]', N'U') IS NOT NULL AND COL_LENGTH('dbo.I_PARTC','CODEARTIC') IS NOT NULL AND COL_LENGTH('dbo.I_PARTC','VER_ART') IS NOT NULL |     DELETE FROM I_PARTC WHERE CODEARTIC='SHAFT 4G' AND VER_ART='00'
[2026-05-08 10:01:22] [VERBOSE] SQL stmt 410 OK on table [I_PARTC]
[2026-05-08 10:01:22] [VERBOSE][SQL] Run SQL stmt 411 on table [I_PART]: IF OBJECT_ID(N'[dbo].[I_PART]', N'U') IS NOT NULL AND COL_LENGTH('dbo.I_PART','CODEARTIC') IS NOT NULL AND COL_LENGTH('dbo.I_PART','VER_ART') IS NOT NULL |     DELETE FROM I_PART WHERE CODEARTIC='SHAFT 4G' AND VER_ART='00'
[2026-05-08 10:01:22] [VERBOSE] SQL stmt 411 OK on table [I_PART]
[2026-05-08 10:01:23] [VERBOSE][SQL] Run SQL stmt 412 on table [B_PARTC]: IF OBJECT_ID(N'[dbo].[B_PARTC]', N'U') IS NOT NULL AND COL_LENGTH('dbo.B_PARTC','CODEARTIC') IS NOT NULL AND COL_LENGTH('dbo.B_PARTC','VER_ART') IS NOT NULL |     DELETE FROM B_PARTC WHERE CODEARTIC='SHAFT 4G' AND VER_ART='00'
[2026-05-08 10:01:23] [VERBOSE] SQL stmt 412 OK on table [B_PARTC]
[2026-05-08 10:01:23] [VERBOSE][SQL] Run SQL stmt 413 on table [B_PART]: IF OBJECT_ID(N'[dbo].[B_PART]', N'U') IS NOT NULL AND COL_LENGTH('dbo.B_PART','CODEARTIC') IS NOT NULL AND COL_LENGTH('dbo.B_PART','VER_ART') IS NOT NULL |     DELETE FROM B_PART WHERE CODEARTIC='SHAFT 4G' AND VER_ART='00'
[2026-05-08 10:01:23] [VERBOSE] SQL stmt 413 OK on table [B_PART]
[2026-05-08 10:01:23] [VERBOSE][SQL] Run SQL stmt 414 on table [B_VER_ART]: IF EXISTS (SELECT 1 FROM B_VER_ART WHERE CODEARTIC='SHAFT 4G' AND VER_ART='00') |     UPDATE B_VER_ART SET VER_DESC='Stiffener 5A', NOMG='SHAFT', VER_EFFET_DEBUT=CONVERT(datetime,'01/01/1995',103), VER_EFFET_FIN=CONVERT(datetime,'01/01/2050',103) WHERE CODEARTIC='SHAFT 4G' AND VER_ART='00' | ELSE |     INSERT INTO B_VER_ART (CODEARTIC, VER_ART, VER_DESC, NOMG, VER_EFFET_DEBUT, VER_EFFET_FIN) |     VALUES ('SHAFT 4G', '00', 'Stiffener 5A', 'SHAFT', CONVERT(datetime,'01/01/1995',103), CONVERT(datetime,'01/01/2050',103))
[2026-05-08 10:01:23] [VERBOSE] SQL stmt 414 OK on table [B_VER_ART]
[2026-05-08 10:01:23] [VERBOSE][SQL] Run SQL stmt 415 on table [B_ART]: IF EXISTS (SELECT 1 FROM B_ART WHERE CODEARTIC='SHAFT 5G') |     UPDATE B_ART SET LIBARTIC='Stiffener 5A', TYPEMATI='SF', QTE_STOCK=250.000 WHERE CODEARTIC='SHAFT 5G' | ELSE |     INSERT INTO B_ART (CODEARTIC, LIBARTIC, TYPEMATI, QTE_STOCK) VALUES ('SHAFT 5G', 'Stiffener 5A', 'SF', 250.000)
[2026-05-08 10:01:23] [VERBOSE] SQL stmt 415 OK on table [B_ART]
[2026-05-08 10:01:23] [VERBOSE][SQL] Run SQL stmt 416 on table [I_PARTC]: IF OBJECT_ID(N'[dbo].[I_PARTC]', N'U') IS NOT NULL AND COL_LENGTH('dbo.I_PARTC','CODEARTIC') IS NOT NULL AND COL_LENGTH('dbo.I_PARTC','VER_ART') IS NOT NULL |     DELETE FROM I_PARTC WHERE CODEARTIC='SHAFT 5G' AND VER_ART='00'
[2026-05-08 10:01:23] [VERBOSE] SQL stmt 416 OK on table [I_PARTC]
[2026-05-08 10:01:23] [VERBOSE][SQL] Run SQL stmt 417 on table [I_PART]: IF OBJECT_ID(N'[dbo].[I_PART]', N'U') IS NOT NULL AND COL_LENGTH('dbo.I_PART','CODEARTIC') IS NOT NULL AND COL_LENGTH('dbo.I_PART','VER_ART') IS NOT NULL |     DELETE FROM I_PART WHERE CODEARTIC='SHAFT 5G' AND VER_ART='00'
[2026-05-08 10:01:23] [VERBOSE] SQL stmt 417 OK on table [I_PART]
[2026-05-08 10:01:23] [VERBOSE][SQL] Run SQL stmt 418 on table [B_PARTC]: IF OBJECT_ID(N'[dbo].[B_PARTC]', N'U') IS NOT NULL AND COL_LENGTH('dbo.B_PARTC','CODEARTIC') IS NOT NULL AND COL_LENGTH('dbo.B_PARTC','VER_ART') IS NOT NULL |     DELETE FROM B_PARTC WHERE CODEARTIC='SHAFT 5G' AND VER_ART='00'
[2026-05-08 10:01:23] [VERBOSE] SQL stmt 418 OK on table [B_PARTC]
[2026-05-08 10:01:23] [VERBOSE][SQL] Run SQL stmt 419 on table [B_PART]: IF OBJECT_ID(N'[dbo].[B_PART]', N'U') IS NOT NULL AND COL_LENGTH('dbo.B_PART','CODEARTIC') IS NOT NULL AND COL_LENGTH('dbo.B_PART','VER_ART') IS NOT NULL |     DELETE FROM B_PART WHERE CODEARTIC='SHAFT 5G' AND VER_ART='00'
[2026-05-08 10:01:23] [VERBOSE] SQL stmt 419 OK on table [B_PART]
[2026-05-08 10:01:24] [VERBOSE][SQL] Run SQL stmt 420 on table [B_VER_ART]: IF EXISTS (SELECT 1 FROM B_VER_ART WHERE CODEARTIC='SHAFT 5G' AND VER_ART='00') |     UPDATE B_VER_ART SET VER_DESC='Stiffener 5A', NOMG='SHAFT', VER_EFFET_DEBUT=CONVERT(datetime,'01/01/1995',103), VER_EFFET_FIN=CONVERT(datetime,'01/01/2050',103) WHERE CODEARTIC='SHAFT 5G' AND VER_ART='00' | ELSE |     INSERT INTO B_VER_ART (CODEARTIC, VER_ART, VER_DESC, NOMG, VER_EFFET_DEBUT, VER_EFFET_FIN) |     VALUES ('SHAFT 5G', '00', 'Stiffener 5A', 'SHAFT', CONVERT(datetime,'01/01/1995',103), CONVERT(datetime,'01/01/2050',103))
[2026-05-08 10:01:24] [VERBOSE] SQL stmt 420 OK on table [B_VER_ART]
[2026-05-08 10:01:24] [VERBOSE][SQL] Run SQL stmt 421 on table [B_ART]: IF EXISTS (SELECT 1 FROM B_ART WHERE CODEARTIC='SHAFT 6G') |     UPDATE B_ART SET LIBARTIC='SHAFT 6G', TYPEMATI='SF', QTE_STOCK=250.000 WHERE CODEARTIC='SHAFT 6G' | ELSE |     INSERT INTO B_ART (CODEARTIC, LIBARTIC, TYPEMATI, QTE_STOCK) VALUES ('SHAFT 6G', 'SHAFT 6G', 'SF', 250.000)
[2026-05-08 10:01:24] [VERBOSE] SQL stmt 421 OK on table [B_ART]
[2026-05-08 10:01:24] [VERBOSE][SQL] Run SQL stmt 422 on table [I_PARTC]: IF OBJECT_ID(N'[dbo].[I_PARTC]', N'U') IS NOT NULL AND COL_LENGTH('dbo.I_PARTC','CODEARTIC') IS NOT NULL AND COL_LENGTH('dbo.I_PARTC','VER_ART') IS NOT NULL |     DELETE FROM I_PARTC WHERE CODEARTIC='SHAFT 6G' AND VER_ART='00'
[2026-05-08 10:01:24] [VERBOSE] SQL stmt 422 OK on table [I_PARTC]
[2026-05-08 10:01:24] [VERBOSE][SQL] Run SQL stmt 423 on table [I_PART]: IF OBJECT_ID(N'[dbo].[I_PART]', N'U') IS NOT NULL AND COL_LENGTH('dbo.I_PART','CODEARTIC') IS NOT NULL AND COL_LENGTH('dbo.I_PART','VER_ART') IS NOT NULL |     DELETE FROM I_PART WHERE CODEARTIC='SHAFT 6G' AND VER_ART='00'
[2026-05-08 10:01:24] [VERBOSE] SQL stmt 423 OK on table [I_PART]
[2026-05-08 10:01:24] [VERBOSE][SQL] Run SQL stmt 424 on table [B_PARTC]: IF OBJECT_ID(N'[dbo].[B_PARTC]', N'U') IS NOT NULL AND COL_LENGTH('dbo.B_PARTC','CODEARTIC') IS NOT NULL AND COL_LENGTH('dbo.B_PARTC','VER_ART') IS NOT NULL |     DELETE FROM B_PARTC WHERE CODEARTIC='SHAFT 6G' AND VER_ART='00'
[2026-05-08 10:01:24] [VERBOSE] SQL stmt 424 OK on table [B_PARTC]
[2026-05-08 10:01:24] [VERBOSE][SQL] Run SQL stmt 425 on table [B_PART]: IF OBJECT_ID(N'[dbo].[B_PART]', N'U') IS NOT NULL AND COL_LENGTH('dbo.B_PART','CODEARTIC') IS NOT NULL AND COL_LENGTH('dbo.B_PART','VER_ART') IS NOT NULL |     DELETE FROM B_PART WHERE CODEARTIC='SHAFT 6G' AND VER_ART='00'
[2026-05-08 10:01:24] [VERBOSE] SQL stmt 425 OK on table [B_PART]
[2026-05-08 10:01:24] [VERBOSE][SQL] Run SQL stmt 426 on table [B_VER_ART]: IF EXISTS (SELECT 1 FROM B_VER_ART WHERE CODEARTIC='SHAFT 6G' AND VER_ART='00') |     UPDATE B_VER_ART SET VER_DESC='SHAFT 6G', NOMG='SHAFT', VER_EFFET_DEBUT=CONVERT(datetime,'01/01/1995',103), VER_EFFET_FIN=CONVERT(datetime,'01/01/2050',103) WHERE CODEARTIC='SHAFT 6G' AND VER_ART='00' | ELSE |     INSERT INTO B_VER_ART (CODEARTIC, VER_ART, VER_DESC, NOMG, VER_EFFET_DEBUT, VER_EFFET_FIN) |     VALUES ('SHAFT 6G', '00', 'SHAFT 6G', 'SHAFT', CONVERT(datetime,'01/01/1995',103), CONVERT(datetime,'01/01/2050',103))
[2026-05-08 10:01:24] [VERBOSE] SQL stmt 426 OK on table [B_VER_ART]
[2026-05-08 10:01:24] [VERBOSE][SQL] Run SQL stmt 427 on table [B_ART]: IF EXISTS (SELECT 1 FROM B_ART WHERE CODEARTIC='SHAFT AUTO') |     UPDATE B_ART SET LIBARTIC='SHAFT AUTO', TYPEMATI='SF', QTE_STOCK=250.000 WHERE CODEARTIC='SHAFT AUTO' | ELSE |     INSERT INTO B_ART (CODEARTIC, LIBARTIC, TYPEMATI, QTE_STOCK) VALUES ('SHAFT AUTO', 'SHAFT AUTO', 'SF', 250.000)
[2026-05-08 10:01:24] [VERBOSE] SQL stmt 427 OK on table [B_ART]
[2026-05-08 10:01:24] [VERBOSE][SQL] Run SQL stmt 428 on table [I_PARTC]: IF OBJECT_ID(N'[dbo].[I_PARTC]', N'U') IS NOT NULL AND COL_LENGTH('dbo.I_PARTC','CODEARTIC') IS NOT NULL AND COL_LENGTH('dbo.I_PARTC','VER_ART') IS NOT NULL |     DELETE FROM I_PARTC WHERE CODEARTIC='SHAFT AUTO' AND VER_ART='00'
[2026-05-08 10:01:24] [VERBOSE] SQL stmt 428 OK on table [I_PARTC]
[2026-05-08 10:01:24] [VERBOSE][SQL] Run SQL stmt 429 on table [I_PART]: IF OBJECT_ID(N'[dbo].[I_PART]', N'U') IS NOT NULL AND COL_LENGTH('dbo.I_PART','CODEARTIC') IS NOT NULL AND COL_LENGTH('dbo.I_PART','VER_ART') IS NOT NULL |     DELETE FROM I_PART WHERE CODEARTIC='SHAFT AUTO' AND VER_ART='00'
[2026-05-08 10:01:24] [VERBOSE] SQL stmt 429 OK on table [I_PART]
[2026-05-08 10:01:24] [VERBOSE][SQL] Run SQL stmt 430 on table [B_PARTC]: IF OBJECT_ID(N'[dbo].[B_PARTC]', N'U') IS NOT NULL AND COL_LENGTH('dbo.B_PARTC','CODEARTIC') IS NOT NULL AND COL_LENGTH('dbo.B_PARTC','VER_ART') IS NOT NULL |     DELETE FROM B_PARTC WHERE CODEARTIC='SHAFT AUTO' AND VER_ART='00'
[2026-05-08 10:01:24] [VERBOSE] SQL stmt 430 OK on table [B_PARTC]
[2026-05-08 10:01:24] [VERBOSE][SQL] Run SQL stmt 431 on table [B_PART]: IF OBJECT_ID(N'[dbo].[B_PART]', N'U') IS NOT NULL AND COL_LENGTH('dbo.B_PART','CODEARTIC') IS NOT NULL AND COL_LENGTH('dbo.B_PART','VER_ART') IS NOT NULL |     DELETE FROM B_PART WHERE CODEARTIC='SHAFT AUTO' AND VER_ART='00'
[2026-05-08 10:01:24] [VERBOSE] SQL stmt 431 OK on table [B_PART]
[2026-05-08 10:01:25] [VERBOSE][SQL] Run SQL stmt 432 on table [B_VER_ART]: IF EXISTS (SELECT 1 FROM B_VER_ART WHERE CODEARTIC='SHAFT AUTO' AND VER_ART='00') |     UPDATE B_VER_ART SET VER_DESC='SHAFT AUTO', NOMG='SHAFT', VER_EFFET_DEBUT=CONVERT(datetime,'01/01/1995',103), VER_EFFET_FIN=CONVERT(datetime,'01/01/2050',103) WHERE CODEARTIC='SHAFT AUTO' AND VER_ART='00' | ELSE |     INSERT INTO B_VER_ART (CODEARTIC, VER_ART, VER_DESC, NOMG, VER_EFFET_DEBUT, VER_EFFET_FIN) |     VALUES ('SHAFT AUTO', '00', 'SHAFT AUTO', 'SHAFT', CONVERT(datetime,'01/01/1995',103), CONVERT(datetime,'01/01/2050',103))
[2026-05-08 10:01:25] [VERBOSE] SQL stmt 432 OK on table [B_VER_ART]
[2026-05-08 10:01:25] [VERBOSE][SQL] Run SQL stmt 433 on table [B_ART]: IF EXISTS (SELECT 1 FROM B_ART WHERE CODEARTIC='SUB-ASS SHAFT SUB-CONTRACTED') |     UPDATE B_ART SET LIBARTIC='SUB-ASS BODY SUB-CONTRACTED', TYPEMATI='SF', QTE_STOCK=250.000 WHERE CODEARTIC='SUB-ASS SHAFT SUB-CONTRACTED' | ELSE |     INSERT INTO B_ART (CODEARTIC, LIBARTIC, TYPEMATI, QTE_STOCK) VALUES ('SUB-ASS SHAFT SUB-CONTRACTED', 'SUB-ASS BODY SUB-CONTRACTED', 'SF', 250.000)
[2026-05-08 10:01:25] [VERBOSE] SQL stmt 433 OK on table [B_ART]
[2026-05-08 10:01:25] [VERBOSE][SQL] Run SQL stmt 434 on table [I_PARTC]: IF OBJECT_ID(N'[dbo].[I_PARTC]', N'U') IS NOT NULL AND COL_LENGTH('dbo.I_PARTC','CODEARTIC') IS NOT NULL AND COL_LENGTH('dbo.I_PARTC','VER_ART') IS NOT NULL |     DELETE FROM I_PARTC WHERE CODEARTIC='SUB-ASS SHAFT SUB-CONTRACTED' AND VER_ART='00'
[2026-05-08 10:01:25] [VERBOSE] SQL stmt 434 OK on table [I_PARTC]
[2026-05-08 10:01:25] [VERBOSE][SQL] Run SQL stmt 435 on table [I_PART]: IF OBJECT_ID(N'[dbo].[I_PART]', N'U') IS NOT NULL AND COL_LENGTH('dbo.I_PART','CODEARTIC') IS NOT NULL AND COL_LENGTH('dbo.I_PART','VER_ART') IS NOT NULL |     DELETE FROM I_PART WHERE CODEARTIC='SUB-ASS SHAFT SUB-CONTRACTED' AND VER_ART='00'
[2026-05-08 10:01:25] [VERBOSE] SQL stmt 435 OK on table [I_PART]
[2026-05-08 10:01:25] [VERBOSE][SQL] Run SQL stmt 436 on table [B_PARTC]: IF OBJECT_ID(N'[dbo].[B_PARTC]', N'U') IS NOT NULL AND COL_LENGTH('dbo.B_PARTC','CODEARTIC') IS NOT NULL AND COL_LENGTH('dbo.B_PARTC','VER_ART') IS NOT NULL |     DELETE FROM B_PARTC WHERE CODEARTIC='SUB-ASS SHAFT SUB-CONTRACTED' AND VER_ART='00'
[2026-05-08 10:01:25] [VERBOSE] SQL stmt 436 OK on table [B_PARTC]
[2026-05-08 10:01:25] [VERBOSE][SQL] Run SQL stmt 437 on table [B_PART]: IF OBJECT_ID(N'[dbo].[B_PART]', N'U') IS NOT NULL AND COL_LENGTH('dbo.B_PART','CODEARTIC') IS NOT NULL AND COL_LENGTH('dbo.B_PART','VER_ART') IS NOT NULL |     DELETE FROM B_PART WHERE CODEARTIC='SUB-ASS SHAFT SUB-CONTRACTED' AND VER_ART='00'
[2026-05-08 10:01:25] [VERBOSE] SQL stmt 437 OK on table [B_PART]
[2026-05-08 10:01:25] [VERBOSE][SQL] Run SQL stmt 438 on table [B_VER_ART]: IF EXISTS (SELECT 1 FROM B_VER_ART WHERE CODEARTIC='SUB-ASS SHAFT SUB-CONTRACTED' AND VER_ART='00') |     UPDATE B_VER_ART SET VER_DESC='SUB-ASS BODY SUB-CONTRACTED', NOMG='SUB-CONTRACTING', VER_EFFET_DEBUT=CONVERT(datetime,'01/01/1995',103), VER_EFFET_FIN=CONVERT(datetime,'01/01/2050',103) WHERE CODEARTIC='SUB-ASS SHAFT SUB-CONTRACTED' AND VER_ART='00' | ELSE |     INSERT INTO B_VER_ART (CODEARTIC, VER_ART, VER_DESC, NOMG, VER_EFFET_DEBUT, VER_EFFET_FIN) |     VALUES ('SUB-ASS SHAFT SUB-CONTRACTED', '00', 'SUB-ASS BODY SUB-CONTRACTED', 'SUB-CONTRACTING', CONVERT(datetime,'01/01/1995',103), CONVERT(datetime,'01/01/2050',103))
[2026-05-08 10:01:25] [VERBOSE] SQL stmt 438 OK on table [B_VER_ART]
[2026-05-08 10:01:25] [VERBOSE][SQL] Run SQL stmt 439 on table [B_ART]: IF EXISTS (SELECT 1 FROM B_ART WHERE CODEARTIC='SUB-ASSEMBLY BOX 4G') |     UPDATE B_ART SET LIBARTIC='PLENUM ASSEMBLY', TYPEMATI='SF', QTE_STOCK=250.000 WHERE CODEARTIC='SUB-ASSEMBLY BOX 4G' | ELSE |     INSERT INTO B_ART (CODEARTIC, LIBARTIC, TYPEMATI, QTE_STOCK) VALUES ('SUB-ASSEMBLY BOX 4G', 'PLENUM ASSEMBLY', 'SF', 250.000)
[2026-05-08 10:01:25] [VERBOSE] SQL stmt 439 OK on table [B_ART]
[2026-05-08 10:01:25] [VERBOSE][SQL] Run SQL stmt 440 on table [I_PARTC]: IF OBJECT_ID(N'[dbo].[I_PARTC]', N'U') IS NOT NULL AND COL_LENGTH('dbo.I_PARTC','CODEARTIC') IS NOT NULL AND COL_LENGTH('dbo.I_PARTC','VER_ART') IS NOT NULL |     DELETE FROM I_PARTC WHERE CODEARTIC='SUB-ASSEMBLY BOX 4G' AND VER_ART='00'
[2026-05-08 10:01:25] [VERBOSE] SQL stmt 440 OK on table [I_PARTC]
[2026-05-08 10:01:25] [VERBOSE][SQL] Run SQL stmt 441 on table [I_PART]: IF OBJECT_ID(N'[dbo].[I_PART]', N'U') IS NOT NULL AND COL_LENGTH('dbo.I_PART','CODEARTIC') IS NOT NULL AND COL_LENGTH('dbo.I_PART','VER_ART') IS NOT NULL |     DELETE FROM I_PART WHERE CODEARTIC='SUB-ASSEMBLY BOX 4G' AND VER_ART='00'
[2026-05-08 10:01:25] [VERBOSE] SQL stmt 441 OK on table [I_PART]
[2026-05-08 10:01:25] [VERBOSE][SQL] Run SQL stmt 442 on table [B_PARTC]: IF OBJECT_ID(N'[dbo].[B_PARTC]', N'U') IS NOT NULL AND COL_LENGTH('dbo.B_PARTC','CODEARTIC') IS NOT NULL AND COL_LENGTH('dbo.B_PARTC','VER_ART') IS NOT NULL |     DELETE FROM B_PARTC WHERE CODEARTIC='SUB-ASSEMBLY BOX 4G' AND VER_ART='00'
[2026-05-08 10:01:25] [VERBOSE] SQL stmt 442 OK on table [B_PARTC]
[2026-05-08 10:01:25] [VERBOSE][SQL] Run SQL stmt 443 on table [B_PART]: IF OBJECT_ID(N'[dbo].[B_PART]', N'U') IS NOT NULL AND COL_LENGTH('dbo.B_PART','CODEARTIC') IS NOT NULL AND COL_LENGTH('dbo.B_PART','VER_ART') IS NOT NULL |     DELETE FROM B_PART WHERE CODEARTIC='SUB-ASSEMBLY BOX 4G' AND VER_ART='00'
[2026-05-08 10:01:25] [VERBOSE] SQL stmt 443 OK on table [B_PART]
[2026-05-08 10:01:25] [VERBOSE][SQL] Run SQL stmt 444 on table [B_VER_ART]: IF EXISTS (SELECT 1 FROM B_VER_ART WHERE CODEARTIC='SUB-ASSEMBLY BOX 4G' AND VER_ART='00') |     UPDATE B_VER_ART SET VER_DESC='PLENUM ASSEMBLY', NOMG='SUB ASSEMBLY BOX', VER_EFFET_DEBUT=CONVERT(datetime,'01/01/1995',103), VER_EFFET_FIN=CONVERT(datetime,'01/01/2050',103) WHERE CODEARTIC='SUB-ASSEMBLY BOX 4G' AND VER_ART='00' | ELSE |     INSERT INTO B_VER_ART (CODEARTIC, VER_ART, VER_DESC, NOMG, VER_EFFET_DEBUT, VER_EFFET_FIN) |     VALUES ('SUB-ASSEMBLY BOX 4G', '00', 'PLENUM ASSEMBLY', 'SUB ASSEMBLY BOX', CONVERT(datetime,'01/01/1995',103), CONVERT(datetime,'01/01/2050',103))
[2026-05-08 10:01:25] [VERBOSE] SQL stmt 444 OK on table [B_VER_ART]
[2026-05-08 10:01:26] [VERBOSE][SQL] Run SQL stmt 445 on table [B_ART]: IF EXISTS (SELECT 1 FROM B_ART WHERE CODEARTIC='SUB-ASSEMBLY BOX 5G') |     UPDATE B_ART SET LIBARTIC='PLENUM ASSEMBLY', TYPEMATI='SF', QTE_STOCK=250.000 WHERE CODEARTIC='SUB-ASSEMBLY BOX 5G' | ELSE |     INSERT INTO B_ART (CODEARTIC, LIBARTIC, TYPEMATI, QTE_STOCK) VALUES ('SUB-ASSEMBLY BOX 5G', 'PLENUM ASSEMBLY', 'SF', 250.000)
[2026-05-08 10:01:26] [VERBOSE] SQL stmt 445 OK on table [B_ART]
[2026-05-08 10:01:26] [VERBOSE][SQL] Run SQL stmt 446 on table [I_PARTC]: IF OBJECT_ID(N'[dbo].[I_PARTC]', N'U') IS NOT NULL AND COL_LENGTH('dbo.I_PARTC','CODEARTIC') IS NOT NULL AND COL_LENGTH('dbo.I_PARTC','VER_ART') IS NOT NULL |     DELETE FROM I_PARTC WHERE CODEARTIC='SUB-ASSEMBLY BOX 5G' AND VER_ART='00'
[2026-05-08 10:01:26] [VERBOSE] SQL stmt 446 OK on table [I_PARTC]
[2026-05-08 10:01:26] [VERBOSE][SQL] Run SQL stmt 447 on table [I_PART]: IF OBJECT_ID(N'[dbo].[I_PART]', N'U') IS NOT NULL AND COL_LENGTH('dbo.I_PART','CODEARTIC') IS NOT NULL AND COL_LENGTH('dbo.I_PART','VER_ART') IS NOT NULL |     DELETE FROM I_PART WHERE CODEARTIC='SUB-ASSEMBLY BOX 5G' AND VER_ART='00'
[2026-05-08 10:01:26] [VERBOSE] SQL stmt 447 OK on table [I_PART]
[2026-05-08 10:01:26] [VERBOSE][SQL] Run SQL stmt 448 on table [B_PARTC]: IF OBJECT_ID(N'[dbo].[B_PARTC]', N'U') IS NOT NULL AND COL_LENGTH('dbo.B_PARTC','CODEARTIC') IS NOT NULL AND COL_LENGTH('dbo.B_PARTC','VER_ART') IS NOT NULL |     DELETE FROM B_PARTC WHERE CODEARTIC='SUB-ASSEMBLY BOX 5G' AND VER_ART='00'
[2026-05-08 10:01:26] [VERBOSE] SQL stmt 448 OK on table [B_PARTC]
[2026-05-08 10:01:26] [VERBOSE][SQL] Run SQL stmt 449 on table [B_PART]: IF OBJECT_ID(N'[dbo].[B_PART]', N'U') IS NOT NULL AND COL_LENGTH('dbo.B_PART','CODEARTIC') IS NOT NULL AND COL_LENGTH('dbo.B_PART','VER_ART') IS NOT NULL |     DELETE FROM B_PART WHERE CODEARTIC='SUB-ASSEMBLY BOX 5G' AND VER_ART='00'
[2026-05-08 10:01:26] [VERBOSE] SQL stmt 449 OK on table [B_PART]
[2026-05-08 10:01:26] [VERBOSE][SQL] Run SQL stmt 450 on table [B_VER_ART]: IF EXISTS (SELECT 1 FROM B_VER_ART WHERE CODEARTIC='SUB-ASSEMBLY BOX 5G' AND VER_ART='00') |     UPDATE B_VER_ART SET VER_DESC='PLENUM ASSEMBLY', NOMG='SUB ASSEMBLY BOX', VER_EFFET_DEBUT=CONVERT(datetime,'01/01/1995',103), VER_EFFET_FIN=CONVERT(datetime,'01/01/2050',103) WHERE CODEARTIC='SUB-ASSEMBLY BOX 5G' AND VER_ART='00' | ELSE |     INSERT INTO B_VER_ART (CODEARTIC, VER_ART, VER_DESC, NOMG, VER_EFFET_DEBUT, VER_EFFET_FIN) |     VALUES ('SUB-ASSEMBLY BOX 5G', '00', 'PLENUM ASSEMBLY', 'SUB ASSEMBLY BOX', CONVERT(datetime,'01/01/1995',103), CONVERT(datetime,'01/01/2050',103))
[2026-05-08 10:01:26] [VERBOSE] SQL stmt 450 OK on table [B_VER_ART]
[2026-05-08 10:01:26] [VERBOSE][SQL] Run SQL stmt 451 on table [B_ART]: IF EXISTS (SELECT 1 FROM B_ART WHERE CODEARTIC='SUB-ASSEMBLY BOX 6G') |     UPDATE B_ART SET LIBARTIC='RODS 6G', TYPEMATI='SF', QTE_STOCK=250.000 WHERE CODEARTIC='SUB-ASSEMBLY BOX 6G' | ELSE |     INSERT INTO B_ART (CODEARTIC, LIBARTIC, TYPEMATI, QTE_STOCK) VALUES ('SUB-ASSEMBLY BOX 6G', 'RODS 6G', 'SF', 250.000)
[2026-05-08 10:01:26] [VERBOSE] SQL stmt 451 OK on table [B_ART]
[2026-05-08 10:01:26] [VERBOSE][SQL] Run SQL stmt 452 on table [I_PARTC]: IF OBJECT_ID(N'[dbo].[I_PARTC]', N'U') IS NOT NULL AND COL_LENGTH('dbo.I_PARTC','CODEARTIC') IS NOT NULL AND COL_LENGTH('dbo.I_PARTC','VER_ART') IS NOT NULL |     DELETE FROM I_PARTC WHERE CODEARTIC='SUB-ASSEMBLY BOX 6G' AND VER_ART='00'
[2026-05-08 10:01:26] [VERBOSE] SQL stmt 452 OK on table [I_PARTC]
[2026-05-08 10:01:26] [VERBOSE][SQL] Run SQL stmt 453 on table [I_PART]: IF OBJECT_ID(N'[dbo].[I_PART]', N'U') IS NOT NULL AND COL_LENGTH('dbo.I_PART','CODEARTIC') IS NOT NULL AND COL_LENGTH('dbo.I_PART','VER_ART') IS NOT NULL |     DELETE FROM I_PART WHERE CODEARTIC='SUB-ASSEMBLY BOX 6G' AND VER_ART='00'
[2026-05-08 10:01:26] [VERBOSE] SQL stmt 453 OK on table [I_PART]
[2026-05-08 10:01:26] [VERBOSE][SQL] Run SQL stmt 454 on table [B_PARTC]: IF OBJECT_ID(N'[dbo].[B_PARTC]', N'U') IS NOT NULL AND COL_LENGTH('dbo.B_PARTC','CODEARTIC') IS NOT NULL AND COL_LENGTH('dbo.B_PARTC','VER_ART') IS NOT NULL |     DELETE FROM B_PARTC WHERE CODEARTIC='SUB-ASSEMBLY BOX 6G' AND VER_ART='00'
[2026-05-08 10:01:26] [VERBOSE] SQL stmt 454 OK on table [B_PARTC]
[2026-05-08 10:01:27] [VERBOSE][SQL] Run SQL stmt 455 on table [B_PART]: IF OBJECT_ID(N'[dbo].[B_PART]', N'U') IS NOT NULL AND COL_LENGTH('dbo.B_PART','CODEARTIC') IS NOT NULL AND COL_LENGTH('dbo.B_PART','VER_ART') IS NOT NULL |     DELETE FROM B_PART WHERE CODEARTIC='SUB-ASSEMBLY BOX 6G' AND VER_ART='00'
[2026-05-08 10:01:27] [VERBOSE] SQL stmt 455 OK on table [B_PART]
[2026-05-08 10:01:27] [VERBOSE][SQL] Run SQL stmt 456 on table [B_VER_ART]: IF EXISTS (SELECT 1 FROM B_VER_ART WHERE CODEARTIC='SUB-ASSEMBLY BOX 6G' AND VER_ART='00') |     UPDATE B_VER_ART SET VER_DESC='RODS 6G', NOMG='SUB ASSEMBLY BOX', VER_EFFET_DEBUT=CONVERT(datetime,'01/01/1995',103), VER_EFFET_FIN=CONVERT(datetime,'01/01/2050',103) WHERE CODEARTIC='SUB-ASSEMBLY BOX 6G' AND VER_ART='00' | ELSE |     INSERT INTO B_VER_ART (CODEARTIC, VER_ART, VER_DESC, NOMG, VER_EFFET_DEBUT, VER_EFFET_FIN) |     VALUES ('SUB-ASSEMBLY BOX 6G', '00', 'RODS 6G', 'SUB ASSEMBLY BOX', CONVERT(datetime,'01/01/1995',103), CONVERT(datetime,'01/01/2050',103))
[2026-05-08 10:01:27] [VERBOSE] SQL stmt 456 OK on table [B_VER_ART]
[2026-05-08 10:01:27] [VERBOSE][SQL] Run SQL stmt 457 on table [B_ART]: IF EXISTS (SELECT 1 FROM B_ART WHERE CODEARTIC='SUB-ASSEMBLY BOX AUTO') |     UPDATE B_ART SET LIBARTIC='RODS AUTO', TYPEMATI='SF', QTE_STOCK=250.000 WHERE CODEARTIC='SUB-ASSEMBLY BOX AUTO' | ELSE |     INSERT INTO B_ART (CODEARTIC, LIBARTIC, TYPEMATI, QTE_STOCK) VALUES ('SUB-ASSEMBLY BOX AUTO', 'RODS AUTO', 'SF', 250.000)
[2026-05-08 10:01:27] [VERBOSE] SQL stmt 457 OK on table [B_ART]
[2026-05-08 10:01:27] [VERBOSE][SQL] Run SQL stmt 458 on table [I_PARTC]: IF OBJECT_ID(N'[dbo].[I_PARTC]', N'U') IS NOT NULL AND COL_LENGTH('dbo.I_PARTC','CODEARTIC') IS NOT NULL AND COL_LENGTH('dbo.I_PARTC','VER_ART') IS NOT NULL |     DELETE FROM I_PARTC WHERE CODEARTIC='SUB-ASSEMBLY BOX AUTO' AND VER_ART='00'
[2026-05-08 10:01:27] [VERBOSE] SQL stmt 458 OK on table [I_PARTC]
[2026-05-08 10:01:27] [VERBOSE][SQL] Run SQL stmt 459 on table [I_PART]: IF OBJECT_ID(N'[dbo].[I_PART]', N'U') IS NOT NULL AND COL_LENGTH('dbo.I_PART','CODEARTIC') IS NOT NULL AND COL_LENGTH('dbo.I_PART','VER_ART') IS NOT NULL |     DELETE FROM I_PART WHERE CODEARTIC='SUB-ASSEMBLY BOX AUTO' AND VER_ART='00'
[2026-05-08 10:01:27] [VERBOSE] SQL stmt 459 OK on table [I_PART]
[2026-05-08 10:01:27] [VERBOSE][SQL] Run SQL stmt 460 on table [B_PARTC]: IF OBJECT_ID(N'[dbo].[B_PARTC]', N'U') IS NOT NULL AND COL_LENGTH('dbo.B_PARTC','CODEARTIC') IS NOT NULL AND COL_LENGTH('dbo.B_PARTC','VER_ART') IS NOT NULL |     DELETE FROM B_PARTC WHERE CODEARTIC='SUB-ASSEMBLY BOX AUTO' AND VER_ART='00'
[2026-05-08 10:01:27] [VERBOSE] SQL stmt 460 OK on table [B_PARTC]
[2026-05-08 10:01:27] [VERBOSE][SQL] Run SQL stmt 461 on table [B_PART]: IF OBJECT_ID(N'[dbo].[B_PART]', N'U') IS NOT NULL AND COL_LENGTH('dbo.B_PART','CODEARTIC') IS NOT NULL AND COL_LENGTH('dbo.B_PART','VER_ART') IS NOT NULL |     DELETE FROM B_PART WHERE CODEARTIC='SUB-ASSEMBLY BOX AUTO' AND VER_ART='00'
[2026-05-08 10:01:27] [VERBOSE] SQL stmt 461 OK on table [B_PART]
[2026-05-08 10:01:27] [VERBOSE][SQL] Run SQL stmt 462 on table [B_VER_ART]: IF EXISTS (SELECT 1 FROM B_VER_ART WHERE CODEARTIC='SUB-ASSEMBLY BOX AUTO' AND VER_ART='00') |     UPDATE B_VER_ART SET VER_DESC='RODS AUTO', NOMG='SUB ASSEMBLY BOX', VER_EFFET_DEBUT=CONVERT(datetime,'01/01/1995',103), VER_EFFET_FIN=CONVERT(datetime,'01/01/2050',103) WHERE CODEARTIC='SUB-ASSEMBLY BOX AUTO' AND VER_ART='00' | ELSE |     INSERT INTO B_VER_ART (CODEARTIC, VER_ART, VER_DESC, NOMG, VER_EFFET_DEBUT, VER_EFFET_FIN) |     VALUES ('SUB-ASSEMBLY BOX AUTO', '00', 'RODS AUTO', 'SUB ASSEMBLY BOX', CONVERT(datetime,'01/01/1995',103), CONVERT(datetime,'01/01/2050',103))
[2026-05-08 10:01:27] [VERBOSE] SQL stmt 462 OK on table [B_VER_ART]
[2026-05-08 10:01:27] [VERBOSE][SQL] Run SQL stmt 463 on table [B_ART]: IF EXISTS (SELECT 1 FROM B_ART WHERE CODEARTIC='SUB-ASSEMBLY SHAFT 4G') |     UPDATE B_ART SET LIBARTIC='RIMS V2', TYPEMATI='SF', QTE_STOCK=250.000 WHERE CODEARTIC='SUB-ASSEMBLY SHAFT 4G' | ELSE |     INSERT INTO B_ART (CODEARTIC, LIBARTIC, TYPEMATI, QTE_STOCK) VALUES ('SUB-ASSEMBLY SHAFT 4G', 'RIMS V2', 'SF', 250.000)
[2026-05-08 10:01:27] [VERBOSE] SQL stmt 463 OK on table [B_ART]
[2026-05-08 10:01:27] [VERBOSE][SQL] Run SQL stmt 464 on table [I_PARTC]: IF OBJECT_ID(N'[dbo].[I_PARTC]', N'U') IS NOT NULL AND COL_LENGTH('dbo.I_PARTC','CODEARTIC') IS NOT NULL AND COL_LENGTH('dbo.I_PARTC','VER_ART') IS NOT NULL |     DELETE FROM I_PARTC WHERE CODEARTIC='SUB-ASSEMBLY SHAFT 4G' AND VER_ART='00'
[2026-05-08 10:01:27] [VERBOSE] SQL stmt 464 OK on table [I_PARTC]
[2026-05-08 10:01:28] [VERBOSE][SQL] Run SQL stmt 465 on table [I_PART]: IF OBJECT_ID(N'[dbo].[I_PART]', N'U') IS NOT NULL AND COL_LENGTH('dbo.I_PART','CODEARTIC') IS NOT NULL AND COL_LENGTH('dbo.I_PART','VER_ART') IS NOT NULL |     DELETE FROM I_PART WHERE CODEARTIC='SUB-ASSEMBLY SHAFT 4G' AND VER_ART='00'
[2026-05-08 10:01:28] [VERBOSE] SQL stmt 465 OK on table [I_PART]
[2026-05-08 10:01:28] [VERBOSE][SQL] Run SQL stmt 466 on table [B_PARTC]: IF OBJECT_ID(N'[dbo].[B_PARTC]', N'U') IS NOT NULL AND COL_LENGTH('dbo.B_PARTC','CODEARTIC') IS NOT NULL AND COL_LENGTH('dbo.B_PARTC','VER_ART') IS NOT NULL |     DELETE FROM B_PARTC WHERE CODEARTIC='SUB-ASSEMBLY SHAFT 4G' AND VER_ART='00'
[2026-05-08 10:01:28] [VERBOSE] SQL stmt 466 OK on table [B_PARTC]
[2026-05-08 10:01:28] [VERBOSE][SQL] Run SQL stmt 467 on table [B_PART]: IF OBJECT_ID(N'[dbo].[B_PART]', N'U') IS NOT NULL AND COL_LENGTH('dbo.B_PART','CODEARTIC') IS NOT NULL AND COL_LENGTH('dbo.B_PART','VER_ART') IS NOT NULL |     DELETE FROM B_PART WHERE CODEARTIC='SUB-ASSEMBLY SHAFT 4G' AND VER_ART='00'
[2026-05-08 10:01:28] [VERBOSE] SQL stmt 467 OK on table [B_PART]
[2026-05-08 10:01:28] [VERBOSE][SQL] Run SQL stmt 468 on table [B_VER_ART]: IF EXISTS (SELECT 1 FROM B_VER_ART WHERE CODEARTIC='SUB-ASSEMBLY SHAFT 4G' AND VER_ART='00') |     UPDATE B_VER_ART SET VER_DESC='RIMS V2', NOMG='SUB ASSEMBLY SHAFT', VER_EFFET_DEBUT=CONVERT(datetime,'01/01/1995',103), VER_EFFET_FIN=CONVERT(datetime,'01/01/2050',103) WHERE CODEARTIC='SUB-ASSEMBLY SHAFT 4G' AND VER_ART='00' | ELSE |     INSERT INTO B_VER_ART (CODEARTIC, VER_ART, VER_DESC, NOMG, VER_EFFET_DEBUT, VER_EFFET_FIN) |     VALUES ('SUB-ASSEMBLY SHAFT 4G', '00', 'RIMS V2', 'SUB ASSEMBLY SHAFT', CONVERT(datetime,'01/01/1995',103), CONVERT(datetime,'01/01/2050',103))
[2026-05-08 10:01:28] [VERBOSE] SQL stmt 468 OK on table [B_VER_ART]
[2026-05-08 10:01:28] [VERBOSE][SQL] Run SQL stmt 469 on table [B_ART]: IF EXISTS (SELECT 1 FROM B_ART WHERE CODEARTIC='SUB-ASSEMBLY SHAFT 5G') |     UPDATE B_ART SET LIBARTIC='RIMS T5', TYPEMATI='SF', QTE_STOCK=250.000 WHERE CODEARTIC='SUB-ASSEMBLY SHAFT 5G' | ELSE |     INSERT INTO B_ART (CODEARTIC, LIBARTIC, TYPEMATI, QTE_STOCK) VALUES ('SUB-ASSEMBLY SHAFT 5G', 'RIMS T5', 'SF', 250.000)
[2026-05-08 10:01:28] [VERBOSE] SQL stmt 469 OK on table [B_ART]
[2026-05-08 10:01:28] [VERBOSE][SQL] Run SQL stmt 470 on table [I_PARTC]: IF OBJECT_ID(N'[dbo].[I_PARTC]', N'U') IS NOT NULL AND COL_LENGTH('dbo.I_PARTC','CODEARTIC') IS NOT NULL AND COL_LENGTH('dbo.I_PARTC','VER_ART') IS NOT NULL |     DELETE FROM I_PARTC WHERE CODEARTIC='SUB-ASSEMBLY SHAFT 5G' AND VER_ART='00'
[2026-05-08 10:01:28] [VERBOSE] SQL stmt 470 OK on table [I_PARTC]
[2026-05-08 10:01:28] [VERBOSE][SQL] Run SQL stmt 471 on table [I_PART]: IF OBJECT_ID(N'[dbo].[I_PART]', N'U') IS NOT NULL AND COL_LENGTH('dbo.I_PART','CODEARTIC') IS NOT NULL AND COL_LENGTH('dbo.I_PART','VER_ART') IS NOT NULL |     DELETE FROM I_PART WHERE CODEARTIC='SUB-ASSEMBLY SHAFT 5G' AND VER_ART='00'
[2026-05-08 10:01:28] [VERBOSE] SQL stmt 471 OK on table [I_PART]
[2026-05-08 10:01:28] [VERBOSE][SQL] Run SQL stmt 472 on table [B_PARTC]: IF OBJECT_ID(N'[dbo].[B_PARTC]', N'U') IS NOT NULL AND COL_LENGTH('dbo.B_PARTC','CODEARTIC') IS NOT NULL AND COL_LENGTH('dbo.B_PARTC','VER_ART') IS NOT NULL |     DELETE FROM B_PARTC WHERE CODEARTIC='SUB-ASSEMBLY SHAFT 5G' AND VER_ART='00'
[2026-05-08 10:01:28] [VERBOSE] SQL stmt 472 OK on table [B_PARTC]
[2026-05-08 10:01:28] [VERBOSE][SQL] Run SQL stmt 473 on table [B_PART]: IF OBJECT_ID(N'[dbo].[B_PART]', N'U') IS NOT NULL AND COL_LENGTH('dbo.B_PART','CODEARTIC') IS NOT NULL AND COL_LENGTH('dbo.B_PART','VER_ART') IS NOT NULL |     DELETE FROM B_PART WHERE CODEARTIC='SUB-ASSEMBLY SHAFT 5G' AND VER_ART='00'
[2026-05-08 10:01:28] [VERBOSE] SQL stmt 473 OK on table [B_PART]
[2026-05-08 10:01:28] [VERBOSE][SQL] Run SQL stmt 474 on table [B_VER_ART]: IF EXISTS (SELECT 1 FROM B_VER_ART WHERE CODEARTIC='SUB-ASSEMBLY SHAFT 5G' AND VER_ART='00') |     UPDATE B_VER_ART SET VER_DESC='RIMS T5', NOMG='SUB ASSEMBLY SHAFT', VER_EFFET_DEBUT=CONVERT(datetime,'01/01/1995',103), VER_EFFET_FIN=CONVERT(datetime,'01/01/2050',103) WHERE CODEARTIC='SUB-ASSEMBLY SHAFT 5G' AND VER_ART='00' | ELSE |     INSERT INTO B_VER_ART (CODEARTIC, VER_ART, VER_DESC, NOMG, VER_EFFET_DEBUT, VER_EFFET_FIN) |     VALUES ('SUB-ASSEMBLY SHAFT 5G', '00', 'RIMS T5', 'SUB ASSEMBLY SHAFT', CONVERT(datetime,'01/01/1995',103), CONVERT(datetime,'01/01/2050',103))
[2026-05-08 10:01:28] [VERBOSE] SQL stmt 474 OK on table [B_VER_ART]
[2026-05-08 10:01:29] [VERBOSE][SQL] Run SQL stmt 475 on table [B_ART]: IF EXISTS (SELECT 1 FROM B_ART WHERE CODEARTIC='SUB-ASSEMBLY SHAFT 6G') |     UPDATE B_ART SET LIBARTIC='PLENUM ASSEMBLY T8', TYPEMATI='SF', QTE_STOCK=250.000 WHERE CODEARTIC='SUB-ASSEMBLY SHAFT 6G' | ELSE |     INSERT INTO B_ART (CODEARTIC, LIBARTIC, TYPEMATI, QTE_STOCK) VALUES ('SUB-ASSEMBLY SHAFT 6G', 'PLENUM ASSEMBLY T8', 'SF', 250.000)
[2026-05-08 10:01:29] [VERBOSE] SQL stmt 475 OK on table [B_ART]
[2026-05-08 10:01:29] [VERBOSE][SQL] Run SQL stmt 476 on table [I_PARTC]: IF OBJECT_ID(N'[dbo].[I_PARTC]', N'U') IS NOT NULL AND COL_LENGTH('dbo.I_PARTC','CODEARTIC') IS NOT NULL AND COL_LENGTH('dbo.I_PARTC','VER_ART') IS NOT NULL |     DELETE FROM I_PARTC WHERE CODEARTIC='SUB-ASSEMBLY SHAFT 6G' AND VER_ART='00'
[2026-05-08 10:01:29] [VERBOSE] SQL stmt 476 OK on table [I_PARTC]
[2026-05-08 10:01:29] [VERBOSE][SQL] Run SQL stmt 477 on table [I_PART]: IF OBJECT_ID(N'[dbo].[I_PART]', N'U') IS NOT NULL AND COL_LENGTH('dbo.I_PART','CODEARTIC') IS NOT NULL AND COL_LENGTH('dbo.I_PART','VER_ART') IS NOT NULL |     DELETE FROM I_PART WHERE CODEARTIC='SUB-ASSEMBLY SHAFT 6G' AND VER_ART='00'
[2026-05-08 10:01:29] [VERBOSE] SQL stmt 477 OK on table [I_PART]
[2026-05-08 10:01:29] [VERBOSE][SQL] Run SQL stmt 478 on table [B_PARTC]: IF OBJECT_ID(N'[dbo].[B_PARTC]', N'U') IS NOT NULL AND COL_LENGTH('dbo.B_PARTC','CODEARTIC') IS NOT NULL AND COL_LENGTH('dbo.B_PARTC','VER_ART') IS NOT NULL |     DELETE FROM B_PARTC WHERE CODEARTIC='SUB-ASSEMBLY SHAFT 6G' AND VER_ART='00'
[2026-05-08 10:01:29] [VERBOSE] SQL stmt 478 OK on table [B_PARTC]
[2026-05-08 10:01:29] [VERBOSE][SQL] Run SQL stmt 479 on table [B_PART]: IF OBJECT_ID(N'[dbo].[B_PART]', N'U') IS NOT NULL AND COL_LENGTH('dbo.B_PART','CODEARTIC') IS NOT NULL AND COL_LENGTH('dbo.B_PART','VER_ART') IS NOT NULL |     DELETE FROM B_PART WHERE CODEARTIC='SUB-ASSEMBLY SHAFT 6G' AND VER_ART='00'
[2026-05-08 10:01:29] [VERBOSE] SQL stmt 479 OK on table [B_PART]
[2026-05-08 10:01:29] [VERBOSE][SQL] Run SQL stmt 480 on table [B_VER_ART]: IF EXISTS (SELECT 1 FROM B_VER_ART WHERE CODEARTIC='SUB-ASSEMBLY SHAFT 6G' AND VER_ART='00') |     UPDATE B_VER_ART SET VER_DESC='PLENUM ASSEMBLY T8', NOMG='SUB ASSEMBLY SHAFT', VER_EFFET_DEBUT=CONVERT(datetime,'01/01/1995',103), VER_EFFET_FIN=CONVERT(datetime,'01/01/2050',103) WHERE CODEARTIC='SUB-ASSEMBLY SHAFT 6G' AND VER_ART='00' | ELSE |     INSERT INTO B_VER_ART (CODEARTIC, VER_ART, VER_DESC, NOMG, VER_EFFET_DEBUT, VER_EFFET_FIN) |     VALUES ('SUB-ASSEMBLY SHAFT 6G', '00', 'PLENUM ASSEMBLY T8', 'SUB ASSEMBLY SHAFT', CONVERT(datetime,'01/01/1995',103), CONVERT(datetime,'01/01/2050',103))
[2026-05-08 10:01:29] [VERBOSE] SQL stmt 480 OK on table [B_VER_ART]
[2026-05-08 10:01:29] [VERBOSE][SQL] Run SQL stmt 481 on table [B_ART]: IF EXISTS (SELECT 1 FROM B_ART WHERE CODEARTIC='SUB-ASSEMBLY SHAFT AUTO') |     UPDATE B_ART SET LIBARTIC='WARHEAD', TYPEMATI='SF', QTE_STOCK=250.000 WHERE CODEARTIC='SUB-ASSEMBLY SHAFT AUTO' | ELSE |     INSERT INTO B_ART (CODEARTIC, LIBARTIC, TYPEMATI, QTE_STOCK) VALUES ('SUB-ASSEMBLY SHAFT AUTO', 'WARHEAD', 'SF', 250.000)
[2026-05-08 10:01:29] [VERBOSE] SQL stmt 481 OK on table [B_ART]
[2026-05-08 10:01:29] [VERBOSE][SQL] Run SQL stmt 482 on table [I_PARTC]: IF OBJECT_ID(N'[dbo].[I_PARTC]', N'U') IS NOT NULL AND COL_LENGTH('dbo.I_PARTC','CODEARTIC') IS NOT NULL AND COL_LENGTH('dbo.I_PARTC','VER_ART') IS NOT NULL |     DELETE FROM I_PARTC WHERE CODEARTIC='SUB-ASSEMBLY SHAFT AUTO' AND VER_ART='00'
[2026-05-08 10:01:29] [VERBOSE] SQL stmt 482 OK on table [I_PARTC]
[2026-05-08 10:01:29] [VERBOSE][SQL] Run SQL stmt 483 on table [I_PART]: IF OBJECT_ID(N'[dbo].[I_PART]', N'U') IS NOT NULL AND COL_LENGTH('dbo.I_PART','CODEARTIC') IS NOT NULL AND COL_LENGTH('dbo.I_PART','VER_ART') IS NOT NULL |     DELETE FROM I_PART WHERE CODEARTIC='SUB-ASSEMBLY SHAFT AUTO' AND VER_ART='00'
[2026-05-08 10:01:29] [VERBOSE] SQL stmt 483 OK on table [I_PART]
[2026-05-08 10:01:30] [VERBOSE][SQL] Run SQL stmt 484 on table [B_PARTC]: IF OBJECT_ID(N'[dbo].[B_PARTC]', N'U') IS NOT NULL AND COL_LENGTH('dbo.B_PARTC','CODEARTIC') IS NOT NULL AND COL_LENGTH('dbo.B_PARTC','VER_ART') IS NOT NULL |     DELETE FROM B_PARTC WHERE CODEARTIC='SUB-ASSEMBLY SHAFT AUTO' AND VER_ART='00'
[2026-05-08 10:01:30] [VERBOSE] SQL stmt 484 OK on table [B_PARTC]
[2026-05-08 10:01:30] [VERBOSE][SQL] Run SQL stmt 485 on table [B_PART]: IF OBJECT_ID(N'[dbo].[B_PART]', N'U') IS NOT NULL AND COL_LENGTH('dbo.B_PART','CODEARTIC') IS NOT NULL AND COL_LENGTH('dbo.B_PART','VER_ART') IS NOT NULL |     DELETE FROM B_PART WHERE CODEARTIC='SUB-ASSEMBLY SHAFT AUTO' AND VER_ART='00'
[2026-05-08 10:01:30] [VERBOSE] SQL stmt 485 OK on table [B_PART]
[2026-05-08 10:01:30] [VERBOSE][SQL] Run SQL stmt 486 on table [B_VER_ART]: IF EXISTS (SELECT 1 FROM B_VER_ART WHERE CODEARTIC='SUB-ASSEMBLY SHAFT AUTO' AND VER_ART='00') |     UPDATE B_VER_ART SET VER_DESC='WARHEAD', NOMG='SUB ASSEMBLY SHAFT', VER_EFFET_DEBUT=CONVERT(datetime,'01/01/1995',103), VER_EFFET_FIN=CONVERT(datetime,'01/01/2050',103) WHERE CODEARTIC='SUB-ASSEMBLY SHAFT AUTO' AND VER_ART='00' | ELSE |     INSERT INTO B_VER_ART (CODEARTIC, VER_ART, VER_DESC, NOMG, VER_EFFET_DEBUT, VER_EFFET_FIN) |     VALUES ('SUB-ASSEMBLY SHAFT AUTO', '00', 'WARHEAD', 'SUB ASSEMBLY SHAFT', CONVERT(datetime,'01/01/1995',103), CONVERT(datetime,'01/01/2050',103))
[2026-05-08 10:01:30] [VERBOSE] SQL stmt 486 OK on table [B_VER_ART]
[2026-05-08 10:01:30] [VERBOSE][SQL] Run SQL stmt 487 on table [B_ART]: IF EXISTS (SELECT 1 FROM B_ART WHERE CODEARTIC='TOOTHED RING 4G') |     UPDATE B_ART SET LIBARTIC='WARHEAD SUB-ASSEMBLY', TYPEMATI='SF', QTE_STOCK=250.000 WHERE CODEARTIC='TOOTHED RING 4G' | ELSE |     INSERT INTO B_ART (CODEARTIC, LIBARTIC, TYPEMATI, QTE_STOCK) VALUES ('TOOTHED RING 4G', 'WARHEAD SUB-ASSEMBLY', 'SF', 250.000)
[2026-05-08 10:01:30] [VERBOSE] SQL stmt 487 OK on table [B_ART]
[2026-05-08 10:01:30] [VERBOSE][SQL] Run SQL stmt 488 on table [I_PARTC]: IF OBJECT_ID(N'[dbo].[I_PARTC]', N'U') IS NOT NULL AND COL_LENGTH('dbo.I_PARTC','CODEARTIC') IS NOT NULL AND COL_LENGTH('dbo.I_PARTC','VER_ART') IS NOT NULL |     DELETE FROM I_PARTC WHERE CODEARTIC='TOOTHED RING 4G' AND VER_ART='00'
[2026-05-08 10:01:30] [VERBOSE] SQL stmt 488 OK on table [I_PARTC]
[2026-05-08 10:01:30] [VERBOSE][SQL] Run SQL stmt 489 on table [I_PART]: IF OBJECT_ID(N'[dbo].[I_PART]', N'U') IS NOT NULL AND COL_LENGTH('dbo.I_PART','CODEARTIC') IS NOT NULL AND COL_LENGTH('dbo.I_PART','VER_ART') IS NOT NULL |     DELETE FROM I_PART WHERE CODEARTIC='TOOTHED RING 4G' AND VER_ART='00'
[2026-05-08 10:01:30] [VERBOSE] SQL stmt 489 OK on table [I_PART]
[2026-05-08 10:01:30] [VERBOSE][SQL] Run SQL stmt 490 on table [B_PARTC]: IF OBJECT_ID(N'[dbo].[B_PARTC]', N'U') IS NOT NULL AND COL_LENGTH('dbo.B_PARTC','CODEARTIC') IS NOT NULL AND COL_LENGTH('dbo.B_PARTC','VER_ART') IS NOT NULL |     DELETE FROM B_PARTC WHERE CODEARTIC='TOOTHED RING 4G' AND VER_ART='00'
[2026-05-08 10:01:30] [VERBOSE] SQL stmt 490 OK on table [B_PARTC]
[2026-05-08 10:01:30] [VERBOSE][SQL] Run SQL stmt 491 on table [B_PART]: IF OBJECT_ID(N'[dbo].[B_PART]', N'U') IS NOT NULL AND COL_LENGTH('dbo.B_PART','CODEARTIC') IS NOT NULL AND COL_LENGTH('dbo.B_PART','VER_ART') IS NOT NULL |     DELETE FROM B_PART WHERE CODEARTIC='TOOTHED RING 4G' AND VER_ART='00'
[2026-05-08 10:01:30] [VERBOSE] SQL stmt 491 OK on table [B_PART]
[2026-05-08 10:01:30] [VERBOSE][SQL] Run SQL stmt 492 on table [B_VER_ART]: IF EXISTS (SELECT 1 FROM B_VER_ART WHERE CODEARTIC='TOOTHED RING 4G' AND VER_ART='00') |     UPDATE B_VER_ART SET VER_DESC='WARHEAD SUB-ASSEMBLY', NOMG='TOOTHED RING', VER_EFFET_DEBUT=CONVERT(datetime,'01/01/1995',103), VER_EFFET_FIN=CONVERT(datetime,'01/01/2050',103) WHERE CODEARTIC='TOOTHED RING 4G' AND VER_ART='00' | ELSE |     INSERT INTO B_VER_ART (CODEARTIC, VER_ART, VER_DESC, NOMG, VER_EFFET_DEBUT, VER_EFFET_FIN) |     VALUES ('TOOTHED RING 4G', '00', 'WARHEAD SUB-ASSEMBLY', 'TOOTHED RING', CONVERT(datetime,'01/01/1995',103), CONVERT(datetime,'01/01/2050',103))
[2026-05-08 10:01:30] [VERBOSE] SQL stmt 492 OK on table [B_VER_ART]
[2026-05-08 10:01:30] [VERBOSE][SQL] Run SQL stmt 493 on table [B_ART]: IF EXISTS (SELECT 1 FROM B_ART WHERE CODEARTIC='TOOTHED RING 5G') |     UPDATE B_ART SET LIBARTIC='WARHEAD SUB-ASS', TYPEMATI='SF', QTE_STOCK=250.000 WHERE CODEARTIC='TOOTHED RING 5G' | ELSE |     INSERT INTO B_ART (CODEARTIC, LIBARTIC, TYPEMATI, QTE_STOCK) VALUES ('TOOTHED RING 5G', 'WARHEAD SUB-ASS', 'SF', 250.000)
[2026-05-08 10:01:30] [VERBOSE] SQL stmt 493 OK on table [B_ART]
[2026-05-08 10:01:30] [VERBOSE][SQL] Run SQL stmt 494 on table [I_PARTC]: IF OBJECT_ID(N'[dbo].[I_PARTC]', N'U') IS NOT NULL AND COL_LENGTH('dbo.I_PARTC','CODEARTIC') IS NOT NULL AND COL_LENGTH('dbo.I_PARTC','VER_ART') IS NOT NULL |     DELETE FROM I_PARTC WHERE CODEARTIC='TOOTHED RING 5G' AND VER_ART='00'
[2026-05-08 10:01:30] [VERBOSE] SQL stmt 494 OK on table [I_PARTC]
[2026-05-08 10:01:31] [VERBOSE][SQL] Run SQL stmt 495 on table [I_PART]: IF OBJECT_ID(N'[dbo].[I_PART]', N'U') IS NOT NULL AND COL_LENGTH('dbo.I_PART','CODEARTIC') IS NOT NULL AND COL_LENGTH('dbo.I_PART','VER_ART') IS NOT NULL |     DELETE FROM I_PART WHERE CODEARTIC='TOOTHED RING 5G' AND VER_ART='00'
[2026-05-08 10:01:31] [VERBOSE] SQL stmt 495 OK on table [I_PART]
[2026-05-08 10:01:31] [VERBOSE][SQL] Run SQL stmt 496 on table [B_PARTC]: IF OBJECT_ID(N'[dbo].[B_PARTC]', N'U') IS NOT NULL AND COL_LENGTH('dbo.B_PARTC','CODEARTIC') IS NOT NULL AND COL_LENGTH('dbo.B_PARTC','VER_ART') IS NOT NULL |     DELETE FROM B_PARTC WHERE CODEARTIC='TOOTHED RING 5G' AND VER_ART='00'
[2026-05-08 10:01:31] [VERBOSE] SQL stmt 496 OK on table [B_PARTC]
[2026-05-08 10:01:31] [VERBOSE][SQL] Run SQL stmt 497 on table [B_PART]: IF OBJECT_ID(N'[dbo].[B_PART]', N'U') IS NOT NULL AND COL_LENGTH('dbo.B_PART','CODEARTIC') IS NOT NULL AND COL_LENGTH('dbo.B_PART','VER_ART') IS NOT NULL |     DELETE FROM B_PART WHERE CODEARTIC='TOOTHED RING 5G' AND VER_ART='00'
[2026-05-08 10:01:31] [VERBOSE] SQL stmt 497 OK on table [B_PART]
[2026-05-08 10:01:31] [VERBOSE][SQL] Run SQL stmt 498 on table [B_VER_ART]: IF EXISTS (SELECT 1 FROM B_VER_ART WHERE CODEARTIC='TOOTHED RING 5G' AND VER_ART='00') |     UPDATE B_VER_ART SET VER_DESC='WARHEAD SUB-ASS', NOMG='TOOTHED RING', VER_EFFET_DEBUT=CONVERT(datetime,'01/01/1995',103), VER_EFFET_FIN=CONVERT(datetime,'01/01/2050',103) WHERE CODEARTIC='TOOTHED RING 5G' AND VER_ART='00' | ELSE |     INSERT INTO B_VER_ART (CODEARTIC, VER_ART, VER_DESC, NOMG, VER_EFFET_DEBUT, VER_EFFET_FIN) |     VALUES ('TOOTHED RING 5G', '00', 'WARHEAD SUB-ASS', 'TOOTHED RING', CONVERT(datetime,'01/01/1995',103), CONVERT(datetime,'01/01/2050',103))
[2026-05-08 10:01:31] [VERBOSE] SQL stmt 498 OK on table [B_VER_ART]
[2026-05-08 10:01:31] [VERBOSE][SQL] Run SQL stmt 499 on table [B_ART]: IF EXISTS (SELECT 1 FROM B_ART WHERE CODEARTIC='TOOTHED RING 6G') |     UPDATE B_ART SET LIBARTIC='BODY MISSLE', TYPEMATI='SF', QTE_STOCK=250.000 WHERE CODEARTIC='TOOTHED RING 6G' | ELSE |     INSERT INTO B_ART (CODEARTIC, LIBARTIC, TYPEMATI, QTE_STOCK) VALUES ('TOOTHED RING 6G', 'BODY MISSLE', 'SF', 250.000)
[2026-05-08 10:01:31] [VERBOSE] SQL stmt 499 OK on table [B_ART]
[2026-05-08 10:01:31] [VERBOSE][SQL] Run SQL stmt 500 on table [I_PARTC]: IF OBJECT_ID(N'[dbo].[I_PARTC]', N'U') IS NOT NULL AND COL_LENGTH('dbo.I_PARTC','CODEARTIC') IS NOT NULL AND COL_LENGTH('dbo.I_PARTC','VER_ART') IS NOT NULL |     DELETE FROM I_PARTC WHERE CODEARTIC='TOOTHED RING 6G' AND VER_ART='00'
[2026-05-08 10:01:31] [VERBOSE] SQL stmt 500 OK on table [I_PARTC]
[2026-05-08 10:01:31] [VERBOSE][SQL] Run SQL stmt 501 on table [I_PART]: IF OBJECT_ID(N'[dbo].[I_PART]', N'U') IS NOT NULL AND COL_LENGTH('dbo.I_PART','CODEARTIC') IS NOT NULL AND COL_LENGTH('dbo.I_PART','VER_ART') IS NOT NULL |     DELETE FROM I_PART WHERE CODEARTIC='TOOTHED RING 6G' AND VER_ART='00'
[2026-05-08 10:01:31] [VERBOSE] SQL stmt 501 OK on table [I_PART]
[2026-05-08 10:01:31] [VERBOSE][SQL] Run SQL stmt 502 on table [B_PARTC]: IF OBJECT_ID(N'[dbo].[B_PARTC]', N'U') IS NOT NULL AND COL_LENGTH('dbo.B_PARTC','CODEARTIC') IS NOT NULL AND COL_LENGTH('dbo.B_PARTC','VER_ART') IS NOT NULL |     DELETE FROM B_PARTC WHERE CODEARTIC='TOOTHED RING 6G' AND VER_ART='00'
[2026-05-08 10:01:31] [VERBOSE] SQL stmt 502 OK on table [B_PARTC]
[2026-05-08 10:01:31] [VERBOSE][SQL] Run SQL stmt 503 on table [B_PART]: IF OBJECT_ID(N'[dbo].[B_PART]', N'U') IS NOT NULL AND COL_LENGTH('dbo.B_PART','CODEARTIC') IS NOT NULL AND COL_LENGTH('dbo.B_PART','VER_ART') IS NOT NULL |     DELETE FROM B_PART WHERE CODEARTIC='TOOTHED RING 6G' AND VER_ART='00'
[2026-05-08 10:01:31] [VERBOSE] SQL stmt 503 OK on table [B_PART]
[2026-05-08 10:01:32] [VERBOSE][SQL] Run SQL stmt 504 on table [B_VER_ART]: IF EXISTS (SELECT 1 FROM B_VER_ART WHERE CODEARTIC='TOOTHED RING 6G' AND VER_ART='00') |     UPDATE B_VER_ART SET VER_DESC='BODY MISSLE', NOMG='TOOTHED RING', VER_EFFET_DEBUT=CONVERT(datetime,'01/01/1995',103), VER_EFFET_FIN=CONVERT(datetime,'01/01/2050',103) WHERE CODEARTIC='TOOTHED RING 6G' AND VER_ART='00' | ELSE |     INSERT INTO B_VER_ART (CODEARTIC, VER_ART, VER_DESC, NOMG, VER_EFFET_DEBUT, VER_EFFET_FIN) |     VALUES ('TOOTHED RING 6G', '00', 'BODY MISSLE', 'TOOTHED RING', CONVERT(datetime,'01/01/1995',103), CONVERT(datetime,'01/01/2050',103))
[2026-05-08 10:01:32] [VERBOSE] SQL stmt 504 OK on table [B_VER_ART]
[2026-05-08 10:01:32] [VERBOSE][SQL] Run SQL stmt 505 on table [B_ART]: IF EXISTS (SELECT 1 FROM B_ART WHERE CODEARTIC='TOOTHED RING AUTO') |     UPDATE B_ART SET LIBARTIC='BODY MISSILE', TYPEMATI='SF', QTE_STOCK=250.000 WHERE CODEARTIC='TOOTHED RING AUTO' | ELSE |     INSERT INTO B_ART (CODEARTIC, LIBARTIC, TYPEMATI, QTE_STOCK) VALUES ('TOOTHED RING AUTO', 'BODY MISSILE', 'SF', 250.000)
[2026-05-08 10:01:32] [VERBOSE] SQL stmt 505 OK on table [B_ART]
[2026-05-08 10:01:32] [VERBOSE][SQL] Run SQL stmt 506 on table [I_PARTC]: IF OBJECT_ID(N'[dbo].[I_PARTC]', N'U') IS NOT NULL AND COL_LENGTH('dbo.I_PARTC','CODEARTIC') IS NOT NULL AND COL_LENGTH('dbo.I_PARTC','VER_ART') IS NOT NULL |     DELETE FROM I_PARTC WHERE CODEARTIC='TOOTHED RING AUTO' AND VER_ART='00'
[2026-05-08 10:01:32] [VERBOSE] SQL stmt 506 OK on table [I_PARTC]
[2026-05-08 10:01:32] [VERBOSE][SQL] Run SQL stmt 507 on table [I_PART]: IF OBJECT_ID(N'[dbo].[I_PART]', N'U') IS NOT NULL AND COL_LENGTH('dbo.I_PART','CODEARTIC') IS NOT NULL AND COL_LENGTH('dbo.I_PART','VER_ART') IS NOT NULL |     DELETE FROM I_PART WHERE CODEARTIC='TOOTHED RING AUTO' AND VER_ART='00'
[2026-05-08 10:01:32] [VERBOSE] SQL stmt 507 OK on table [I_PART]
[2026-05-08 10:01:32] [VERBOSE][SQL] Run SQL stmt 508 on table [B_PARTC]: IF OBJECT_ID(N'[dbo].[B_PARTC]', N'U') IS NOT NULL AND COL_LENGTH('dbo.B_PARTC','CODEARTIC') IS NOT NULL AND COL_LENGTH('dbo.B_PARTC','VER_ART') IS NOT NULL |     DELETE FROM B_PARTC WHERE CODEARTIC='TOOTHED RING AUTO' AND VER_ART='00'
[2026-05-08 10:01:32] [VERBOSE] SQL stmt 508 OK on table [B_PARTC]
[2026-05-08 10:01:32] [VERBOSE][SQL] Run SQL stmt 509 on table [B_PART]: IF OBJECT_ID(N'[dbo].[B_PART]', N'U') IS NOT NULL AND COL_LENGTH('dbo.B_PART','CODEARTIC') IS NOT NULL AND COL_LENGTH('dbo.B_PART','VER_ART') IS NOT NULL |     DELETE FROM B_PART WHERE CODEARTIC='TOOTHED RING AUTO' AND VER_ART='00'
[2026-05-08 10:01:32] [VERBOSE] SQL stmt 509 OK on table [B_PART]
[2026-05-08 10:01:32] [VERBOSE][SQL] Run SQL stmt 510 on table [B_VER_ART]: IF EXISTS (SELECT 1 FROM B_VER_ART WHERE CODEARTIC='TOOTHED RING AUTO' AND VER_ART='00') |     UPDATE B_VER_ART SET VER_DESC='BODY MISSILE', NOMG='TOOTHED RING', VER_EFFET_DEBUT=CONVERT(datetime,'01/01/1995',103), VER_EFFET_FIN=CONVERT(datetime,'01/01/2050',103) WHERE CODEARTIC='TOOTHED RING AUTO' AND VER_ART='00' | ELSE |     INSERT INTO B_VER_ART (CODEARTIC, VER_ART, VER_DESC, NOMG, VER_EFFET_DEBUT, VER_EFFET_FIN) |     VALUES ('TOOTHED RING AUTO', '00', 'BODY MISSILE', 'TOOTHED RING', CONVERT(datetime,'01/01/1995',103), CONVERT(datetime,'01/01/2050',103))
[2026-05-08 10:01:32] [VERBOSE] SQL stmt 510 OK on table [B_VER_ART]
[2026-05-08 10:01:32] [VERBOSE][SQL] Run SQL stmt 511 on table [B_NOME]: IF NOT EXISTS (SELECT 1 FROM B_NOME WHERE B_V_CODEARTIC='PINION AUTO' AND VER_ART='00' AND CODEARTIC='FORGED PINION' AND NOMG='PINION' AND NOPHASE=0010) |     INSERT INTO B_NOME (B_V_CODEARTIC, VER_ART, CODEARTIC, NOMG, NOPHASE, QTEREF, QTENEC) |     VALUES ('PINION AUTO', '00', 'FORGED PINION', 'PINION', 0010, 1.000, 1.000)
[2026-05-08 10:01:32] [VERBOSE] SQL stmt 511 OK on table [B_NOME]
[2026-05-08 10:01:33] [VERBOSE][SQL] Run SQL stmt 512 on table [B_NOME]: IF NOT EXISTS (SELECT 1 FROM B_NOME WHERE B_V_CODEARTIC='PINION 6G' AND VER_ART='00' AND CODEARTIC='FORGED PINION' AND NOMG='PINION' AND NOPHASE=0010) |     INSERT INTO B_NOME (B_V_CODEARTIC, VER_ART, CODEARTIC, NOMG, NOPHASE, QTEREF, QTENEC) |     VALUES ('PINION 6G', '00', 'FORGED PINION', 'PINION', 0010, 1.000, 1.000)
[2026-05-08 10:01:33] [VERBOSE] SQL stmt 512 OK on table [B_NOME]
[2026-05-08 10:01:33] [VERBOSE][SQL] Run SQL stmt 513 on table [B_NOME]: IF NOT EXISTS (SELECT 1 FROM B_NOME WHERE B_V_CODEARTIC='PINION 5G' AND VER_ART='00' AND CODEARTIC='FORGED PINION' AND NOMG='PINION' AND NOPHASE=0010) |     INSERT INTO B_NOME (B_V_CODEARTIC, VER_ART, CODEARTIC, NOMG, NOPHASE, QTEREF, QTENEC) |     VALUES ('PINION 5G', '00', 'FORGED PINION', 'PINION', 0010, 1.000, 1.000)
[2026-05-08 10:01:33] [VERBOSE] SQL stmt 513 OK on table [B_NOME]
[2026-05-08 10:01:33] [VERBOSE][SQL] Run SQL stmt 514 on table [B_NOME]: IF NOT EXISTS (SELECT 1 FROM B_NOME WHERE B_V_CODEARTIC='PINION 4G' AND VER_ART='00' AND CODEARTIC='FORGED PINION' AND NOMG='PINION ALTERNATE' AND NOPHASE=0010) |     INSERT INTO B_NOME (B_V_CODEARTIC, VER_ART, CODEARTIC, NOMG, NOPHASE, QTEREF, QTENEC) |     VALUES ('PINION 4G', '00', 'FORGED PINION', 'PINION ALTERNATE', 0010, 1.000, 1.000)
[2026-05-08 10:01:33] [VERBOSE] SQL stmt 514 OK on table [B_NOME]
[2026-05-08 10:01:33] [VERBOSE][SQL] Run SQL stmt 515 on table [B_NOME]: IF NOT EXISTS (SELECT 1 FROM B_NOME WHERE B_V_CODEARTIC='GEAR BOX AUTOMATIC' AND VER_ART='00' AND CODEARTIC='PACKAGING' AND NOMG='FINAL ASSEMBLY' AND NOPHASE=0040) |     INSERT INTO B_NOME (B_V_CODEARTIC, VER_ART, CODEARTIC, NOMG, NOPHASE, QTEREF, QTENEC) |     VALUES ('GEAR BOX AUTOMATIC', '00', 'PACKAGING', 'FINAL ASSEMBLY', 0040, 1.000, 1.000)
[2026-05-08 10:01:33] [VERBOSE] SQL stmt 515 OK on table [B_NOME]
[2026-05-08 10:01:33] [VERBOSE][SQL] Run SQL stmt 516 on table [B_NOME]: IF NOT EXISTS (SELECT 1 FROM B_NOME WHERE B_V_CODEARTIC='GEAR BOX AUTOMATIC' AND VER_ART='00' AND CODEARTIC='SUB-ASSEMBLY BOX AUTO' AND NOMG='FINAL ASSEMBLY' AND NOPHASE=0030) |     INSERT INTO B_NOME (B_V_CODEARTIC, VER_ART, CODEARTIC, NOMG, NOPHASE, QTEREF, QTENEC) |     VALUES ('GEAR BOX AUTOMATIC', '00', 'SUB-ASSEMBLY BOX AUTO', 'FINAL ASSEMBLY', 0030, 1.000, 1.000)
[2026-05-08 10:01:33] [VERBOSE] SQL stmt 516 OK on table [B_NOME]
[2026-05-08 10:01:33] [VERBOSE][SQL] Run SQL stmt 517 on table [B_NOME]: IF NOT EXISTS (SELECT 1 FROM B_NOME WHERE B_V_CODEARTIC='GEAR BOX AUTOMATIC' AND VER_ART='00' AND CODEARTIC='SUB-ASS SHAFT SUB-CONTRACTED' AND NOMG='FINAL ASSEMBLY' AND NOPHASE=0010) |     INSERT INTO B_NOME (B_V_CODEARTIC, VER_ART, CODEARTIC, NOMG, NOPHASE, QTEREF, QTENEC) |     VALUES ('GEAR BOX AUTOMATIC', '00', 'SUB-ASS SHAFT SUB-CONTRACTED', 'FINAL ASSEMBLY', 0010, 1.000, 1.000)
[2026-05-08 10:01:33] [VERBOSE] SQL stmt 517 OK on table [B_NOME]
[2026-05-08 10:01:33] [VERBOSE][SQL] Run SQL stmt 518 on table [B_NOME]: IF NOT EXISTS (SELECT 1 FROM B_NOME WHERE B_V_CODEARTIC='GEAR BOX 8' AND VER_ART='00' AND CODEARTIC='PACKAGING' AND NOMG='FINAL ASSEMBLY' AND NOPHASE=0040) |     INSERT INTO B_NOME (B_V_CODEARTIC, VER_ART, CODEARTIC, NOMG, NOPHASE, QTEREF, QTENEC) |     VALUES ('GEAR BOX 8', '00', 'PACKAGING', 'FINAL ASSEMBLY', 0040, 1.000, 1.000)
[2026-05-08 10:01:33] [VERBOSE] SQL stmt 518 OK on table [B_NOME]
[2026-05-08 10:01:33] [VERBOSE][SQL] Run SQL stmt 519 on table [B_NOME]: IF NOT EXISTS (SELECT 1 FROM B_NOME WHERE B_V_CODEARTIC='GEAR BOX 8' AND VER_ART='00' AND CODEARTIC='SUB-ASSEMBLY BOX 6G' AND NOMG='FINAL ASSEMBLY' AND NOPHASE=0030) |     INSERT INTO B_NOME (B_V_CODEARTIC, VER_ART, CODEARTIC, NOMG, NOPHASE, QTEREF, QTENEC) |     VALUES ('GEAR BOX 8', '00', 'SUB-ASSEMBLY BOX 6G', 'FINAL ASSEMBLY', 0030, 1.000, 1.000)
[2026-05-08 10:01:33] [VERBOSE] SQL stmt 519 OK on table [B_NOME]
[2026-05-08 10:01:33] [VERBOSE][SQL] Run SQL stmt 520 on table [B_NOME]: IF NOT EXISTS (SELECT 1 FROM B_NOME WHERE B_V_CODEARTIC='GEAR BOX 8' AND VER_ART='00' AND CODEARTIC='SUB-ASS SHAFT SUB-CONTRACTED' AND NOMG='FINAL ASSEMBLY' AND NOPHASE=0010) |     INSERT INTO B_NOME (B_V_CODEARTIC, VER_ART, CODEARTIC, NOMG, NOPHASE, QTEREF, QTENEC) |     VALUES ('GEAR BOX 8', '00', 'SUB-ASS SHAFT SUB-CONTRACTED', 'FINAL ASSEMBLY', 0010, 1.000, 1.000)
[2026-05-08 10:01:33] [VERBOSE] SQL stmt 520 OK on table [B_NOME]
[2026-05-08 10:01:33] [VERBOSE][SQL] Run SQL stmt 521 on table [B_NOME]: IF NOT EXISTS (SELECT 1 FROM B_NOME WHERE B_V_CODEARTIC='GEAR BOX 7' AND VER_ART='00' AND CODEARTIC='PACKAGING' AND NOMG='FINAL ASSEMBLY' AND NOPHASE=0040) |     INSERT INTO B_NOME (B_V_CODEARTIC, VER_ART, CODEARTIC, NOMG, NOPHASE, QTEREF, QTENEC) |     VALUES ('GEAR BOX 7', '00', 'PACKAGING', 'FINAL ASSEMBLY', 0040, 1.000, 1.000)
[2026-05-08 10:01:33] [VERBOSE] SQL stmt 521 OK on table [B_NOME]
[2026-05-08 10:01:34] [VERBOSE][SQL] Run SQL stmt 522 on table [B_NOME]: IF NOT EXISTS (SELECT 1 FROM B_NOME WHERE B_V_CODEARTIC='GEAR BOX 7' AND VER_ART='00' AND CODEARTIC='SUB-ASSEMBLY BOX 6G' AND NOMG='FINAL ASSEMBLY' AND NOPHASE=0030) |     INSERT INTO B_NOME (B_V_CODEARTIC, VER_ART, CODEARTIC, NOMG, NOPHASE, QTEREF, QTENEC) |     VALUES ('GEAR BOX 7', '00', 'SUB-ASSEMBLY BOX 6G', 'FINAL ASSEMBLY', 0030, 1.000, 1.000)
[2026-05-08 10:01:34] [VERBOSE] SQL stmt 522 OK on table [B_NOME]
[2026-05-08 10:01:34] [VERBOSE][SQL] Run SQL stmt 523 on table [B_NOME]: IF NOT EXISTS (SELECT 1 FROM B_NOME WHERE B_V_CODEARTIC='GEAR BOX 7' AND VER_ART='00' AND CODEARTIC='SUB-ASS SHAFT SUB-CONTRACTED' AND NOMG='FINAL ASSEMBLY' AND NOPHASE=0010) |     INSERT INTO B_NOME (B_V_CODEARTIC, VER_ART, CODEARTIC, NOMG, NOPHASE, QTEREF, QTENEC) |     VALUES ('GEAR BOX 7', '00', 'SUB-ASS SHAFT SUB-CONTRACTED', 'FINAL ASSEMBLY', 0010, 1.000, 1.000)
[2026-05-08 10:01:34] [VERBOSE] SQL stmt 523 OK on table [B_NOME]
[2026-05-08 10:01:34] [VERBOSE][SQL] Run SQL stmt 524 on table [B_NOME]: IF NOT EXISTS (SELECT 1 FROM B_NOME WHERE B_V_CODEARTIC='GEAR BOX 6' AND VER_ART='00' AND CODEARTIC='PACKAGING' AND NOMG='FINAL ASSEMBLY' AND NOPHASE=0040) |     INSERT INTO B_NOME (B_V_CODEARTIC, VER_ART, CODEARTIC, NOMG, NOPHASE, QTEREF, QTENEC) |     VALUES ('GEAR BOX 6', '00', 'PACKAGING', 'FINAL ASSEMBLY', 0040, 1.000, 1.000)
[2026-05-08 10:01:34] [VERBOSE] SQL stmt 524 OK on table [B_NOME]
[2026-05-08 10:01:34] [VERBOSE][SQL] Run SQL stmt 525 on table [B_NOME]: IF NOT EXISTS (SELECT 1 FROM B_NOME WHERE B_V_CODEARTIC='GEAR BOX 6' AND VER_ART='00' AND CODEARTIC='SUB-ASSEMBLY BOX 6G' AND NOMG='FINAL ASSEMBLY' AND NOPHASE=0030) |     INSERT INTO B_NOME (B_V_CODEARTIC, VER_ART, CODEARTIC, NOMG, NOPHASE, QTEREF, QTENEC) |     VALUES ('GEAR BOX 6', '00', 'SUB-ASSEMBLY BOX 6G', 'FINAL ASSEMBLY', 0030, 1.000, 1.000)
[2026-05-08 10:01:34] [VERBOSE] SQL stmt 525 OK on table [B_NOME]
[2026-05-08 10:01:34] [VERBOSE][SQL] Run SQL stmt 526 on table [B_NOME]: IF NOT EXISTS (SELECT 1 FROM B_NOME WHERE B_V_CODEARTIC='GEAR BOX 6' AND VER_ART='00' AND CODEARTIC='SUB-ASS SHAFT SUB-CONTRACTED' AND NOMG='FINAL ASSEMBLY' AND NOPHASE=0010) |     INSERT INTO B_NOME (B_V_CODEARTIC, VER_ART, CODEARTIC, NOMG, NOPHASE, QTEREF, QTENEC) |     VALUES ('GEAR BOX 6', '00', 'SUB-ASS SHAFT SUB-CONTRACTED', 'FINAL ASSEMBLY', 0010, 1.000, 1.000)
[2026-05-08 10:01:34] [VERBOSE] SQL stmt 526 OK on table [B_NOME]
[2026-05-08 10:01:34] [VERBOSE][SQL] Run SQL stmt 527 on table [B_NOME]: IF NOT EXISTS (SELECT 1 FROM B_NOME WHERE B_V_CODEARTIC='GEAR BOX 5' AND VER_ART='00' AND CODEARTIC='PACKAGING' AND NOMG='FINAL ASSEMBLY' AND NOPHASE=0040) |     INSERT INTO B_NOME (B_V_CODEARTIC, VER_ART, CODEARTIC, NOMG, NOPHASE, QTEREF, QTENEC) |     VALUES ('GEAR BOX 5', '00', 'PACKAGING', 'FINAL ASSEMBLY', 0040, 1.000, 1.000)
[2026-05-08 10:01:34] [VERBOSE] SQL stmt 527 OK on table [B_NOME]
[2026-05-08 10:01:34] [VERBOSE][SQL] Run SQL stmt 528 on table [B_NOME]: IF NOT EXISTS (SELECT 1 FROM B_NOME WHERE B_V_CODEARTIC='GEAR BOX 5' AND VER_ART='00' AND CODEARTIC='SUB-ASSEMBLY BOX 5G' AND NOMG='FINAL ASSEMBLY' AND NOPHASE=0030) |     INSERT INTO B_NOME (B_V_CODEARTIC, VER_ART, CODEARTIC, NOMG, NOPHASE, QTEREF, QTENEC) |     VALUES ('GEAR BOX 5', '00', 'SUB-ASSEMBLY BOX 5G', 'FINAL ASSEMBLY', 0030, 1.000, 1.000)
[2026-05-08 10:01:34] [VERBOSE] SQL stmt 528 OK on table [B_NOME]
[2026-05-08 10:01:34] [VERBOSE][SQL] Run SQL stmt 529 on table [B_NOME]: IF NOT EXISTS (SELECT 1 FROM B_NOME WHERE B_V_CODEARTIC='GEAR BOX 5' AND VER_ART='00' AND CODEARTIC='SUB-ASS SHAFT SUB-CONTRACTED' AND NOMG='FINAL ASSEMBLY' AND NOPHASE=0010) |     INSERT INTO B_NOME (B_V_CODEARTIC, VER_ART, CODEARTIC, NOMG, NOPHASE, QTEREF, QTENEC) |     VALUES ('GEAR BOX 5', '00', 'SUB-ASS SHAFT SUB-CONTRACTED', 'FINAL ASSEMBLY', 0010, 1.000, 1.000)
[2026-05-08 10:01:34] [VERBOSE] SQL stmt 529 OK on table [B_NOME]
[2026-05-08 10:01:34] [VERBOSE][SQL] Run SQL stmt 530 on table [B_NOME]: IF NOT EXISTS (SELECT 1 FROM B_NOME WHERE B_V_CODEARTIC='GEAR BOX 4' AND VER_ART='00' AND CODEARTIC='PACKAGING' AND NOMG='FINAL ASSEMBLY' AND NOPHASE=0040) |     INSERT INTO B_NOME (B_V_CODEARTIC, VER_ART, CODEARTIC, NOMG, NOPHASE, QTEREF, QTENEC) |     VALUES ('GEAR BOX 4', '00', 'PACKAGING', 'FINAL ASSEMBLY', 0040, 1.000, 1.000)
[2026-05-08 10:01:34] [VERBOSE] SQL stmt 530 OK on table [B_NOME]
[2026-05-08 10:01:34] [VERBOSE][SQL] Run SQL stmt 531 on table [B_NOME]: IF NOT EXISTS (SELECT 1 FROM B_NOME WHERE B_V_CODEARTIC='GEAR BOX 4' AND VER_ART='00' AND CODEARTIC='SUB-ASSEMBLY BOX 4G' AND NOMG='FINAL ASSEMBLY' AND NOPHASE=0030) |     INSERT INTO B_NOME (B_V_CODEARTIC, VER_ART, CODEARTIC, NOMG, NOPHASE, QTEREF, QTENEC) |     VALUES ('GEAR BOX 4', '00', 'SUB-ASSEMBLY BOX 4G', 'FINAL ASSEMBLY', 0030, 1.000, 1.000)
[2026-05-08 10:01:34] [VERBOSE] SQL stmt 531 OK on table [B_NOME]
[2026-05-08 10:01:34] [VERBOSE][SQL] Run SQL stmt 532 on table [B_NOME]: IF NOT EXISTS (SELECT 1 FROM B_NOME WHERE B_V_CODEARTIC='GEAR BOX 4' AND VER_ART='00' AND CODEARTIC='SUB-ASS SHAFT SUB-CONTRACTED' AND NOMG='FINAL ASSEMBLY' AND NOPHASE=0010) |     INSERT INTO B_NOME (B_V_CODEARTIC, VER_ART, CODEARTIC, NOMG, NOPHASE, QTEREF, QTENEC) |     VALUES ('GEAR BOX 4', '00', 'SUB-ASS SHAFT SUB-CONTRACTED', 'FINAL ASSEMBLY', 0010, 1.000, 1.000)
[2026-05-08 10:01:34] [VERBOSE] SQL stmt 532 OK on table [B_NOME]
[2026-05-08 10:01:34] [VERBOSE][SQL] Run SQL stmt 533 on table [B_NOME]: IF NOT EXISTS (SELECT 1 FROM B_NOME WHERE B_V_CODEARTIC='TOOTHED RING AUTO' AND VER_ART='00' AND CODEARTIC='LATHING' AND NOMG='TOOTHED RING' AND NOPHASE=0020) |     INSERT INTO B_NOME (B_V_CODEARTIC, VER_ART, CODEARTIC, NOMG, NOPHASE, QTEREF, QTENEC) |     VALUES ('TOOTHED RING AUTO', '00', 'LATHING', 'TOOTHED RING', 0020, 1.000, 1.000)
[2026-05-08 10:01:34] [VERBOSE] SQL stmt 533 OK on table [B_NOME]
[2026-05-08 10:01:34] [VERBOSE][SQL] Run SQL stmt 534 on table [B_NOME]: IF NOT EXISTS (SELECT 1 FROM B_NOME WHERE B_V_CODEARTIC='TOOTHED RING AUTO' AND VER_ART='00' AND CODEARTIC='LATHING' AND NOMG='TOOTHED RING' AND NOPHASE=0010) |     INSERT INTO B_NOME (B_V_CODEARTIC, VER_ART, CODEARTIC, NOMG, NOPHASE, QTEREF, QTENEC) |     VALUES ('TOOTHED RING AUTO', '00', 'LATHING', 'TOOTHED RING', 0010, 1.000, 1.000)
[2026-05-08 10:01:34] [VERBOSE] SQL stmt 534 OK on table [B_NOME]
[2026-05-08 10:01:34] [VERBOSE][SQL] Run SQL stmt 535 on table [B_NOME]: IF NOT EXISTS (SELECT 1 FROM B_NOME WHERE B_V_CODEARTIC='TOOTHED RING AUTO' AND VER_ART='00' AND CODEARTIC='FORGED RING' AND NOMG='TOOTHED RING' AND NOPHASE=0010) |     INSERT INTO B_NOME (B_V_CODEARTIC, VER_ART, CODEARTIC, NOMG, NOPHASE, QTEREF, QTENEC) |     VALUES ('TOOTHED RING AUTO', '00', 'FORGED RING', 'TOOTHED RING', 0010, 1.000, 1.000)
[2026-05-08 10:01:34] [VERBOSE] SQL stmt 535 OK on table [B_NOME]
[2026-05-08 10:01:34] [VERBOSE][SQL] Run SQL stmt 536 on table [B_NOME]: IF NOT EXISTS (SELECT 1 FROM B_NOME WHERE B_V_CODEARTIC='TOOTHED RING 6G' AND VER_ART='00' AND CODEARTIC='LATHING' AND NOMG='TOOTHED RING' AND NOPHASE=0020) |     INSERT INTO B_NOME (B_V_CODEARTIC, VER_ART, CODEARTIC, NOMG, NOPHASE, QTEREF, QTENEC) |     VALUES ('TOOTHED RING 6G', '00', 'LATHING', 'TOOTHED RING', 0020, 1.000, 1.000)
[2026-05-08 10:01:34] [VERBOSE] SQL stmt 536 OK on table [B_NOME]
[2026-05-08 10:01:35] [VERBOSE][SQL] Run SQL stmt 537 on table [B_NOME]: IF NOT EXISTS (SELECT 1 FROM B_NOME WHERE B_V_CODEARTIC='TOOTHED RING 6G' AND VER_ART='00' AND CODEARTIC='LATHING' AND NOMG='TOOTHED RING' AND NOPHASE=0010) |     INSERT INTO B_NOME (B_V_CODEARTIC, VER_ART, CODEARTIC, NOMG, NOPHASE, QTEREF, QTENEC) |     VALUES ('TOOTHED RING 6G', '00', 'LATHING', 'TOOTHED RING', 0010, 1.000, 1.000)
[2026-05-08 10:01:35] [VERBOSE] SQL stmt 537 OK on table [B_NOME]
[2026-05-08 10:01:35] [VERBOSE][SQL] Run SQL stmt 538 on table [B_NOME]: IF NOT EXISTS (SELECT 1 FROM B_NOME WHERE B_V_CODEARTIC='TOOTHED RING 6G' AND VER_ART='00' AND CODEARTIC='FORGED RING' AND NOMG='TOOTHED RING' AND NOPHASE=0010) |     INSERT INTO B_NOME (B_V_CODEARTIC, VER_ART, CODEARTIC, NOMG, NOPHASE, QTEREF, QTENEC) |     VALUES ('TOOTHED RING 6G', '00', 'FORGED RING', 'TOOTHED RING', 0010, 1.000, 1.000)
[2026-05-08 10:01:35] [VERBOSE] SQL stmt 538 OK on table [B_NOME]
[2026-05-08 10:01:35] [VERBOSE][SQL] Run SQL stmt 539 on table [B_NOME]: IF NOT EXISTS (SELECT 1 FROM B_NOME WHERE B_V_CODEARTIC='TOOTHED RING 5G' AND VER_ART='00' AND CODEARTIC='LATHING' AND NOMG='TOOTHED RING' AND NOPHASE=0020) |     INSERT INTO B_NOME (B_V_CODEARTIC, VER_ART, CODEARTIC, NOMG, NOPHASE, QTEREF, QTENEC) |     VALUES ('TOOTHED RING 5G', '00', 'LATHING', 'TOOTHED RING', 0020, 1.000, 1.000)
[2026-05-08 10:01:35] [VERBOSE] SQL stmt 539 OK on table [B_NOME]
[2026-05-08 10:01:35] [VERBOSE][SQL] Run SQL stmt 540 on table [B_NOME]: IF NOT EXISTS (SELECT 1 FROM B_NOME WHERE B_V_CODEARTIC='TOOTHED RING 5G' AND VER_ART='00' AND CODEARTIC='LATHING' AND NOMG='TOOTHED RING' AND NOPHASE=0010) |     INSERT INTO B_NOME (B_V_CODEARTIC, VER_ART, CODEARTIC, NOMG, NOPHASE, QTEREF, QTENEC) |     VALUES ('TOOTHED RING 5G', '00', 'LATHING', 'TOOTHED RING', 0010, 1.000, 1.000)
[2026-05-08 10:01:35] [VERBOSE] SQL stmt 540 OK on table [B_NOME]
[2026-05-08 10:01:35] [VERBOSE][SQL] Run SQL stmt 541 on table [B_NOME]: IF NOT EXISTS (SELECT 1 FROM B_NOME WHERE B_V_CODEARTIC='TOOTHED RING 5G' AND VER_ART='00' AND CODEARTIC='FORGED RING' AND NOMG='TOOTHED RING' AND NOPHASE=0010) |     INSERT INTO B_NOME (B_V_CODEARTIC, VER_ART, CODEARTIC, NOMG, NOPHASE, QTEREF, QTENEC) |     VALUES ('TOOTHED RING 5G', '00', 'FORGED RING', 'TOOTHED RING', 0010, 1.000, 1.000)
[2026-05-08 10:01:35] [VERBOSE] SQL stmt 541 OK on table [B_NOME]
[2026-05-08 10:01:35] [VERBOSE][SQL] Run SQL stmt 542 on table [B_NOME]: IF NOT EXISTS (SELECT 1 FROM B_NOME WHERE B_V_CODEARTIC='TOOTHED RING 4G' AND VER_ART='00' AND CODEARTIC='LATHING' AND NOMG='TOOTHED RING' AND NOPHASE=0020) |     INSERT INTO B_NOME (B_V_CODEARTIC, VER_ART, CODEARTIC, NOMG, NOPHASE, QTEREF, QTENEC) |     VALUES ('TOOTHED RING 4G', '00', 'LATHING', 'TOOTHED RING', 0020, 1.000, 1.000)
[2026-05-08 10:01:35] [VERBOSE] SQL stmt 542 OK on table [B_NOME]
[2026-05-08 10:01:35] [VERBOSE][SQL] Run SQL stmt 543 on table [B_NOME]: IF NOT EXISTS (SELECT 1 FROM B_NOME WHERE B_V_CODEARTIC='TOOTHED RING 4G' AND VER_ART='00' AND CODEARTIC='LATHING' AND NOMG='TOOTHED RING' AND NOPHASE=0010) |     INSERT INTO B_NOME (B_V_CODEARTIC, VER_ART, CODEARTIC, NOMG, NOPHASE, QTEREF, QTENEC) |     VALUES ('TOOTHED RING 4G', '00', 'LATHING', 'TOOTHED RING', 0010, 1.000, 1.000)
[2026-05-08 10:01:35] [VERBOSE] SQL stmt 543 OK on table [B_NOME]
[2026-05-08 10:01:35] [VERBOSE][SQL] Run SQL stmt 544 on table [B_NOME]: IF NOT EXISTS (SELECT 1 FROM B_NOME WHERE B_V_CODEARTIC='TOOTHED RING 4G' AND VER_ART='00' AND CODEARTIC='FORGED RING' AND NOMG='TOOTHED RING' AND NOPHASE=0010) |     INSERT INTO B_NOME (B_V_CODEARTIC, VER_ART, CODEARTIC, NOMG, NOPHASE, QTEREF, QTENEC) |     VALUES ('TOOTHED RING 4G', '00', 'FORGED RING', 'TOOTHED RING', 0010, 1.000, 1.000)
[2026-05-08 10:01:35] [VERBOSE] SQL stmt 544 OK on table [B_NOME]
[2026-05-08 10:01:35] [VERBOSE][SQL] Run SQL stmt 545 on table [B_NOME]: IF NOT EXISTS (SELECT 1 FROM B_NOME WHERE B_V_CODEARTIC='SUB-ASSEMBLY SHAFT AUTO' AND VER_ART='00' AND CODEARTIC='SHAFT AUTO' AND NOMG='SUB ASSEMBLY SHAFT' AND NOPHASE=0010) |     INSERT INTO B_NOME (B_V_CODEARTIC, VER_ART, CODEARTIC, NOMG, NOPHASE, QTEREF, QTENEC) |     VALUES ('SUB-ASSEMBLY SHAFT AUTO', '00', 'SHAFT AUTO', 'SUB ASSEMBLY SHAFT', 0010, 1.000, 1.000)
[2026-05-08 10:01:35] [VERBOSE] SQL stmt 545 OK on table [B_NOME]
[2026-05-08 10:01:35] [VERBOSE][SQL] Run SQL stmt 546 on table [B_NOME]: IF NOT EXISTS (SELECT 1 FROM B_NOME WHERE B_V_CODEARTIC='SUB-ASSEMBLY SHAFT AUTO' AND VER_ART='00' AND CODEARTIC='PINION AUTO' AND NOMG='SUB ASSEMBLY SHAFT' AND NOPHASE=0010) |     INSERT INTO B_NOME (B_V_CODEARTIC, VER_ART, CODEARTIC, NOMG, NOPHASE, QTEREF, QTENEC) |     VALUES ('SUB-ASSEMBLY SHAFT AUTO', '00', 'PINION AUTO', 'SUB ASSEMBLY SHAFT', 0010, 1.000, 2.000)
[2026-05-08 10:01:35] [VERBOSE] SQL stmt 546 OK on table [B_NOME]
[2026-05-08 10:01:35] [VERBOSE][SQL] Run SQL stmt 547 on table [B_NOME]: IF NOT EXISTS (SELECT 1 FROM B_NOME WHERE B_V_CODEARTIC='SUB-ASSEMBLY SHAFT 6G' AND VER_ART='00' AND CODEARTIC='SHAFT 6G' AND NOMG='SUB ASSEMBLY SHAFT' AND NOPHASE=0010) |     INSERT INTO B_NOME (B_V_CODEARTIC, VER_ART, CODEARTIC, NOMG, NOPHASE, QTEREF, QTENEC) |     VALUES ('SUB-ASSEMBLY SHAFT 6G', '00', 'SHAFT 6G', 'SUB ASSEMBLY SHAFT', 0010, 1.000, 1.000)
[2026-05-08 10:01:35] [VERBOSE] SQL stmt 547 OK on table [B_NOME]
[2026-05-08 10:01:35] [VERBOSE][SQL] Run SQL stmt 548 on table [B_NOME]: IF NOT EXISTS (SELECT 1 FROM B_NOME WHERE B_V_CODEARTIC='SUB-ASSEMBLY SHAFT 6G' AND VER_ART='00' AND CODEARTIC='PINION 6G' AND NOMG='SUB ASSEMBLY SHAFT' AND NOPHASE=0010) |     INSERT INTO B_NOME (B_V_CODEARTIC, VER_ART, CODEARTIC, NOMG, NOPHASE, QTEREF, QTENEC) |     VALUES ('SUB-ASSEMBLY SHAFT 6G', '00', 'PINION 6G', 'SUB ASSEMBLY SHAFT', 0010, 1.000, 2.000)
[2026-05-08 10:01:35] [VERBOSE] SQL stmt 548 OK on table [B_NOME]
[2026-05-08 10:01:35] [VERBOSE][SQL] Run SQL stmt 549 on table [B_NOME]: IF NOT EXISTS (SELECT 1 FROM B_NOME WHERE B_V_CODEARTIC='SUB-ASSEMBLY SHAFT 5G' AND VER_ART='00' AND CODEARTIC='SHAFT 5G' AND NOMG='SUB ASSEMBLY SHAFT' AND NOPHASE=0010) |     INSERT INTO B_NOME (B_V_CODEARTIC, VER_ART, CODEARTIC, NOMG, NOPHASE, QTEREF, QTENEC) |     VALUES ('SUB-ASSEMBLY SHAFT 5G', '00', 'SHAFT 5G', 'SUB ASSEMBLY SHAFT', 0010, 1.000, 1.000)
[2026-05-08 10:01:35] [VERBOSE] SQL stmt 549 OK on table [B_NOME]
[2026-05-08 10:01:35] [VERBOSE][SQL] Run SQL stmt 550 on table [B_NOME]: IF NOT EXISTS (SELECT 1 FROM B_NOME WHERE B_V_CODEARTIC='SUB-ASSEMBLY SHAFT 5G' AND VER_ART='00' AND CODEARTIC='PINION 5G' AND NOMG='SUB ASSEMBLY SHAFT' AND NOPHASE=0010) |     INSERT INTO B_NOME (B_V_CODEARTIC, VER_ART, CODEARTIC, NOMG, NOPHASE, QTEREF, QTENEC) |     VALUES ('SUB-ASSEMBLY SHAFT 5G', '00', 'PINION 5G', 'SUB ASSEMBLY SHAFT', 0010, 1.000, 2.000)
[2026-05-08 10:01:35] [VERBOSE] SQL stmt 550 OK on table [B_NOME]
[2026-05-08 10:01:36] [VERBOSE][SQL] Run SQL stmt 551 on table [B_NOME]: IF NOT EXISTS (SELECT 1 FROM B_NOME WHERE B_V_CODEARTIC='SUB-ASSEMBLY SHAFT 4G' AND VER_ART='00' AND CODEARTIC='SHAFT 4G' AND NOMG='SUB ASSEMBLY SHAFT' AND NOPHASE=0010) |     INSERT INTO B_NOME (B_V_CODEARTIC, VER_ART, CODEARTIC, NOMG, NOPHASE, QTEREF, QTENEC) |     VALUES ('SUB-ASSEMBLY SHAFT 4G', '00', 'SHAFT 4G', 'SUB ASSEMBLY SHAFT', 0010, 1.000, 1.000)
[2026-05-08 10:01:36] [VERBOSE] SQL stmt 551 OK on table [B_NOME]
[2026-05-08 10:01:36] [VERBOSE][SQL] Run SQL stmt 552 on table [B_NOME]: IF NOT EXISTS (SELECT 1 FROM B_NOME WHERE B_V_CODEARTIC='SUB-ASSEMBLY SHAFT 4G' AND VER_ART='00' AND CODEARTIC='PINION 4G' AND NOMG='SUB ASSEMBLY SHAFT' AND NOPHASE=0010) |     INSERT INTO B_NOME (B_V_CODEARTIC, VER_ART, CODEARTIC, NOMG, NOPHASE, QTEREF, QTENEC) |     VALUES ('SUB-ASSEMBLY SHAFT 4G', '00', 'PINION 4G', 'SUB ASSEMBLY SHAFT', 0010, 1.000, 2.000)
[2026-05-08 10:01:36] [VERBOSE] SQL stmt 552 OK on table [B_NOME]
[2026-05-08 10:01:36] [VERBOSE][SQL] Run SQL stmt 553 on table [B_NOME]: IF NOT EXISTS (SELECT 1 FROM B_NOME WHERE B_V_CODEARTIC='SUB-ASSEMBLY BOX AUTO' AND VER_ART='00' AND CODEARTIC='TOOTHED RING AUTO' AND NOMG='SUB ASSEMBLY BOX' AND NOPHASE=0010) |     INSERT INTO B_NOME (B_V_CODEARTIC, VER_ART, CODEARTIC, NOMG, NOPHASE, QTEREF, QTENEC) |     VALUES ('SUB-ASSEMBLY BOX AUTO', '00', 'TOOTHED RING AUTO', 'SUB ASSEMBLY BOX', 0010, 1.000, 1.000)
[2026-05-08 10:01:36] [VERBOSE] SQL stmt 553 OK on table [B_NOME]
[2026-05-08 10:01:36] [VERBOSE][SQL] Run SQL stmt 554 on table [B_NOME]: IF NOT EXISTS (SELECT 1 FROM B_NOME WHERE B_V_CODEARTIC='SUB-ASSEMBLY BOX AUTO' AND VER_ART='00' AND CODEARTIC='REDUCTION BOX AUTO' AND NOMG='SUB ASSEMBLY BOX' AND NOPHASE=0010) |     INSERT INTO B_NOME (B_V_CODEARTIC, VER_ART, CODEARTIC, NOMG, NOPHASE, QTEREF, QTENEC) |     VALUES ('SUB-ASSEMBLY BOX AUTO', '00', 'REDUCTION BOX AUTO', 'SUB ASSEMBLY BOX', 0010, 1.000, 1.000)
[2026-05-08 10:01:36] [VERBOSE] SQL stmt 554 OK on table [B_NOME]
[2026-05-08 10:01:36] [VERBOSE][SQL] Run SQL stmt 555 on table [B_NOME]: IF NOT EXISTS (SELECT 1 FROM B_NOME WHERE B_V_CODEARTIC='SUB-ASSEMBLY BOX 6G' AND VER_ART='00' AND CODEARTIC='TOOTHED RING 6G' AND NOMG='SUB ASSEMBLY BOX' AND NOPHASE=0010) |     INSERT INTO B_NOME (B_V_CODEARTIC, VER_ART, CODEARTIC, NOMG, NOPHASE, QTEREF, QTENEC) |     VALUES ('SUB-ASSEMBLY BOX 6G', '00', 'TOOTHED RING 6G', 'SUB ASSEMBLY BOX', 0010, 1.000, 1.000)
[2026-05-08 10:01:36] [VERBOSE] SQL stmt 555 OK on table [B_NOME]
[2026-05-08 10:01:36] [VERBOSE][SQL] Run SQL stmt 556 on table [B_NOME]: IF NOT EXISTS (SELECT 1 FROM B_NOME WHERE B_V_CODEARTIC='SUB-ASSEMBLY BOX 6G' AND VER_ART='00' AND CODEARTIC='REDUCTION BOX 6G' AND NOMG='SUB ASSEMBLY BOX' AND NOPHASE=0010) |     INSERT INTO B_NOME (B_V_CODEARTIC, VER_ART, CODEARTIC, NOMG, NOPHASE, QTEREF, QTENEC) |     VALUES ('SUB-ASSEMBLY BOX 6G', '00', 'REDUCTION BOX 6G', 'SUB ASSEMBLY BOX', 0010, 1.000, 1.000)
[2026-05-08 10:01:36] [VERBOSE] SQL stmt 556 OK on table [B_NOME]
[2026-05-08 10:01:36] [VERBOSE][SQL] Run SQL stmt 557 on table [B_NOME]: IF NOT EXISTS (SELECT 1 FROM B_NOME WHERE B_V_CODEARTIC='SUB-ASSEMBLY BOX 5G' AND VER_ART='00' AND CODEARTIC='TOOTHED RING 5G' AND NOMG='SUB ASSEMBLY BOX' AND NOPHASE=0010) |     INSERT INTO B_NOME (B_V_CODEARTIC, VER_ART, CODEARTIC, NOMG, NOPHASE, QTEREF, QTENEC) |     VALUES ('SUB-ASSEMBLY BOX 5G', '00', 'TOOTHED RING 5G', 'SUB ASSEMBLY BOX', 0010, 1.000, 1.000)
[2026-05-08 10:01:36] [VERBOSE] SQL stmt 557 OK on table [B_NOME]
[2026-05-08 10:01:36] [VERBOSE][SQL] Run SQL stmt 558 on table [B_NOME]: IF NOT EXISTS (SELECT 1 FROM B_NOME WHERE B_V_CODEARTIC='SUB-ASSEMBLY BOX 5G' AND VER_ART='00' AND CODEARTIC='REDUCTION BOX 5G' AND NOMG='SUB ASSEMBLY BOX' AND NOPHASE=0010) |     INSERT INTO B_NOME (B_V_CODEARTIC, VER_ART, CODEARTIC, NOMG, NOPHASE, QTEREF, QTENEC) |     VALUES ('SUB-ASSEMBLY BOX 5G', '00', 'REDUCTION BOX 5G', 'SUB ASSEMBLY BOX', 0010, 1.000, 1.000)
[2026-05-08 10:01:36] [VERBOSE] SQL stmt 558 OK on table [B_NOME]
[2026-05-08 10:01:36] [VERBOSE][SQL] Run SQL stmt 559 on table [B_NOME]: IF NOT EXISTS (SELECT 1 FROM B_NOME WHERE B_V_CODEARTIC='SUB-ASSEMBLY BOX 4G' AND VER_ART='00' AND CODEARTIC='REDUCTION BOX 4G' AND NOMG='SUB ASSEMBLY BOX' AND NOPHASE=0010) |     INSERT INTO B_NOME (B_V_CODEARTIC, VER_ART, CODEARTIC, NOMG, NOPHASE, QTEREF, QTENEC) |     VALUES ('SUB-ASSEMBLY BOX 4G', '00', 'REDUCTION BOX 4G', 'SUB ASSEMBLY BOX', 0010, 1.000, 1.000)
[2026-05-08 10:01:36] [VERBOSE] SQL stmt 559 OK on table [B_NOME]
[2026-05-08 10:01:36] [VERBOSE][SQL] Run SQL stmt 560 on table [B_NOME]: IF NOT EXISTS (SELECT 1 FROM B_NOME WHERE B_V_CODEARTIC='SUB-ASSEMBLY BOX 4G' AND VER_ART='00' AND CODEARTIC='PINION 4G' AND NOMG='SUB ASSEMBLY BOX' AND NOPHASE=0010) |     INSERT INTO B_NOME (B_V_CODEARTIC, VER_ART, CODEARTIC, NOMG, NOPHASE, QTEREF, QTENEC) |     VALUES ('SUB-ASSEMBLY BOX 4G', '00', 'PINION 4G', 'SUB ASSEMBLY BOX', 0010, 1.000, 1.000)
[2026-05-08 10:01:36] [VERBOSE] SQL stmt 560 OK on table [B_NOME]
[2026-05-08 10:01:36] [VERBOSE][SQL] Run SQL stmt 561 on table [B_NOME]: IF NOT EXISTS (SELECT 1 FROM B_NOME WHERE B_V_CODEARTIC='SUB-ASS SHAFT SUB-CONTRACTED' AND VER_ART='00' AND CODEARTIC='FORGED PINION' AND NOMG='SUB-CONTRACTING' AND NOPHASE=0010) |     INSERT INTO B_NOME (B_V_CODEARTIC, VER_ART, CODEARTIC, NOMG, NOPHASE, QTEREF, QTENEC) |     VALUES ('SUB-ASS SHAFT SUB-CONTRACTED', '00', 'FORGED PINION', 'SUB-CONTRACTING', 0010, 1.000, 2.000)
[2026-05-08 10:01:36] [VERBOSE] SQL stmt 561 OK on table [B_NOME]
[2026-05-08 10:01:36] [VERBOSE][SQL] Run SQL stmt 562 on table [B_NOME]: IF NOT EXISTS (SELECT 1 FROM B_NOME WHERE B_V_CODEARTIC='SUB-ASS SHAFT SUB-CONTRACTED' AND VER_ART='00' AND CODEARTIC='FORGED AXLE' AND NOMG='SUB-CONTRACTING' AND NOPHASE=0010) |     INSERT INTO B_NOME (B_V_CODEARTIC, VER_ART, CODEARTIC, NOMG, NOPHASE, QTEREF, QTENEC) |     VALUES ('SUB-ASS SHAFT SUB-CONTRACTED', '00', 'FORGED AXLE', 'SUB-CONTRACTING', 0010, 1.000, 1.000)
[2026-05-08 10:01:36] [VERBOSE] SQL stmt 562 OK on table [B_NOME]
[2026-05-08 10:01:36] [VERBOSE][SQL] Run SQL stmt 563 on table [B_NOME]: IF NOT EXISTS (SELECT 1 FROM B_NOME WHERE B_V_CODEARTIC='SHAFT AUTO' AND VER_ART='00' AND CODEARTIC='LATHING' AND NOMG='SHAFT' AND NOPHASE=0050) |     INSERT INTO B_NOME (B_V_CODEARTIC, VER_ART, CODEARTIC, NOMG, NOPHASE, QTEREF, QTENEC) |     VALUES ('SHAFT AUTO', '00', 'LATHING', 'SHAFT', 0050, 1.000, 1.000)
[2026-05-08 10:01:36] [VERBOSE] SQL stmt 563 OK on table [B_NOME]
[2026-05-08 10:01:36] [VERBOSE][SQL] Run SQL stmt 564 on table [B_NOME]: IF NOT EXISTS (SELECT 1 FROM B_NOME WHERE B_V_CODEARTIC='SHAFT AUTO' AND VER_ART='00' AND CODEARTIC='LATHING' AND NOMG='SHAFT' AND NOPHASE=0040) |     INSERT INTO B_NOME (B_V_CODEARTIC, VER_ART, CODEARTIC, NOMG, NOPHASE, QTEREF, QTENEC) |     VALUES ('SHAFT AUTO', '00', 'LATHING', 'SHAFT', 0040, 1.000, 1.000)
[2026-05-08 10:01:36] [VERBOSE] SQL stmt 564 OK on table [B_NOME]
[2026-05-08 10:01:37] [VERBOSE][SQL] Run SQL stmt 565 on table [B_NOME]: IF NOT EXISTS (SELECT 1 FROM B_NOME WHERE B_V_CODEARTIC='SHAFT AUTO' AND VER_ART='00' AND CODEARTIC='FORGED AXLE' AND NOMG='SHAFT' AND NOPHASE=0010) |     INSERT INTO B_NOME (B_V_CODEARTIC, VER_ART, CODEARTIC, NOMG, NOPHASE, QTEREF, QTENEC) |     VALUES ('SHAFT AUTO', '00', 'FORGED AXLE', 'SHAFT', 0010, 1.000, 1.000)
[2026-05-08 10:01:37] [VERBOSE] SQL stmt 565 OK on table [B_NOME]
[2026-05-08 10:01:37] [VERBOSE][SQL] Run SQL stmt 566 on table [B_NOME]: IF NOT EXISTS (SELECT 1 FROM B_NOME WHERE B_V_CODEARTIC='SHAFT 6G' AND VER_ART='00' AND CODEARTIC='LATHING' AND NOMG='SHAFT' AND NOPHASE=0050) |     INSERT INTO B_NOME (B_V_CODEARTIC, VER_ART, CODEARTIC, NOMG, NOPHASE, QTEREF, QTENEC) |     VALUES ('SHAFT 6G', '00', 'LATHING', 'SHAFT', 0050, 1.000, 1.000)
[2026-05-08 10:01:37] [VERBOSE] SQL stmt 566 OK on table [B_NOME]
[2026-05-08 10:01:37] [VERBOSE][SQL] Run SQL stmt 567 on table [B_NOME]: IF NOT EXISTS (SELECT 1 FROM B_NOME WHERE B_V_CODEARTIC='SHAFT 6G' AND VER_ART='00' AND CODEARTIC='WATER' AND NOMG='SHAFT' AND NOPHASE=0040) |     INSERT INTO B_NOME (B_V_CODEARTIC, VER_ART, CODEARTIC, NOMG, NOPHASE, QTEREF, QTENEC) |     VALUES ('SHAFT 6G', '00', 'WATER', 'SHAFT', 0040, 1.000, 10.000)
[2026-05-08 10:01:37] [VERBOSE] SQL stmt 567 OK on table [B_NOME]
[2026-05-08 10:01:37] [VERBOSE][SQL] Run SQL stmt 568 on table [B_NOME]: IF NOT EXISTS (SELECT 1 FROM B_NOME WHERE B_V_CODEARTIC='SHAFT 6G' AND VER_ART='00' AND CODEARTIC='LATHING' AND NOMG='SHAFT' AND NOPHASE=0040) |     INSERT INTO B_NOME (B_V_CODEARTIC, VER_ART, CODEARTIC, NOMG, NOPHASE, QTEREF, QTENEC) |     VALUES ('SHAFT 6G', '00', 'LATHING', 'SHAFT', 0040, 1.000, 1.000)
[2026-05-08 10:01:37] [VERBOSE] SQL stmt 568 OK on table [B_NOME]
[2026-05-08 10:01:37] [VERBOSE][SQL] Run SQL stmt 569 on table [B_NOME]: IF NOT EXISTS (SELECT 1 FROM B_NOME WHERE B_V_CODEARTIC='SHAFT 6G' AND VER_ART='00' AND CODEARTIC='WATER' AND NOMG='SHAFT' AND NOPHASE=0030) |     INSERT INTO B_NOME (B_V_CODEARTIC, VER_ART, CODEARTIC, NOMG, NOPHASE, QTEREF, QTENEC) |     VALUES ('SHAFT 6G', '00', 'WATER', 'SHAFT', 0030, 100.000, 1.000)
[2026-05-08 10:01:37] [VERBOSE] SQL stmt 569 OK on table [B_NOME]
[2026-05-08 10:01:37] [VERBOSE][SQL] Run SQL stmt 570 on table [B_NOME]: IF NOT EXISTS (SELECT 1 FROM B_NOME WHERE B_V_CODEARTIC='SHAFT 6G' AND VER_ART='00' AND CODEARTIC='FORGED AXLE' AND NOMG='SHAFT' AND NOPHASE=0010) |     INSERT INTO B_NOME (B_V_CODEARTIC, VER_ART, CODEARTIC, NOMG, NOPHASE, QTEREF, QTENEC) |     VALUES ('SHAFT 6G', '00', 'FORGED AXLE', 'SHAFT', 0010, 1.000, 1.000)
[2026-05-08 10:01:37] [VERBOSE] SQL stmt 570 OK on table [B_NOME]
[2026-05-08 10:01:37] [VERBOSE][SQL] Run SQL stmt 571 on table [B_NOME]: IF NOT EXISTS (SELECT 1 FROM B_NOME WHERE B_V_CODEARTIC='SHAFT 5G' AND VER_ART='00' AND CODEARTIC='LATHING' AND NOMG='SHAFT' AND NOPHASE=0050) |     INSERT INTO B_NOME (B_V_CODEARTIC, VER_ART, CODEARTIC, NOMG, NOPHASE, QTEREF, QTENEC) |     VALUES ('SHAFT 5G', '00', 'LATHING', 'SHAFT', 0050, 1.000, 1.000)
[2026-05-08 10:01:37] [VERBOSE] SQL stmt 571 OK on table [B_NOME]
[2026-05-08 10:01:37] [VERBOSE][SQL] Run SQL stmt 572 on table [B_NOME]: IF NOT EXISTS (SELECT 1 FROM B_NOME WHERE B_V_CODEARTIC='SHAFT 5G' AND VER_ART='00' AND CODEARTIC='LATHING' AND NOMG='SHAFT' AND NOPHASE=0040) |     INSERT INTO B_NOME (B_V_CODEARTIC, VER_ART, CODEARTIC, NOMG, NOPHASE, QTEREF, QTENEC) |     VALUES ('SHAFT 5G', '00', 'LATHING', 'SHAFT', 0040, 1.000, 1.000)
[2026-05-08 10:01:37] [VERBOSE] SQL stmt 572 OK on table [B_NOME]
[2026-05-08 10:01:37] [VERBOSE][SQL] Run SQL stmt 573 on table [B_NOME]: IF NOT EXISTS (SELECT 1 FROM B_NOME WHERE B_V_CODEARTIC='SHAFT 5G' AND VER_ART='00' AND CODEARTIC='FORGED AXLE' AND NOMG='SHAFT' AND NOPHASE=0010) |     INSERT INTO B_NOME (B_V_CODEARTIC, VER_ART, CODEARTIC, NOMG, NOPHASE, QTEREF, QTENEC) |     VALUES ('SHAFT 5G', '00', 'FORGED AXLE', 'SHAFT', 0010, 1.000, 1.000)
[2026-05-08 10:01:37] [VERBOSE] SQL stmt 573 OK on table [B_NOME]
[2026-05-08 10:01:37] [VERBOSE][SQL] Run SQL stmt 574 on table [B_NOME]: IF NOT EXISTS (SELECT 1 FROM B_NOME WHERE B_V_CODEARTIC='SHAFT 4G' AND VER_ART='00' AND CODEARTIC='LATHING' AND NOMG='SHAFT' AND NOPHASE=0050) |     INSERT INTO B_NOME (B_V_CODEARTIC, VER_ART, CODEARTIC, NOMG, NOPHASE, QTEREF, QTENEC) |     VALUES ('SHAFT 4G', '00', 'LATHING', 'SHAFT', 0050, 1.000, 1.000)
[2026-05-08 10:01:37] [VERBOSE] SQL stmt 574 OK on table [B_NOME]
[2026-05-08 10:01:37] [VERBOSE][SQL] Run SQL stmt 575 on table [B_NOME]: IF NOT EXISTS (SELECT 1 FROM B_NOME WHERE B_V_CODEARTIC='SHAFT 4G' AND VER_ART='00' AND CODEARTIC='LATHING' AND NOMG='SHAFT' AND NOPHASE=0040) |     INSERT INTO B_NOME (B_V_CODEARTIC, VER_ART, CODEARTIC, NOMG, NOPHASE, QTEREF, QTENEC) |     VALUES ('SHAFT 4G', '00', 'LATHING', 'SHAFT', 0040, 1.000, 1.000)
[2026-05-08 10:01:37] [VERBOSE] SQL stmt 575 OK on table [B_NOME]
[2026-05-08 10:01:37] [VERBOSE][SQL] Run SQL stmt 576 on table [B_NOME]: IF NOT EXISTS (SELECT 1 FROM B_NOME WHERE B_V_CODEARTIC='SHAFT 4G' AND VER_ART='00' AND CODEARTIC='FORGED AXLE' AND NOMG='SHAFT' AND NOPHASE=0010) |     INSERT INTO B_NOME (B_V_CODEARTIC, VER_ART, CODEARTIC, NOMG, NOPHASE, QTEREF, QTENEC) |     VALUES ('SHAFT 4G', '00', 'FORGED AXLE', 'SHAFT', 0010, 1.000, 1.000)
[2026-05-08 10:01:37] [VERBOSE] SQL stmt 576 OK on table [B_NOME]
[2026-05-08 10:01:37] [VERBOSE][SQL] Run SQL stmt 577 on table [B_NOME]: IF NOT EXISTS (SELECT 1 FROM B_NOME WHERE B_V_CODEARTIC='REDUCTION BOX AUTO' AND VER_ART='00' AND CODEARTIC='LATHING' AND NOMG='REDUCTION BOX' AND NOPHASE=0020) |     INSERT INTO B_NOME (B_V_CODEARTIC, VER_ART, CODEARTIC, NOMG, NOPHASE, QTEREF, QTENEC) |     VALUES ('REDUCTION BOX AUTO', '00', 'LATHING', 'REDUCTION BOX', 0020, 1.000, 1.000)
[2026-05-08 10:01:37] [VERBOSE] SQL stmt 577 OK on table [B_NOME]
[2026-05-08 10:01:37] [VERBOSE][SQL] Run SQL stmt 578 on table [B_NOME]: IF NOT EXISTS (SELECT 1 FROM B_NOME WHERE B_V_CODEARTIC='REDUCTION BOX AUTO' AND VER_ART='00' AND CODEARTIC='LATHING' AND NOMG='REDUCTION BOX' AND NOPHASE=0010) |     INSERT INTO B_NOME (B_V_CODEARTIC, VER_ART, CODEARTIC, NOMG, NOPHASE, QTEREF, QTENEC) |     VALUES ('REDUCTION BOX AUTO', '00', 'LATHING', 'REDUCTION BOX', 0010, 1.000, 1.000)
[2026-05-08 10:01:37] [VERBOSE] SQL stmt 578 OK on table [B_NOME]
[2026-05-08 10:01:37] [VERBOSE][SQL] Run SQL stmt 579 on table [B_NOME]: IF NOT EXISTS (SELECT 1 FROM B_NOME WHERE B_V_CODEARTIC='REDUCTION BOX 6G' AND VER_ART='00' AND CODEARTIC='LATHING' AND NOMG='REDUCTION BOX' AND NOPHASE=0020) |     INSERT INTO B_NOME (B_V_CODEARTIC, VER_ART, CODEARTIC, NOMG, NOPHASE, QTEREF, QTENEC) |     VALUES ('REDUCTION BOX 6G', '00', 'LATHING', 'REDUCTION BOX', 0020, 1.000, 1.000)
[2026-05-08 10:01:37] [VERBOSE] SQL stmt 579 OK on table [B_NOME]
[2026-05-08 10:01:38] [VERBOSE][SQL] Run SQL stmt 580 on table [B_NOME]: IF NOT EXISTS (SELECT 1 FROM B_NOME WHERE B_V_CODEARTIC='REDUCTION BOX 6G' AND VER_ART='00' AND CODEARTIC='LATHING' AND NOMG='REDUCTION BOX' AND NOPHASE=0010) |     INSERT INTO B_NOME (B_V_CODEARTIC, VER_ART, CODEARTIC, NOMG, NOPHASE, QTEREF, QTENEC) |     VALUES ('REDUCTION BOX 6G', '00', 'LATHING', 'REDUCTION BOX', 0010, 1.000, 1.000)
[2026-05-08 10:01:38] [VERBOSE] SQL stmt 580 OK on table [B_NOME]
[2026-05-08 10:01:38] [VERBOSE][SQL] Run SQL stmt 581 on table [B_NOME]: IF NOT EXISTS (SELECT 1 FROM B_NOME WHERE B_V_CODEARTIC='REDUCTION BOX 5G' AND VER_ART='00' AND CODEARTIC='LATHING' AND NOMG='REDUCTION BOX' AND NOPHASE=0010) |     INSERT INTO B_NOME (B_V_CODEARTIC, VER_ART, CODEARTIC, NOMG, NOPHASE, QTEREF, QTENEC) |     VALUES ('REDUCTION BOX 5G', '00', 'LATHING', 'REDUCTION BOX', 0010, 1.000, 1.000)
[2026-05-08 10:01:38] [VERBOSE] SQL stmt 581 OK on table [B_NOME]
[2026-05-08 10:01:38] [VERBOSE][SQL] Run SQL stmt 582 on table [B_NOME]: IF NOT EXISTS (SELECT 1 FROM B_NOME WHERE B_V_CODEARTIC='REDUCTION BOX 5G' AND VER_ART='00' AND CODEARTIC='LATHING' AND NOMG='REDUCTION BOX' AND NOPHASE=0010) |     INSERT INTO B_NOME (B_V_CODEARTIC, VER_ART, CODEARTIC, NOMG, NOPHASE, QTEREF, QTENEC) |     VALUES ('REDUCTION BOX 5G', '00', 'LATHING', 'REDUCTION BOX', 0010, 1.000, 1.000)
[2026-05-08 10:01:38] [VERBOSE] SQL stmt 582 OK on table [B_NOME]
[2026-05-08 10:01:38] [VERBOSE][SQL] Run SQL stmt 583 on table [B_NOME]: IF NOT EXISTS (SELECT 1 FROM B_NOME WHERE B_V_CODEARTIC='REDUCTION BOX 4G' AND VER_ART='00' AND CODEARTIC='LATHING' AND NOMG='REDUCTION BOX' AND NOPHASE=0020) |     INSERT INTO B_NOME (B_V_CODEARTIC, VER_ART, CODEARTIC, NOMG, NOPHASE, QTEREF, QTENEC) |     VALUES ('REDUCTION BOX 4G', '00', 'LATHING', 'REDUCTION BOX', 0020, 1.000, 1.000)
[2026-05-08 10:01:38] [VERBOSE] SQL stmt 583 OK on table [B_NOME]
[2026-05-08 10:01:38] [VERBOSE][SQL] Run SQL stmt 584 on table [B_NOME]: IF NOT EXISTS (SELECT 1 FROM B_NOME WHERE B_V_CODEARTIC='REDUCTION BOX 4G' AND VER_ART='00' AND CODEARTIC='LATHING' AND NOMG='REDUCTION BOX' AND NOPHASE=0010) |     INSERT INTO B_NOME (B_V_CODEARTIC, VER_ART, CODEARTIC, NOMG, NOPHASE, QTEREF, QTENEC) |     VALUES ('REDUCTION BOX 4G', '00', 'LATHING', 'REDUCTION BOX', 0010, 1.000, 1.000)
[2026-05-08 10:01:38] [VERBOSE] SQL stmt 584 OK on table [B_NOME]
[2026-05-08 10:01:38] [VERBOSE][SQL] Run SQL stmt 585 on table [B_NOME]: IF NOT EXISTS (SELECT 1 FROM B_NOME WHERE B_V_CODEARTIC='PINION AUTO' AND VER_ART='00' AND CODEARTIC='FORGED PINION' AND NOMG='PINION' AND NOPHASE=0010) |     INSERT INTO B_NOME (B_V_CODEARTIC, VER_ART, CODEARTIC, NOMG, NOPHASE, QTEREF, QTENEC) |     VALUES ('PINION AUTO', '00', 'FORGED PINION', 'PINION', 0010, 1.000, 1.000)
[2026-05-08 10:01:38] [VERBOSE] SQL stmt 585 OK on table [B_NOME]
[2026-05-08 10:01:38] [VERBOSE][SQL] Run SQL stmt 586 on table [B_NOME]: IF NOT EXISTS (SELECT 1 FROM B_NOME WHERE B_V_CODEARTIC='PINION 6G' AND VER_ART='00' AND CODEARTIC='FORGED PINION' AND NOMG='PINION' AND NOPHASE=0010) |     INSERT INTO B_NOME (B_V_CODEARTIC, VER_ART, CODEARTIC, NOMG, NOPHASE, QTEREF, QTENEC) |     VALUES ('PINION 6G', '00', 'FORGED PINION', 'PINION', 0010, 1.000, 1.000)
[2026-05-08 10:01:38] [VERBOSE] SQL stmt 586 OK on table [B_NOME]
[2026-05-08 10:01:38] [VERBOSE][SQL] Run SQL stmt 587 on table [B_NOME]: IF NOT EXISTS (SELECT 1 FROM B_NOME WHERE B_V_CODEARTIC='PINION 5G' AND VER_ART='00' AND CODEARTIC='FORGED PINION' AND NOMG='PINION' AND NOPHASE=0010) |     INSERT INTO B_NOME (B_V_CODEARTIC, VER_ART, CODEARTIC, NOMG, NOPHASE, QTEREF, QTENEC) |     VALUES ('PINION 5G', '00', 'FORGED PINION', 'PINION', 0010, 1.000, 1.000)
[2026-05-08 10:01:38] [VERBOSE] SQL stmt 587 OK on table [B_NOME]
[2026-05-08 10:01:38] [VERBOSE][SQL] Run SQL stmt 588 on table [B_NOME]: IF NOT EXISTS (SELECT 1 FROM B_NOME WHERE B_V_CODEARTIC='PINION 4G' AND VER_ART='00' AND CODEARTIC='FORGED PINION' AND NOMG='PINION ALTERNATE' AND NOPHASE=0010) |     INSERT INTO B_NOME (B_V_CODEARTIC, VER_ART, CODEARTIC, NOMG, NOPHASE, QTEREF, QTENEC) |     VALUES ('PINION 4G', '00', 'FORGED PINION', 'PINION ALTERNATE', 0010, 1.000, 1.000)
[2026-05-08 10:01:38] [VERBOSE] SQL stmt 588 OK on table [B_NOME]
[2026-05-08 10:01:38] [VERBOSE][SQL] Run SQL stmt 589 on table [B_NOME]: IF NOT EXISTS (SELECT 1 FROM B_NOME WHERE B_V_CODEARTIC='GEAR BOX AUTOMATIC' AND VER_ART='00' AND CODEARTIC='PACKAGING' AND NOMG='FINAL ASSEMBLY' AND NOPHASE=0040) |     INSERT INTO B_NOME (B_V_CODEARTIC, VER_ART, CODEARTIC, NOMG, NOPHASE, QTEREF, QTENEC) |     VALUES ('GEAR BOX AUTOMATIC', '00', 'PACKAGING', 'FINAL ASSEMBLY', 0040, 1.000, 1.000)
[2026-05-08 10:01:38] [VERBOSE] SQL stmt 589 OK on table [B_NOME]
[2026-05-08 10:01:38] [VERBOSE][SQL] Run SQL stmt 590 on table [B_NOME]: IF NOT EXISTS (SELECT 1 FROM B_NOME WHERE B_V_CODEARTIC='GEAR BOX AUTOMATIC' AND VER_ART='00' AND CODEARTIC='SUB-ASSEMBLY BOX AUTO' AND NOMG='FINAL ASSEMBLY' AND NOPHASE=0030) |     INSERT INTO B_NOME (B_V_CODEARTIC, VER_ART, CODEARTIC, NOMG, NOPHASE, QTEREF, QTENEC) |     VALUES ('GEAR BOX AUTOMATIC', '00', 'SUB-ASSEMBLY BOX AUTO', 'FINAL ASSEMBLY', 0030, 1.000, 1.000)
[2026-05-08 10:01:38] [VERBOSE] SQL stmt 590 OK on table [B_NOME]
[2026-05-08 10:01:38] [VERBOSE][SQL] Run SQL stmt 591 on table [B_NOME]: IF NOT EXISTS (SELECT 1 FROM B_NOME WHERE B_V_CODEARTIC='GEAR BOX AUTOMATIC' AND VER_ART='00' AND CODEARTIC='SUB-ASSEMBLY SHAFT AUTO' AND NOMG='FINAL ASSEMBLY' AND NOPHASE=0010) |     INSERT INTO B_NOME (B_V_CODEARTIC, VER_ART, CODEARTIC, NOMG, NOPHASE, QTEREF, QTENEC) |     VALUES ('GEAR BOX AUTOMATIC', '00', 'SUB-ASSEMBLY SHAFT AUTO', 'FINAL ASSEMBLY', 0010, 1.000, 1.000)
[2026-05-08 10:01:38] [VERBOSE] SQL stmt 591 OK on table [B_NOME]
[2026-05-08 10:01:38] [VERBOSE][SQL] Run SQL stmt 592 on table [B_NOME]: IF NOT EXISTS (SELECT 1 FROM B_NOME WHERE B_V_CODEARTIC='GEAR BOX AUTOMATIC' AND VER_ART='00' AND CODEARTIC='SUB-ASS SHAFT SUB-CONTRACTED' AND NOMG='FINAL ASSEMBLY' AND NOPHASE=0010) |     INSERT INTO B_NOME (B_V_CODEARTIC, VER_ART, CODEARTIC, NOMG, NOPHASE, QTEREF, QTENEC) |     VALUES ('GEAR BOX AUTOMATIC', '00', 'SUB-ASS SHAFT SUB-CONTRACTED', 'FINAL ASSEMBLY', 0010, 1.000, 1.000)
[2026-05-08 10:01:38] [VERBOSE] SQL stmt 592 OK on table [B_NOME]
[2026-05-08 10:01:38] [VERBOSE][SQL] Run SQL stmt 593 on table [B_NOME]: IF NOT EXISTS (SELECT 1 FROM B_NOME WHERE B_V_CODEARTIC='GEAR BOX 8' AND VER_ART='00' AND CODEARTIC='PACKAGING' AND NOMG='FINAL ASSEMBLY' AND NOPHASE=0040) |     INSERT INTO B_NOME (B_V_CODEARTIC, VER_ART, CODEARTIC, NOMG, NOPHASE, QTEREF, QTENEC) |     VALUES ('GEAR BOX 8', '00', 'PACKAGING', 'FINAL ASSEMBLY', 0040, 1.000, 1.000)
[2026-05-08 10:01:38] [VERBOSE] SQL stmt 593 OK on table [B_NOME]
[2026-05-08 10:01:38] [VERBOSE][SQL] Run SQL stmt 594 on table [B_NOME]: IF NOT EXISTS (SELECT 1 FROM B_NOME WHERE B_V_CODEARTIC='GEAR BOX 8' AND VER_ART='00' AND CODEARTIC='SUB-ASSEMBLY BOX 6G' AND NOMG='FINAL ASSEMBLY' AND NOPHASE=0030) |     INSERT INTO B_NOME (B_V_CODEARTIC, VER_ART, CODEARTIC, NOMG, NOPHASE, QTEREF, QTENEC) |     VALUES ('GEAR BOX 8', '00', 'SUB-ASSEMBLY BOX 6G', 'FINAL ASSEMBLY', 0030, 1.000, 1.000)
[2026-05-08 10:01:38] [VERBOSE] SQL stmt 594 OK on table [B_NOME]
[2026-05-08 10:01:38] [VERBOSE][SQL] Run SQL stmt 595 on table [B_NOME]: IF NOT EXISTS (SELECT 1 FROM B_NOME WHERE B_V_CODEARTIC='GEAR BOX 8' AND VER_ART='00' AND CODEARTIC='SUB-ASSEMBLY SHAFT 6G' AND NOMG='FINAL ASSEMBLY' AND NOPHASE=0010) |     INSERT INTO B_NOME (B_V_CODEARTIC, VER_ART, CODEARTIC, NOMG, NOPHASE, QTEREF, QTENEC) |     VALUES ('GEAR BOX 8', '00', 'SUB-ASSEMBLY SHAFT 6G', 'FINAL ASSEMBLY', 0010, 1.000, 1.000)
[2026-05-08 10:01:38] [VERBOSE] SQL stmt 595 OK on table [B_NOME]
[2026-05-08 10:01:38] [VERBOSE][SQL] Run SQL stmt 596 on table [B_NOME]: IF NOT EXISTS (SELECT 1 FROM B_NOME WHERE B_V_CODEARTIC='GEAR BOX 8' AND VER_ART='00' AND CODEARTIC='SUB-ASS SHAFT SUB-CONTRACTED' AND NOMG='FINAL ASSEMBLY' AND NOPHASE=0010) |     INSERT INTO B_NOME (B_V_CODEARTIC, VER_ART, CODEARTIC, NOMG, NOPHASE, QTEREF, QTENEC) |     VALUES ('GEAR BOX 8', '00', 'SUB-ASS SHAFT SUB-CONTRACTED', 'FINAL ASSEMBLY', 0010, 1.000, 1.000)
[2026-05-08 10:01:38] [VERBOSE] SQL stmt 596 OK on table [B_NOME]
[2026-05-08 10:01:38] [VERBOSE][SQL] Run SQL stmt 597 on table [B_NOME]: IF NOT EXISTS (SELECT 1 FROM B_NOME WHERE B_V_CODEARTIC='GEAR BOX 7' AND VER_ART='00' AND CODEARTIC='PACKAGING' AND NOMG='FINAL ASSEMBLY' AND NOPHASE=0040) |     INSERT INTO B_NOME (B_V_CODEARTIC, VER_ART, CODEARTIC, NOMG, NOPHASE, QTEREF, QTENEC) |     VALUES ('GEAR BOX 7', '00', 'PACKAGING', 'FINAL ASSEMBLY', 0040, 1.000, 1.000)
[2026-05-08 10:01:38] [VERBOSE] SQL stmt 597 OK on table [B_NOME]
[2026-05-08 10:01:39] [VERBOSE][SQL] Run SQL stmt 598 on table [B_NOME]: IF NOT EXISTS (SELECT 1 FROM B_NOME WHERE B_V_CODEARTIC='GEAR BOX 7' AND VER_ART='00' AND CODEARTIC='SUB-ASSEMBLY BOX 6G' AND NOMG='FINAL ASSEMBLY' AND NOPHASE=0030) |     INSERT INTO B_NOME (B_V_CODEARTIC, VER_ART, CODEARTIC, NOMG, NOPHASE, QTEREF, QTENEC) |     VALUES ('GEAR BOX 7', '00', 'SUB-ASSEMBLY BOX 6G', 'FINAL ASSEMBLY', 0030, 1.000, 1.000)
[2026-05-08 10:01:39] [VERBOSE] SQL stmt 598 OK on table [B_NOME]
[2026-05-08 10:01:39] [VERBOSE][SQL] Run SQL stmt 599 on table [B_NOME]: IF NOT EXISTS (SELECT 1 FROM B_NOME WHERE B_V_CODEARTIC='GEAR BOX 7' AND VER_ART='00' AND CODEARTIC='SUB-ASSEMBLY SHAFT 6G' AND NOMG='FINAL ASSEMBLY' AND NOPHASE=0010) |     INSERT INTO B_NOME (B_V_CODEARTIC, VER_ART, CODEARTIC, NOMG, NOPHASE, QTEREF, QTENEC) |     VALUES ('GEAR BOX 7', '00', 'SUB-ASSEMBLY SHAFT 6G', 'FINAL ASSEMBLY', 0010, 1.000, 1.000)
[2026-05-08 10:01:39] [VERBOSE] SQL stmt 599 OK on table [B_NOME]
[2026-05-08 10:01:39] [VERBOSE][SQL] Run SQL stmt 600 on table [B_NOME]: IF NOT EXISTS (SELECT 1 FROM B_NOME WHERE B_V_CODEARTIC='GEAR BOX 7' AND VER_ART='00' AND CODEARTIC='SUB-ASS SHAFT SUB-CONTRACTED' AND NOMG='FINAL ASSEMBLY' AND NOPHASE=0010) |     INSERT INTO B_NOME (B_V_CODEARTIC, VER_ART, CODEARTIC, NOMG, NOPHASE, QTEREF, QTENEC) |     VALUES ('GEAR BOX 7', '00', 'SUB-ASS SHAFT SUB-CONTRACTED', 'FINAL ASSEMBLY', 0010, 1.000, 1.000)
[2026-05-08 10:01:39] [VERBOSE] SQL stmt 600 OK on table [B_NOME]
[2026-05-08 10:01:39] [VERBOSE][SQL] Run SQL stmt 601 on table [B_NOME]: IF NOT EXISTS (SELECT 1 FROM B_NOME WHERE B_V_CODEARTIC='GEAR BOX 6' AND VER_ART='00' AND CODEARTIC='PACKAGING' AND NOMG='FINAL ASSEMBLY' AND NOPHASE=0040) |     INSERT INTO B_NOME (B_V_CODEARTIC, VER_ART, CODEARTIC, NOMG, NOPHASE, QTEREF, QTENEC) |     VALUES ('GEAR BOX 6', '00', 'PACKAGING', 'FINAL ASSEMBLY', 0040, 1.000, 1.000)
[2026-05-08 10:01:39] [VERBOSE] SQL stmt 601 OK on table [B_NOME]
[2026-05-08 10:01:39] [VERBOSE][SQL] Run SQL stmt 602 on table [B_NOME]: IF NOT EXISTS (SELECT 1 FROM B_NOME WHERE B_V_CODEARTIC='GEAR BOX 6' AND VER_ART='00' AND CODEARTIC='SUB-ASSEMBLY BOX 6G' AND NOMG='FINAL ASSEMBLY' AND NOPHASE=0030) |     INSERT INTO B_NOME (B_V_CODEARTIC, VER_ART, CODEARTIC, NOMG, NOPHASE, QTEREF, QTENEC) |     VALUES ('GEAR BOX 6', '00', 'SUB-ASSEMBLY BOX 6G', 'FINAL ASSEMBLY', 0030, 1.000, 1.000)
[2026-05-08 10:01:39] [VERBOSE] SQL stmt 602 OK on table [B_NOME]
[2026-05-08 10:01:39] [VERBOSE][SQL] Run SQL stmt 603 on table [B_NOME]: IF NOT EXISTS (SELECT 1 FROM B_NOME WHERE B_V_CODEARTIC='GEAR BOX 6' AND VER_ART='00' AND CODEARTIC='SUB-ASSEMBLY SHAFT 6G' AND NOMG='FINAL ASSEMBLY' AND NOPHASE=0010) |     INSERT INTO B_NOME (B_V_CODEARTIC, VER_ART, CODEARTIC, NOMG, NOPHASE, QTEREF, QTENEC) |     VALUES ('GEAR BOX 6', '00', 'SUB-ASSEMBLY SHAFT 6G', 'FINAL ASSEMBLY', 0010, 1.000, 1.000)
[2026-05-08 10:01:39] [VERBOSE] SQL stmt 603 OK on table [B_NOME]
[2026-05-08 10:01:39] [VERBOSE][SQL] Run SQL stmt 604 on table [B_NOME]: IF NOT EXISTS (SELECT 1 FROM B_NOME WHERE B_V_CODEARTIC='GEAR BOX 6' AND VER_ART='00' AND CODEARTIC='SUB-ASS SHAFT SUB-CONTRACTED' AND NOMG='FINAL ASSEMBLY' AND NOPHASE=0010) |     INSERT INTO B_NOME (B_V_CODEARTIC, VER_ART, CODEARTIC, NOMG, NOPHASE, QTEREF, QTENEC) |     VALUES ('GEAR BOX 6', '00', 'SUB-ASS SHAFT SUB-CONTRACTED', 'FINAL ASSEMBLY', 0010, 1.000, 1.000)
[2026-05-08 10:01:39] [VERBOSE] SQL stmt 604 OK on table [B_NOME]
[2026-05-08 10:01:39] [VERBOSE][SQL] Run SQL stmt 605 on table [B_NOME]: IF NOT EXISTS (SELECT 1 FROM B_NOME WHERE B_V_CODEARTIC='GEAR BOX 5' AND VER_ART='00' AND CODEARTIC='PACKAGING' AND NOMG='FINAL ASSEMBLY' AND NOPHASE=0040) |     INSERT INTO B_NOME (B_V_CODEARTIC, VER_ART, CODEARTIC, NOMG, NOPHASE, QTEREF, QTENEC) |     VALUES ('GEAR BOX 5', '00', 'PACKAGING', 'FINAL ASSEMBLY', 0040, 1.000, 1.000)
[2026-05-08 10:01:39] [VERBOSE] SQL stmt 605 OK on table [B_NOME]
[2026-05-08 10:01:39] [VERBOSE][SQL] Run SQL stmt 606 on table [B_NOME]: IF NOT EXISTS (SELECT 1 FROM B_NOME WHERE B_V_CODEARTIC='GEAR BOX 5' AND VER_ART='00' AND CODEARTIC='SUB-ASSEMBLY BOX 5G' AND NOMG='FINAL ASSEMBLY' AND NOPHASE=0030) |     INSERT INTO B_NOME (B_V_CODEARTIC, VER_ART, CODEARTIC, NOMG, NOPHASE, QTEREF, QTENEC) |     VALUES ('GEAR BOX 5', '00', 'SUB-ASSEMBLY BOX 5G', 'FINAL ASSEMBLY', 0030, 1.000, 1.000)
[2026-05-08 10:01:39] [VERBOSE] SQL stmt 606 OK on table [B_NOME]
[2026-05-08 10:01:39] [VERBOSE][SQL] Run SQL stmt 607 on table [B_NOME]: IF NOT EXISTS (SELECT 1 FROM B_NOME WHERE B_V_CODEARTIC='GEAR BOX 5' AND VER_ART='00' AND CODEARTIC='SUB-ASSEMBLY SHAFT 5G' AND NOMG='FINAL ASSEMBLY' AND NOPHASE=0010) |     INSERT INTO B_NOME (B_V_CODEARTIC, VER_ART, CODEARTIC, NOMG, NOPHASE, QTEREF, QTENEC) |     VALUES ('GEAR BOX 5', '00', 'SUB-ASSEMBLY SHAFT 5G', 'FINAL ASSEMBLY', 0010, 1.000, 1.000)
[2026-05-08 10:01:39] [VERBOSE] SQL stmt 607 OK on table [B_NOME]
[2026-05-08 10:01:39] [VERBOSE][SQL] Run SQL stmt 608 on table [B_NOME]: IF NOT EXISTS (SELECT 1 FROM B_NOME WHERE B_V_CODEARTIC='GEAR BOX 5' AND VER_ART='00' AND CODEARTIC='SUB-ASS SHAFT SUB-CONTRACTED' AND NOMG='FINAL ASSEMBLY' AND NOPHASE=0010) |     INSERT INTO B_NOME (B_V_CODEARTIC, VER_ART, CODEARTIC, NOMG, NOPHASE, QTEREF, QTENEC) |     VALUES ('GEAR BOX 5', '00', 'SUB-ASS SHAFT SUB-CONTRACTED', 'FINAL ASSEMBLY', 0010, 1.000, 1.000)
[2026-05-08 10:01:39] [VERBOSE] SQL stmt 608 OK on table [B_NOME]
[2026-05-08 10:01:39] [VERBOSE][SQL] Run SQL stmt 609 on table [B_NOME]: IF NOT EXISTS (SELECT 1 FROM B_NOME WHERE B_V_CODEARTIC='GEAR BOX 4' AND VER_ART='00' AND CODEARTIC='PACKAGING' AND NOMG='FINAL ASSEMBLY' AND NOPHASE=0040) |     INSERT INTO B_NOME (B_V_CODEARTIC, VER_ART, CODEARTIC, NOMG, NOPHASE, QTEREF, QTENEC) |     VALUES ('GEAR BOX 4', '00', 'PACKAGING', 'FINAL ASSEMBLY', 0040, 1.000, 1.000)
[2026-05-08 10:01:39] [VERBOSE] SQL stmt 609 OK on table [B_NOME]
[2026-05-08 10:01:39] [VERBOSE][SQL] Run SQL stmt 610 on table [B_NOME]: IF NOT EXISTS (SELECT 1 FROM B_NOME WHERE B_V_CODEARTIC='GEAR BOX 4' AND VER_ART='00' AND CODEARTIC='SUB-ASSEMBLY BOX 4G' AND NOMG='FINAL ASSEMBLY' AND NOPHASE=0030) |     INSERT INTO B_NOME (B_V_CODEARTIC, VER_ART, CODEARTIC, NOMG, NOPHASE, QTEREF, QTENEC) |     VALUES ('GEAR BOX 4', '00', 'SUB-ASSEMBLY BOX 4G', 'FINAL ASSEMBLY', 0030, 1.000, 1.000)
[2026-05-08 10:01:39] [VERBOSE] SQL stmt 610 OK on table [B_NOME]
[2026-05-08 10:01:39] [VERBOSE][SQL] Run SQL stmt 611 on table [B_NOME]: IF NOT EXISTS (SELECT 1 FROM B_NOME WHERE B_V_CODEARTIC='GEAR BOX 4' AND VER_ART='00' AND CODEARTIC='SUB-ASSEMBLY SHAFT 4G' AND NOMG='FINAL ASSEMBLY' AND NOPHASE=0010) |     INSERT INTO B_NOME (B_V_CODEARTIC, VER_ART, CODEARTIC, NOMG, NOPHASE, QTEREF, QTENEC) |     VALUES ('GEAR BOX 4', '00', 'SUB-ASSEMBLY SHAFT 4G', 'FINAL ASSEMBLY', 0010, 1.000, 1.000)
[2026-05-08 10:01:39] [VERBOSE] SQL stmt 611 OK on table [B_NOME]
[2026-05-08 10:01:39] [VERBOSE][SQL] Run SQL stmt 612 on table [B_NOME]: IF NOT EXISTS (SELECT 1 FROM B_NOME WHERE B_V_CODEARTIC='GEAR BOX 4' AND VER_ART='00' AND CODEARTIC='SUB-ASS SHAFT SUB-CONTRACTED' AND NOMG='FINAL ASSEMBLY' AND NOPHASE=0010) |     INSERT INTO B_NOME (B_V_CODEARTIC, VER_ART, CODEARTIC, NOMG, NOPHASE, QTEREF, QTENEC) |     VALUES ('GEAR BOX 4', '00', 'SUB-ASS SHAFT SUB-CONTRACTED', 'FINAL ASSEMBLY', 0010, 1.000, 1.000)
[2026-05-08 10:01:39] [VERBOSE] SQL stmt 612 OK on table [B_NOME]
[2026-05-08 10:01:39] [VERBOSE][SQL] Run SQL stmt 613 on table [INFORMATION_SCHEMA]: IF OBJECT_ID(N'[dbo].[B_SER]', N'U') IS NOT NULL AND COL_LENGTH('dbo.B_SER','SERIE') IS NOT NULL | BEGIN |     IF NOT EXISTS (SELECT 1 FROM [dbo].[B_SER] WHERE [SERIE] = '0') |     BEGIN |         DECLARE @cols NVARCHAR(MAX), @vals NVARCHAR(MAX), @sql NVARCHAR(MAX) |         SET @cols = N'' |         SET @vals = N'' |         SELECT |             @cols = @cols + CASE WHEN LEN(@cols) > 0 THEN N', ' ELSE N'' END + QUOTENAME(COLUMN_NAME), |             @vals = @vals + CASE WHEN LEN(@vals) > 0 THEN N', ' ELSE N'' END + |                 CASE |                     WHEN UPPER(COLUMN_NAME) IN (N'SERIE', N'E_SERIE', N'NO_SERIE', N'NUMSERIE') THEN N'''0''' |                     WHEN DATA_TYPE IN (N'date') THEN N'CONVERT(date,''19950101'',112)' |                     WHEN DATA_TYPE IN (N'datetime', N'datetime2', N'smalldatetime') THEN N'CONVERT(datetime,''19950101'',112)' |                     WHEN DATA_TYPE IN (N'time') THEN N'CONVERT(time,''00:00'')' |                     WHEN DATA_TYPE IN (N'bit') THEN N'0' |                     WHEN DATA_TYPE IN (N'uniqueidentifier') THEN N'NEWID()' |                     WHEN DATA_TYPE IN (N'char', N'nchar', N'varchar', N'nvarchar', N'text', N'ntext') THEN N'''0''' |                     ELSE N'0' |                 END |         FROM INFORMATION_SCHEMA.COLUMNS |         WHERE TABLE_SCHEMA = 'dbo' |           AND TABLE_NAME = 'B_SER' |           AND ( |                 UPPER(COLUMN_NAME) IN (N'SERIE', N'E_SERIE', N'NO_SERIE', N'NUMSERIE') |                 OR (IS_NULLABLE = 'NO' |                     AND COLUMN_DEFAULT IS NULL |                     AND COLUMNPROPERTY(OBJECT_ID(TABLE_SCHEMA + '.' + TABLE_NAME), COLUMN_NAME, 'IsIdentity') = 0) |               ) |         ORDER BY CASE WHEN UPPER(COLUMN_NAME) = 'SERIE' THEN 0 ELSE ORDINAL_POSITION END |         IF LEN(@cols) > 0 |         BEGIN |             SET @sql = N'INSERT INTO [dbo].[B_SER] (' + @cols + N') VALUES (' + @vals + N')' |             EXEC sp_executesql @sql |         END |     END | END
[2026-05-08 10:01:39] [VERBOSE] SQL stmt 613 OK on table [INFORMATION_SCHEMA]
[2026-05-08 10:01:39] [VERBOSE][SQL] Run SQL stmt 614 on table [INFORMATION_SCHEMA]: IF OBJECT_ID(N'[dbo].[PLAN_CAP]', N'U') IS NOT NULL AND COL_LENGTH('dbo.PLAN_CAP','PLAN_CAP') IS NOT NULL | BEGIN |     IF NOT EXISTS (SELECT 1 FROM [dbo].[PLAN_CAP] WHERE [PLAN_CAP] = 'ENCOURS') |     BEGIN |         DECLARE @cols NVARCHAR(MAX), @vals NVARCHAR(MAX), @sql NVARCHAR(MAX) |         SET @cols = N'' |         SET @vals = N'' |         SELECT |             @cols = @cols + CASE WHEN LEN(@cols) > 0 THEN N', ' ELSE N'' END + QUOTENAME(COLUMN_NAME), |             @vals = @vals + CASE WHEN LEN(@vals) > 0 THEN N', ' ELSE N'' END + |                 CASE |                     WHEN UPPER(COLUMN_NAME) = UPPER(N'PLAN_CAP') THEN N'''ENCOURS''' |                     WHEN DATA_TYPE IN (N'date') THEN N'CONVERT(date,''19950101'',112)' |                     WHEN DATA_TYPE IN (N'datetime', N'datetime2', N'smalldatetime') THEN N'CONVERT(datetime,''19950101'',112)' |                     WHEN DATA_TYPE IN (N'time') THEN N'CONVERT(time,''00:00'')' |                     WHEN DATA_TYPE IN (N'bit') THEN N'0' |                     WHEN DATA_TYPE IN (N'uniqueidentifier') THEN N'NEWID()' |                     WHEN DATA_TYPE IN (N'char', N'nchar', N'varchar', N'nvarchar', N'text', N'ntext') THEN N'''ENCOURS''' |                     ELSE N'0' |                 END |         FROM INFORMATION_SCHEMA.COLUMNS |         WHERE TABLE_SCHEMA = 'dbo' |           AND TABLE_NAME = 'PLAN_CAP' |           AND ( |                 UPPER(COLUMN_NAME) = UPPER(N'PLAN_CAP') |                 OR (IS_NULLABLE = 'NO' |                     AND COLUMN_DEFAULT IS NULL |                     AND COLUMNPROPERTY(OBJECT_ID(TABLE_SCHEMA + '.' + TABLE_NAME), COLUMN_NAME, 'IsIdentity') = 0) |               ) |         ORDER BY CASE WHEN UPPER(COLUMN_NAME) = UPPER(N'PLAN_CAP') THEN 0 ELSE ORDINAL_POSITION END |         IF LEN(@cols) > 0 |         BEGIN |             SET @sql = N'INSERT INTO [dbo].[PLAN_CAP] (' + @cols + N') VALUES (' + @vals + N')' |             EXEC sp_executesql @sql |         END |     END | END
[2026-05-08 10:01:39] [VERBOSE] SQL stmt 614 OK on table [INFORMATION_SCHEMA]
[2026-05-08 10:01:40] [VERBOSE][SQL] Run SQL stmt 615 on table [INFORMATION_SCHEMA]: IF OBJECT_ID(N'[dbo].[ENCOURS]', N'U') IS NOT NULL AND COL_LENGTH('dbo.ENCOURS','NOM_ENC') IS NOT NULL | BEGIN |     IF NOT EXISTS (SELECT 1 FROM [dbo].[ENCOURS] WHERE [NOM_ENC] = 'ENCOURS') |     BEGIN |         DECLARE @cols NVARCHAR(MAX), @vals NVARCHAR(MAX), @sql NVARCHAR(MAX) |         SET @cols = N'' |         SET @vals = N'' |         SELECT |             @cols = @cols + CASE WHEN LEN(@cols) > 0 THEN N', ' ELSE N'' END + QUOTENAME(COLUMN_NAME), |             @vals = @vals + CASE WHEN LEN(@vals) > 0 THEN N', ' ELSE N'' END + |                 CASE |                     WHEN UPPER(COLUMN_NAME) = UPPER(N'NOM_ENC') THEN N'''ENCOURS''' |                     WHEN DATA_TYPE IN (N'date') THEN N'CONVERT(date,''19950101'',112)' |                     WHEN DATA_TYPE IN (N'datetime', N'datetime2', N'smalldatetime') THEN N'CONVERT(datetime,''19950101'',112)' |                     WHEN DATA_TYPE IN (N'time') THEN N'CONVERT(time,''00:00'')' |                     WHEN DATA_TYPE IN (N'bit') THEN N'0' |                     WHEN DATA_TYPE IN (N'uniqueidentifier') THEN N'NEWID()' |                     WHEN DATA_TYPE IN (N'char', N'nchar', N'varchar', N'nvarchar', N'text', N'ntext') THEN N'''ENCOURS''' |                     ELSE N'0' |                 END |         FROM INFORMATION_SCHEMA.COLUMNS |         WHERE TABLE_SCHEMA = 'dbo' |           AND TABLE_NAME = 'ENCOURS' |           AND ( |                 UPPER(COLUMN_NAME) = UPPER(N'NOM_ENC') |                 OR (IS_NULLABLE = 'NO' |                     AND COLUMN_DEFAULT IS NULL |                     AND COLUMNPROPERTY(OBJECT_ID(TABLE_SCHEMA + '.' + TABLE_NAME), COLUMN_NAME, 'IsIdentity') = 0) |               ) |         ORDER BY CASE WHEN UPPER(COLUMN_NAME) = UPPER(N'NOM_ENC') THEN 0 ELSE ORDINAL_POSITION END |         IF LEN(@cols) > 0 |         BEGIN |             SET @sql = N'INSERT INTO [dbo].[ENCOURS] (' + @cols + N') VALUES (' + @vals + N')' |             EXEC sp_executesql @sql |         END |     END | END
[2026-05-08 10:01:40] [VERBOSE] SQL stmt 615 OK on table [INFORMATION_SCHEMA]
[2026-05-08 10:01:40] [VERBOSE][SQL] Run SQL stmt 616 on table [E_OF]: IF EXISTS (SELECT 1 FROM E_OF WHERE [E_NOF]='CO#990702/1FIAT' AND [NOM_ENC]='ENCOURS') |     UPDATE E_OF SET [CODEARTIC]='GEAR BOX 5', [NOM_ENC]='ENCOURS', [E_NOMG]='FINAL ASSEMBLY', [SERIE]='0', [E_CODEGEST]='F' WHERE [E_NOF]='CO#990702/1FIAT' AND [NOM_ENC]='ENCOURS' | ELSE |     INSERT INTO E_OF ([E_NOF], [CODEARTIC], [NOM_ENC], [E_NOMG], [SERIE], [E_CODEGEST]) |     VALUES ('CO#990702/1FIAT', 'GEAR BOX 5', 'ENCOURS', 'FINAL ASSEMBLY', '0', 'F')
[2026-05-08 10:01:40] [VERBOSE] SQL stmt 616 OK on table [E_OF]
[2026-05-08 10:01:40] [VERBOSE][SQL] Run SQL stmt 617 on table [E_OF]: IF EXISTS (SELECT 1 FROM E_OF WHERE [E_NOF]='CO#990702/1FIAT_' AND [NOM_ENC]='ENCOURS') |     UPDATE E_OF SET [CODEARTIC]='GEAR BOX 5', [NOM_ENC]='ENCOURS', [E_NOMG]='FINAL ASSEMBLY', [SERIE]='0', [E_CODEGEST]='F' WHERE [E_NOF]='CO#990702/1FIAT_' AND [NOM_ENC]='ENCOURS' | ELSE |     INSERT INTO E_OF ([E_NOF], [CODEARTIC], [NOM_ENC], [E_NOMG], [SERIE], [E_CODEGEST]) |     VALUES ('CO#990702/1FIAT_', 'GEAR BOX 5', 'ENCOURS', 'FINAL ASSEMBLY', '0', 'F')
[2026-05-08 10:01:40] [VERBOSE] SQL stmt 617 OK on table [E_OF]
[2026-05-08 10:01:40] [VERBOSE][SQL] Run SQL stmt 618 on table [E_OF]: IF EXISTS (SELECT 1 FROM E_OF WHERE [E_NOF]='CO#990702/2FIAT' AND [NOM_ENC]='ENCOURS') |     UPDATE E_OF SET [CODEARTIC]='GEAR BOX 4', [NOM_ENC]='ENCOURS', [E_NOMG]='FINAL ASSEMBLY', [SERIE]='0', [E_CODEGEST]='F' WHERE [E_NOF]='CO#990702/2FIAT' AND [NOM_ENC]='ENCOURS' | ELSE |     INSERT INTO E_OF ([E_NOF], [CODEARTIC], [NOM_ENC], [E_NOMG], [SERIE], [E_CODEGEST]) |     VALUES ('CO#990702/2FIAT', 'GEAR BOX 4', 'ENCOURS', 'FINAL ASSEMBLY', '0', 'F')
[2026-05-08 10:01:40] [VERBOSE] SQL stmt 618 OK on table [E_OF]
[2026-05-08 10:01:40] [VERBOSE][SQL] Run SQL stmt 619 on table [E_OF]: IF EXISTS (SELECT 1 FROM E_OF WHERE [E_NOF]='CO#990702/2FIAT_' AND [NOM_ENC]='ENCOURS') |     UPDATE E_OF SET [CODEARTIC]='GEAR BOX 4', [NOM_ENC]='ENCOURS', [E_NOMG]='FINAL ASSEMBLY', [SERIE]='0', [E_CODEGEST]='F' WHERE [E_NOF]='CO#990702/2FIAT_' AND [NOM_ENC]='ENCOURS' | ELSE |     INSERT INTO E_OF ([E_NOF], [CODEARTIC], [NOM_ENC], [E_NOMG], [SERIE], [E_CODEGEST]) |     VALUES ('CO#990702/2FIAT_', 'GEAR BOX 4', 'ENCOURS', 'FINAL ASSEMBLY', '0', 'F')
[2026-05-08 10:01:40] [VERBOSE] SQL stmt 619 OK on table [E_OF]
[2026-05-08 10:01:40] [VERBOSE][SQL] Run SQL stmt 620 on table [E_OF]: IF EXISTS (SELECT 1 FROM E_OF WHERE [E_NOF]='CO#990703/1TOYO' AND [NOM_ENC]='ENCOURS') |     UPDATE E_OF SET [CODEARTIC]='GEAR BOX 6', [NOM_ENC]='ENCOURS', [E_NOMG]='FINAL ASSEMBLY', [SERIE]='0', [E_CODEGEST]='F' WHERE [E_NOF]='CO#990703/1TOYO' AND [NOM_ENC]='ENCOURS' | ELSE |     INSERT INTO E_OF ([E_NOF], [CODEARTIC], [NOM_ENC], [E_NOMG], [SERIE], [E_CODEGEST]) |     VALUES ('CO#990703/1TOYO', 'GEAR BOX 6', 'ENCOURS', 'FINAL ASSEMBLY', '0', 'F')
[2026-05-08 10:01:40] [VERBOSE] SQL stmt 620 OK on table [E_OF]
[2026-05-08 10:01:40] [VERBOSE][SQL] Run SQL stmt 621 on table [E_OF]: IF EXISTS (SELECT 1 FROM E_OF WHERE [E_NOF]='CO#990703/1TOYO_' AND [NOM_ENC]='ENCOURS') |     UPDATE E_OF SET [CODEARTIC]='GEAR BOX 6', [NOM_ENC]='ENCOURS', [E_NOMG]='FINAL ASSEMBLY', [SERIE]='0', [E_CODEGEST]='F' WHERE [E_NOF]='CO#990703/1TOYO_' AND [NOM_ENC]='ENCOURS' | ELSE |     INSERT INTO E_OF ([E_NOF], [CODEARTIC], [NOM_ENC], [E_NOMG], [SERIE], [E_CODEGEST]) |     VALUES ('CO#990703/1TOYO_', 'GEAR BOX 6', 'ENCOURS', 'FINAL ASSEMBLY', '0', 'F')
[2026-05-08 10:01:40] [VERBOSE] SQL stmt 621 OK on table [E_OF]
[2026-05-08 10:01:40] [VERBOSE][SQL] Run SQL stmt 622 on table [E_OF]: IF EXISTS (SELECT 1 FROM E_OF WHERE [E_NOF]='CO#990704/1GM' AND [NOM_ENC]='ENCOURS') |     UPDATE E_OF SET [CODEARTIC]='GEAR BOX 4', [NOM_ENC]='ENCOURS', [E_NOMG]='FINAL ASSEMBLY', [SERIE]='0', [E_CODEGEST]='F' WHERE [E_NOF]='CO#990704/1GM' AND [NOM_ENC]='ENCOURS' | ELSE |     INSERT INTO E_OF ([E_NOF], [CODEARTIC], [NOM_ENC], [E_NOMG], [SERIE], [E_CODEGEST]) |     VALUES ('CO#990704/1GM', 'GEAR BOX 4', 'ENCOURS', 'FINAL ASSEMBLY', '0', 'F')
[2026-05-08 10:01:40] [VERBOSE] SQL stmt 622 OK on table [E_OF]
[2026-05-08 10:01:40] [VERBOSE][SQL] Run SQL stmt 623 on table [E_OF]: IF EXISTS (SELECT 1 FROM E_OF WHERE [E_NOF]='CO#990704/1GM_' AND [NOM_ENC]='ENCOURS') |     UPDATE E_OF SET [CODEARTIC]='GEAR BOX 4', [NOM_ENC]='ENCOURS', [E_NOMG]='FINAL ASSEMBLY', [SERIE]='0', [E_CODEGEST]='F' WHERE [E_NOF]='CO#990704/1GM_' AND [NOM_ENC]='ENCOURS' | ELSE |     INSERT INTO E_OF ([E_NOF], [CODEARTIC], [NOM_ENC], [E_NOMG], [SERIE], [E_CODEGEST]) |     VALUES ('CO#990704/1GM_', 'GEAR BOX 4', 'ENCOURS', 'FINAL ASSEMBLY', '0', 'F')
[2026-05-08 10:01:40] [VERBOSE] SQL stmt 623 OK on table [E_OF]
[2026-05-08 10:01:40] [VERBOSE][SQL] Run SQL stmt 624 on table [E_OF]: IF EXISTS (SELECT 1 FROM E_OF WHERE [E_NOF]='CO#990704/2GM' AND [NOM_ENC]='ENCOURS') |     UPDATE E_OF SET [CODEARTIC]='GEAR BOX 5', [NOM_ENC]='ENCOURS', [E_NOMG]='FINAL ASSEMBLY', [SERIE]='0', [E_CODEGEST]='F' WHERE [E_NOF]='CO#990704/2GM' AND [NOM_ENC]='ENCOURS' | ELSE |     INSERT INTO E_OF ([E_NOF], [CODEARTIC], [NOM_ENC], [E_NOMG], [SERIE], [E_CODEGEST]) |     VALUES ('CO#990704/2GM', 'GEAR BOX 5', 'ENCOURS', 'FINAL ASSEMBLY', '0', 'F')
[2026-05-08 10:01:40] [VERBOSE] SQL stmt 624 OK on table [E_OF]
[2026-05-08 10:01:40] [VERBOSE][SQL] Run SQL stmt 625 on table [E_OF]: IF EXISTS (SELECT 1 FROM E_OF WHERE [E_NOF]='CO#990704/2GM_' AND [NOM_ENC]='ENCOURS') |     UPDATE E_OF SET [CODEARTIC]='GEAR BOX 5', [NOM_ENC]='ENCOURS', [E_NOMG]='FINAL ASSEMBLY', [SERIE]='0', [E_CODEGEST]='F' WHERE [E_NOF]='CO#990704/2GM_' AND [NOM_ENC]='ENCOURS' | ELSE |     INSERT INTO E_OF ([E_NOF], [CODEARTIC], [NOM_ENC], [E_NOMG], [SERIE], [E_CODEGEST]) |     VALUES ('CO#990704/2GM_', 'GEAR BOX 5', 'ENCOURS', 'FINAL ASSEMBLY', '0', 'F')
[2026-05-08 10:01:40] [VERBOSE] SQL stmt 625 OK on table [E_OF]
[2026-05-08 10:01:40] [VERBOSE][SQL] Run SQL stmt 626 on table [E_OF]: IF EXISTS (SELECT 1 FROM E_OF WHERE [E_NOF]='CO#990712/1RNLT' AND [NOM_ENC]='ENCOURS') |     UPDATE E_OF SET [CODEARTIC]='GEAR BOX AUTOMATIC', [NOM_ENC]='ENCOURS', [E_NOMG]='FINAL ASSEMBLY', [SERIE]='0', [E_CODEGEST]='F' WHERE [E_NOF]='CO#990712/1RNLT' AND [NOM_ENC]='ENCOURS' | ELSE |     INSERT INTO E_OF ([E_NOF], [CODEARTIC], [NOM_ENC], [E_NOMG], [SERIE], [E_CODEGEST]) |     VALUES ('CO#990712/1RNLT', 'GEAR BOX AUTOMATIC', 'ENCOURS', 'FINAL ASSEMBLY', '0', 'F')
[2026-05-08 10:01:40] [VERBOSE] SQL stmt 626 OK on table [E_OF]
[2026-05-08 10:01:40] [VERBOSE][SQL] Run SQL stmt 627 on table [E_OF]: IF EXISTS (SELECT 1 FROM E_OF WHERE [E_NOF]='CO#990712/2RNLT' AND [NOM_ENC]='ENCOURS') |     UPDATE E_OF SET [CODEARTIC]='GEAR BOX 4', [NOM_ENC]='ENCOURS', [E_NOMG]='FINAL ASSEMBLY', [SERIE]='0', [E_CODEGEST]='F' WHERE [E_NOF]='CO#990712/2RNLT' AND [NOM_ENC]='ENCOURS' | ELSE |     INSERT INTO E_OF ([E_NOF], [CODEARTIC], [NOM_ENC], [E_NOMG], [SERIE], [E_CODEGEST]) |     VALUES ('CO#990712/2RNLT', 'GEAR BOX 4', 'ENCOURS', 'FINAL ASSEMBLY', '0', 'F')
[2026-05-08 10:01:40] [VERBOSE] SQL stmt 627 OK on table [E_OF]
[2026-05-08 10:01:40] [VERBOSE][SQL] Run SQL stmt 628 on table [E_OF]: IF EXISTS (SELECT 1 FROM E_OF WHERE [E_NOF]='CO#990712/2RNLT_' AND [NOM_ENC]='ENCOURS') |     UPDATE E_OF SET [CODEARTIC]='GEAR BOX 4', [NOM_ENC]='ENCOURS', [E_NOMG]='FINAL ASSEMBLY', [SERIE]='0', [E_CODEGEST]='F' WHERE [E_NOF]='CO#990712/2RNLT_' AND [NOM_ENC]='ENCOURS' | ELSE |     INSERT INTO E_OF ([E_NOF], [CODEARTIC], [NOM_ENC], [E_NOMG], [SERIE], [E_CODEGEST]) |     VALUES ('CO#990712/2RNLT_', 'GEAR BOX 4', 'ENCOURS', 'FINAL ASSEMBLY', '0', 'F')
[2026-05-08 10:01:41] [VERBOSE] SQL stmt 628 OK on table [E_OF]
[2026-05-08 10:01:41] [VERBOSE][SQL] Run SQL stmt 629 on table [E_OF]: IF EXISTS (SELECT 1 FROM E_OF WHERE [E_NOF]='CO#990713/1PSA' AND [NOM_ENC]='ENCOURS') |     UPDATE E_OF SET [CODEARTIC]='GEAR BOX AUTOMATIC', [NOM_ENC]='ENCOURS', [E_NOMG]='FINAL ASSEMBLY', [SERIE]='0', [E_CODEGEST]='F' WHERE [E_NOF]='CO#990713/1PSA' AND [NOM_ENC]='ENCOURS' | ELSE |     INSERT INTO E_OF ([E_NOF], [CODEARTIC], [NOM_ENC], [E_NOMG], [SERIE], [E_CODEGEST]) |     VALUES ('CO#990713/1PSA', 'GEAR BOX AUTOMATIC', 'ENCOURS', 'FINAL ASSEMBLY', '0', 'F')
[2026-05-08 10:01:41] [VERBOSE] SQL stmt 629 OK on table [E_OF]
[2026-05-08 10:01:41] [VERBOSE][SQL] Run SQL stmt 630 on table [E_OF]: IF EXISTS (SELECT 1 FROM E_OF WHERE [E_NOF]='CO#990713/1PSA_' AND [NOM_ENC]='ENCOURS') |     UPDATE E_OF SET [CODEARTIC]='GEAR BOX AUTOMATIC', [NOM_ENC]='ENCOURS', [E_NOMG]='FINAL ASSEMBLY', [SERIE]='0', [E_CODEGEST]='F' WHERE [E_NOF]='CO#990713/1PSA_' AND [NOM_ENC]='ENCOURS' | ELSE |     INSERT INTO E_OF ([E_NOF], [CODEARTIC], [NOM_ENC], [E_NOMG], [SERIE], [E_CODEGEST]) |     VALUES ('CO#990713/1PSA_', 'GEAR BOX AUTOMATIC', 'ENCOURS', 'FINAL ASSEMBLY', '0', 'F')
[2026-05-08 10:01:41] [VERBOSE] SQL stmt 630 OK on table [E_OF]
[2026-05-08 10:01:41] [VERBOSE][SQL] Run SQL stmt 631 on table [E_OF]: IF EXISTS (SELECT 1 FROM E_OF WHERE [E_NOF]='CO#990713/2PSA' AND [NOM_ENC]='ENCOURS') |     UPDATE E_OF SET [CODEARTIC]='GEAR BOX 4', [NOM_ENC]='ENCOURS', [E_NOMG]='FINAL ASSEMBLY', [SERIE]='0', [E_CODEGEST]='F' WHERE [E_NOF]='CO#990713/2PSA' AND [NOM_ENC]='ENCOURS' | ELSE |     INSERT INTO E_OF ([E_NOF], [CODEARTIC], [NOM_ENC], [E_NOMG], [SERIE], [E_CODEGEST]) |     VALUES ('CO#990713/2PSA', 'GEAR BOX 4', 'ENCOURS', 'FINAL ASSEMBLY', '0', 'F')
[2026-05-08 10:01:41] [VERBOSE] SQL stmt 631 OK on table [E_OF]
[2026-05-08 10:01:41] [VERBOSE][SQL] Run SQL stmt 632 on table [E_OF]: IF EXISTS (SELECT 1 FROM E_OF WHERE [E_NOF]='CO#990713/2PSA_' AND [NOM_ENC]='ENCOURS') |     UPDATE E_OF SET [CODEARTIC]='GEAR BOX 4', [NOM_ENC]='ENCOURS', [E_NOMG]='FINAL ASSEMBLY', [SERIE]='0', [E_CODEGEST]='F' WHERE [E_NOF]='CO#990713/2PSA_' AND [NOM_ENC]='ENCOURS' | ELSE |     INSERT INTO E_OF ([E_NOF], [CODEARTIC], [NOM_ENC], [E_NOMG], [SERIE], [E_CODEGEST]) |     VALUES ('CO#990713/2PSA_', 'GEAR BOX 4', 'ENCOURS', 'FINAL ASSEMBLY', '0', 'F')
[2026-05-08 10:01:41] [VERBOSE] SQL stmt 632 OK on table [E_OF]
[2026-05-08 10:01:41] [VERBOSE][SQL] Run SQL stmt 633 on table [E_OF]: IF EXISTS (SELECT 1 FROM E_OF WHERE [E_NOF]='CO#990713/3PSA' AND [NOM_ENC]='ENCOURS') |     UPDATE E_OF SET [CODEARTIC]='GEAR BOX 5', [NOM_ENC]='ENCOURS', [E_NOMG]='FINAL ASSEMBLY', [SERIE]='0', [E_CODEGEST]='F' WHERE [E_NOF]='CO#990713/3PSA' AND [NOM_ENC]='ENCOURS' | ELSE |     INSERT INTO E_OF ([E_NOF], [CODEARTIC], [NOM_ENC], [E_NOMG], [SERIE], [E_CODEGEST]) |     VALUES ('CO#990713/3PSA', 'GEAR BOX 5', 'ENCOURS', 'FINAL ASSEMBLY', '0', 'F')
[2026-05-08 10:01:41] [VERBOSE] SQL stmt 633 OK on table [E_OF]
[2026-05-08 10:01:41] [VERBOSE][SQL] Run SQL stmt 634 on table [E_OF]: IF EXISTS (SELECT 1 FROM E_OF WHERE [E_NOF]='CO#990713/3PSA_' AND [NOM_ENC]='ENCOURS') |     UPDATE E_OF SET [CODEARTIC]='GEAR BOX 5', [NOM_ENC]='ENCOURS', [E_NOMG]='FINAL ASSEMBLY', [SERIE]='0', [E_CODEGEST]='F' WHERE [E_NOF]='CO#990713/3PSA_' AND [NOM_ENC]='ENCOURS' | ELSE |     INSERT INTO E_OF ([E_NOF], [CODEARTIC], [NOM_ENC], [E_NOMG], [SERIE], [E_CODEGEST]) |     VALUES ('CO#990713/3PSA_', 'GEAR BOX 5', 'ENCOURS', 'FINAL ASSEMBLY', '0', 'F')
[2026-05-08 10:01:41] [VERBOSE] SQL stmt 634 OK on table [E_OF]
[2026-05-08 10:01:41] [VERBOSE][SQL] Run SQL stmt 635 on table [E_OF]: IF EXISTS (SELECT 1 FROM E_OF WHERE [E_NOF]='CO#990713/4PSA' AND [NOM_ENC]='ENCOURS') |     UPDATE E_OF SET [CODEARTIC]='GEAR BOX 6', [NOM_ENC]='ENCOURS', [E_NOMG]='FINAL ASSEMBLY', [SERIE]='0', [E_CODEGEST]='F' WHERE [E_NOF]='CO#990713/4PSA' AND [NOM_ENC]='ENCOURS' | ELSE |     INSERT INTO E_OF ([E_NOF], [CODEARTIC], [NOM_ENC], [E_NOMG], [SERIE], [E_CODEGEST]) |     VALUES ('CO#990713/4PSA', 'GEAR BOX 6', 'ENCOURS', 'FINAL ASSEMBLY', '0', 'F')
[2026-05-08 10:01:41] [VERBOSE] SQL stmt 635 OK on table [E_OF]
[2026-05-08 10:01:41] [VERBOSE][SQL] Run SQL stmt 636 on table [E_OF]: IF EXISTS (SELECT 1 FROM E_OF WHERE [E_NOF]='CO#990713/4PSA_' AND [NOM_ENC]='ENCOURS') |     UPDATE E_OF SET [CODEARTIC]='GEAR BOX 6', [NOM_ENC]='ENCOURS', [E_NOMG]='FINAL ASSEMBLY', [SERIE]='0', [E_CODEGEST]='F' WHERE [E_NOF]='CO#990713/4PSA_' AND [NOM_ENC]='ENCOURS' | ELSE |     INSERT INTO E_OF ([E_NOF], [CODEARTIC], [NOM_ENC], [E_NOMG], [SERIE], [E_CODEGEST]) |     VALUES ('CO#990713/4PSA_', 'GEAR BOX 6', 'ENCOURS', 'FINAL ASSEMBLY', '0', 'F')
[2026-05-08 10:01:41] [VERBOSE] SQL stmt 636 OK on table [E_OF]
[2026-05-08 10:01:41] [VERBOSE][SQL] Run SQL stmt 637 on table [E_OF]: IF EXISTS (SELECT 1 FROM E_OF WHERE [E_NOF]='CO#990714/1RNLT' AND [NOM_ENC]='ENCOURS') |     UPDATE E_OF SET [CODEARTIC]='GEAR BOX 5', [NOM_ENC]='ENCOURS', [E_NOMG]='FINAL ASSEMBLY', [SERIE]='0', [E_CODEGEST]='F' WHERE [E_NOF]='CO#990714/1RNLT' AND [NOM_ENC]='ENCOURS' | ELSE |     INSERT INTO E_OF ([E_NOF], [CODEARTIC], [NOM_ENC], [E_NOMG], [SERIE], [E_CODEGEST]) |     VALUES ('CO#990714/1RNLT', 'GEAR BOX 5', 'ENCOURS', 'FINAL ASSEMBLY', '0', 'F')
[2026-05-08 10:01:41] [VERBOSE] SQL stmt 637 OK on table [E_OF]
[2026-05-08 10:01:41] [VERBOSE][SQL] Run SQL stmt 638 on table [E_OF]: IF EXISTS (SELECT 1 FROM E_OF WHERE [E_NOF]='CO#990714/2RNLT' AND [NOM_ENC]='ENCOURS') |     UPDATE E_OF SET [CODEARTIC]='GEAR BOX 6', [NOM_ENC]='ENCOURS', [E_NOMG]='FINAL ASSEMBLY', [SERIE]='0', [E_CODEGEST]='F' WHERE [E_NOF]='CO#990714/2RNLT' AND [NOM_ENC]='ENCOURS' | ELSE |     INSERT INTO E_OF ([E_NOF], [CODEARTIC], [NOM_ENC], [E_NOMG], [SERIE], [E_CODEGEST]) |     VALUES ('CO#990714/2RNLT', 'GEAR BOX 6', 'ENCOURS', 'FINAL ASSEMBLY', '0', 'F')
[2026-05-08 10:01:41] [VERBOSE] SQL stmt 638 OK on table [E_OF]
[2026-05-08 10:01:41] [VERBOSE][SQL] Run SQL stmt 639 on table [E_OF]: IF EXISTS (SELECT 1 FROM E_OF WHERE [E_NOF]='CO#990714/2RNLT_' AND [NOM_ENC]='ENCOURS') |     UPDATE E_OF SET [CODEARTIC]='GEAR BOX 6', [NOM_ENC]='ENCOURS', [E_NOMG]='FINAL ASSEMBLY', [SERIE]='0', [E_CODEGEST]='F' WHERE [E_NOF]='CO#990714/2RNLT_' AND [NOM_ENC]='ENCOURS' | ELSE |     INSERT INTO E_OF ([E_NOF], [CODEARTIC], [NOM_ENC], [E_NOMG], [SERIE], [E_CODEGEST]) |     VALUES ('CO#990714/2RNLT_', 'GEAR BOX 6', 'ENCOURS', 'FINAL ASSEMBLY', '0', 'F')
[2026-05-08 10:01:41] [VERBOSE] SQL stmt 639 OK on table [E_OF]
[2026-05-08 10:01:41] [VERBOSE][SQL] Run SQL stmt 640 on table [E_OF]: IF EXISTS (SELECT 1 FROM E_OF WHERE [E_NOF]='CO#990742/1FIAT' AND [NOM_ENC]='ENCOURS') |     UPDATE E_OF SET [CODEARTIC]='GEAR BOX AUTOMATIC', [NOM_ENC]='ENCOURS', [E_NOMG]='FINAL ASSEMBLY', [SERIE]='0', [E_CODEGEST]='F' WHERE [E_NOF]='CO#990742/1FIAT' AND [NOM_ENC]='ENCOURS' | ELSE |     INSERT INTO E_OF ([E_NOF], [CODEARTIC], [NOM_ENC], [E_NOMG], [SERIE], [E_CODEGEST]) |     VALUES ('CO#990742/1FIAT', 'GEAR BOX AUTOMATIC', 'ENCOURS', 'FINAL ASSEMBLY', '0', 'F')
[2026-05-08 10:01:41] [VERBOSE] SQL stmt 640 OK on table [E_OF]
[2026-05-08 10:01:41] [VERBOSE][SQL] Run SQL stmt 641 on table [E_OF]: IF EXISTS (SELECT 1 FROM E_OF WHERE [E_NOF]='CO#990742/1FIAT_' AND [NOM_ENC]='ENCOURS') |     UPDATE E_OF SET [CODEARTIC]='GEAR BOX AUTOMATIC', [NOM_ENC]='ENCOURS', [E_NOMG]='FINAL ASSEMBLY', [SERIE]='0', [E_CODEGEST]='F' WHERE [E_NOF]='CO#990742/1FIAT_' AND [NOM_ENC]='ENCOURS' | ELSE |     INSERT INTO E_OF ([E_NOF], [CODEARTIC], [NOM_ENC], [E_NOMG], [SERIE], [E_CODEGEST]) |     VALUES ('CO#990742/1FIAT_', 'GEAR BOX AUTOMATIC', 'ENCOURS', 'FINAL ASSEMBLY', '0', 'F')
[2026-05-08 10:01:42] [VERBOSE] SQL stmt 641 OK on table [E_OF]
[2026-05-08 10:01:42] [VERBOSE][SQL] Run SQL stmt 642 on table [E_OF]: IF EXISTS (SELECT 1 FROM E_OF WHERE [E_NOF]='CO#990743/1TOYO' AND [NOM_ENC]='ENCOURS') |     UPDATE E_OF SET [CODEARTIC]='GEAR BOX 5', [NOM_ENC]='ENCOURS', [E_NOMG]='FINAL ASSEMBLY', [SERIE]='0', [E_CODEGEST]='F' WHERE [E_NOF]='CO#990743/1TOYO' AND [NOM_ENC]='ENCOURS' | ELSE |     INSERT INTO E_OF ([E_NOF], [CODEARTIC], [NOM_ENC], [E_NOMG], [SERIE], [E_CODEGEST]) |     VALUES ('CO#990743/1TOYO', 'GEAR BOX 5', 'ENCOURS', 'FINAL ASSEMBLY', '0', 'F')
[2026-05-08 10:01:42] [VERBOSE] SQL stmt 642 OK on table [E_OF]
[2026-05-08 10:01:42] [VERBOSE][SQL] Run SQL stmt 643 on table [E_OF]: IF EXISTS (SELECT 1 FROM E_OF WHERE [E_NOF]='CO#990743/1TOYO_' AND [NOM_ENC]='ENCOURS') |     UPDATE E_OF SET [CODEARTIC]='GEAR BOX 5', [NOM_ENC]='ENCOURS', [E_NOMG]='FINAL ASSEMBLY', [SERIE]='0', [E_CODEGEST]='F' WHERE [E_NOF]='CO#990743/1TOYO_' AND [NOM_ENC]='ENCOURS' | ELSE |     INSERT INTO E_OF ([E_NOF], [CODEARTIC], [NOM_ENC], [E_NOMG], [SERIE], [E_CODEGEST]) |     VALUES ('CO#990743/1TOYO_', 'GEAR BOX 5', 'ENCOURS', 'FINAL ASSEMBLY', '0', 'F')
[2026-05-08 10:01:42] [VERBOSE] SQL stmt 643 OK on table [E_OF]
[2026-05-08 10:01:42] [VERBOSE][SQL] Run SQL stmt 644 on table [E_OF]: IF EXISTS (SELECT 1 FROM E_OF WHERE [E_NOF]='CO#990743/2TOYO' AND [NOM_ENC]='ENCOURS') |     UPDATE E_OF SET [CODEARTIC]='GEAR BOX 4', [NOM_ENC]='ENCOURS', [E_NOMG]='FINAL ASSEMBLY', [SERIE]='0', [E_CODEGEST]='F' WHERE [E_NOF]='CO#990743/2TOYO' AND [NOM_ENC]='ENCOURS' | ELSE |     INSERT INTO E_OF ([E_NOF], [CODEARTIC], [NOM_ENC], [E_NOMG], [SERIE], [E_CODEGEST]) |     VALUES ('CO#990743/2TOYO', 'GEAR BOX 4', 'ENCOURS', 'FINAL ASSEMBLY', '0', 'F')
[2026-05-08 10:01:42] [VERBOSE] SQL stmt 644 OK on table [E_OF]
[2026-05-08 10:01:42] [VERBOSE][SQL] Run SQL stmt 645 on table [E_OF]: IF EXISTS (SELECT 1 FROM E_OF WHERE [E_NOF]='CO#990743/2TOYO_' AND [NOM_ENC]='ENCOURS') |     UPDATE E_OF SET [CODEARTIC]='GEAR BOX 4', [NOM_ENC]='ENCOURS', [E_NOMG]='FINAL ASSEMBLY', [SERIE]='0', [E_CODEGEST]='F' WHERE [E_NOF]='CO#990743/2TOYO_' AND [NOM_ENC]='ENCOURS' | ELSE |     INSERT INTO E_OF ([E_NOF], [CODEARTIC], [NOM_ENC], [E_NOMG], [SERIE], [E_CODEGEST]) |     VALUES ('CO#990743/2TOYO_', 'GEAR BOX 4', 'ENCOURS', 'FINAL ASSEMBLY', '0', 'F')
[2026-05-08 10:01:42] [VERBOSE] SQL stmt 645 OK on table [E_OF]
[2026-05-08 10:01:42] [VERBOSE][SQL] Run SQL stmt 646 on table [E_OF]: IF EXISTS (SELECT 1 FROM E_OF WHERE [E_NOF]='CO#990744/1GM' AND [NOM_ENC]='ENCOURS') |     UPDATE E_OF SET [CODEARTIC]='GEAR BOX 5', [NOM_ENC]='ENCOURS', [E_NOMG]='FINAL ASSEMBLY', [SERIE]='0', [E_CODEGEST]='F' WHERE [E_NOF]='CO#990744/1GM' AND [NOM_ENC]='ENCOURS' | ELSE |     INSERT INTO E_OF ([E_NOF], [CODEARTIC], [NOM_ENC], [E_NOMG], [SERIE], [E_CODEGEST]) |     VALUES ('CO#990744/1GM', 'GEAR BOX 5', 'ENCOURS', 'FINAL ASSEMBLY', '0', 'F')
[2026-05-08 10:01:42] [VERBOSE] SQL stmt 646 OK on table [E_OF]
[2026-05-08 10:01:42] [VERBOSE][SQL] Run SQL stmt 647 on table [E_OF]: IF EXISTS (SELECT 1 FROM E_OF WHERE [E_NOF]='CO#990744/1GM_' AND [NOM_ENC]='ENCOURS') |     UPDATE E_OF SET [CODEARTIC]='GEAR BOX 5', [NOM_ENC]='ENCOURS', [E_NOMG]='FINAL ASSEMBLY', [SERIE]='0', [E_CODEGEST]='F' WHERE [E_NOF]='CO#990744/1GM_' AND [NOM_ENC]='ENCOURS' | ELSE |     INSERT INTO E_OF ([E_NOF], [CODEARTIC], [NOM_ENC], [E_NOMG], [SERIE], [E_CODEGEST]) |     VALUES ('CO#990744/1GM_', 'GEAR BOX 5', 'ENCOURS', 'FINAL ASSEMBLY', '0', 'F')
[2026-05-08 10:01:42] [VERBOSE] SQL stmt 647 OK on table [E_OF]
[2026-05-08 10:01:42] [VERBOSE][SQL] Run SQL stmt 648 on table [E_OF]: IF EXISTS (SELECT 1 FROM E_OF WHERE [E_NOF]='CO#990745/1GM' AND [NOM_ENC]='ENCOURS') |     UPDATE E_OF SET [CODEARTIC]='GEAR BOX 5', [NOM_ENC]='ENCOURS', [E_NOMG]='FINAL ASSEMBLY', [SERIE]='0', [E_CODEGEST]='F' WHERE [E_NOF]='CO#990745/1GM' AND [NOM_ENC]='ENCOURS' | ELSE |     INSERT INTO E_OF ([E_NOF], [CODEARTIC], [NOM_ENC], [E_NOMG], [SERIE], [E_CODEGEST]) |     VALUES ('CO#990745/1GM', 'GEAR BOX 5', 'ENCOURS', 'FINAL ASSEMBLY', '0', 'F')
[2026-05-08 10:01:42] [VERBOSE] SQL stmt 648 OK on table [E_OF]
[2026-05-08 10:01:42] [VERBOSE][SQL] Run SQL stmt 649 on table [E_OF]: IF EXISTS (SELECT 1 FROM E_OF WHERE [E_NOF]='CO#992713/1PSA' AND [NOM_ENC]='ENCOURS') |     UPDATE E_OF SET [CODEARTIC]='GEAR BOX 5', [NOM_ENC]='ENCOURS', [E_NOMG]='FINAL ASSEMBLY', [SERIE]='0', [E_CODEGEST]='F' WHERE [E_NOF]='CO#992713/1PSA' AND [NOM_ENC]='ENCOURS' | ELSE |     INSERT INTO E_OF ([E_NOF], [CODEARTIC], [NOM_ENC], [E_NOMG], [SERIE], [E_CODEGEST]) |     VALUES ('CO#992713/1PSA', 'GEAR BOX 5', 'ENCOURS', 'FINAL ASSEMBLY', '0', 'F')
[2026-05-08 10:01:42] [VERBOSE] SQL stmt 649 OK on table [E_OF]
[2026-05-08 10:01:42] [VERBOSE][SQL] Run SQL stmt 650 on table [B_OF]: IF NOT EXISTS (SELECT 1 FROM B_OF WHERE NOF='CO#990702/1FIAT') |     INSERT INTO B_OF (NOF, CODEARTIC, NOMG, SERIE, VER_ART, QTE, DPLUSTOT, FPLUSTARD, CODEGEST, ETATOF, VER_EFFET_DEBUT, VER_EFFET_FIN) |     VALUES ('CO#990702/1FIAT', 'GEAR BOX 5', 'FINAL ASSEMBLY', '0', '00', 125.000, CONVERT(datetime,'01/04/2023 00:00',103), CONVERT(datetime,'15/04/2023 23:59',103), 'F', 'S', CONVERT(datetime,'01/01/1995',103), CONVERT(datetime,'01/01/2050',103))
[2026-05-08 10:01:42] [VERBOSE] SQL stmt 650 OK on table [B_OF]
[2026-05-08 10:01:42] [VERBOSE][SQL] Run SQL stmt 651 on table [B_OF]: IF NOT EXISTS (SELECT 1 FROM B_OF WHERE NOF='CO#990702/1FIAT_') |     INSERT INTO B_OF (NOF, CODEARTIC, NOMG, SERIE, VER_ART, QTE, DPLUSTOT, FPLUSTARD, CODEGEST, ETATOF, VER_EFFET_DEBUT, VER_EFFET_FIN) |     VALUES ('CO#990702/1FIAT_', 'GEAR BOX 5', 'FINAL ASSEMBLY', '0', '00', 125.000, CONVERT(datetime,'01/04/2023 00:00',103), CONVERT(datetime,'10/04/2023 23:59',103), 'F', 'S', CONVERT(datetime,'01/01/1995',103), CONVERT(datetime,'01/01/2050',103))
[2026-05-08 10:01:42] [VERBOSE] SQL stmt 651 OK on table [B_OF]
[2026-05-08 10:01:42] [VERBOSE][SQL] Run SQL stmt 652 on table [B_OF]: IF NOT EXISTS (SELECT 1 FROM B_OF WHERE NOF='CO#990702/2FIAT') |     INSERT INTO B_OF (NOF, CODEARTIC, NOMG, SERIE, VER_ART, QTE, DPLUSTOT, FPLUSTARD, CODEGEST, ETATOF, VER_EFFET_DEBUT, VER_EFFET_FIN) |     VALUES ('CO#990702/2FIAT', 'GEAR BOX 4', 'FINAL ASSEMBLY', '0', '00', 125.000, CONVERT(datetime,'01/04/2023 00:00',103), CONVERT(datetime,'15/04/2023 23:59',103), 'F', 'S', CONVERT(datetime,'01/01/1995',103), CONVERT(datetime,'01/01/2050',103))
[2026-05-08 10:01:42] [VERBOSE] SQL stmt 652 OK on table [B_OF]
[2026-05-08 10:01:42] [VERBOSE][SQL] Run SQL stmt 653 on table [B_OF]: IF NOT EXISTS (SELECT 1 FROM B_OF WHERE NOF='CO#990702/2FIAT_') |     INSERT INTO B_OF (NOF, CODEARTIC, NOMG, SERIE, VER_ART, QTE, DPLUSTOT, FPLUSTARD, CODEGEST, ETATOF, VER_EFFET_DEBUT, VER_EFFET_FIN) |     VALUES ('CO#990702/2FIAT_', 'GEAR BOX 4', 'FINAL ASSEMBLY', '0', '00', 125.000, CONVERT(datetime,'01/05/2023 00:00',103), CONVERT(datetime,'15/05/2023 23:59',103), 'F', 'S', CONVERT(datetime,'01/01/1995',103), CONVERT(datetime,'01/01/2050',103))
[2026-05-08 10:01:42] [VERBOSE] SQL stmt 653 OK on table [B_OF]
[2026-05-08 10:01:42] [VERBOSE][SQL] Run SQL stmt 654 on table [B_OF]: IF NOT EXISTS (SELECT 1 FROM B_OF WHERE NOF='CO#990703/1TOYO') |     INSERT INTO B_OF (NOF, CODEARTIC, NOMG, SERIE, VER_ART, QTE, DPLUSTOT, FPLUSTARD, CODEGEST, ETATOF, VER_EFFET_DEBUT, VER_EFFET_FIN) |     VALUES ('CO#990703/1TOYO', 'GEAR BOX 6', 'FINAL ASSEMBLY', '0', '00', 250.000, CONVERT(datetime,'01/04/2023 00:00',103), CONVERT(datetime,'15/04/2023 23:59',103), 'F', 'S', CONVERT(datetime,'01/01/1995',103), CONVERT(datetime,'01/01/2050',103))
[2026-05-08 10:01:43] [VERBOSE] SQL stmt 654 OK on table [B_OF]
[2026-05-08 10:01:43] [VERBOSE][SQL] Run SQL stmt 655 on table [B_OF]: IF NOT EXISTS (SELECT 1 FROM B_OF WHERE NOF='CO#990703/1TOYO_') |     INSERT INTO B_OF (NOF, CODEARTIC, NOMG, SERIE, VER_ART, QTE, DPLUSTOT, FPLUSTARD, CODEGEST, ETATOF, VER_EFFET_DEBUT, VER_EFFET_FIN) |     VALUES ('CO#990703/1TOYO_', 'GEAR BOX 6', 'FINAL ASSEMBLY', '0', '00', 250.000, CONVERT(datetime,'01/05/2023 00:00',103), CONVERT(datetime,'15/05/2023 23:59',103), 'F', 'S', CONVERT(datetime,'01/01/1995',103), CONVERT(datetime,'01/01/2050',103))
[2026-05-08 10:01:43] [VERBOSE] SQL stmt 655 OK on table [B_OF]
[2026-05-08 10:01:43] [VERBOSE][SQL] Run SQL stmt 656 on table [B_OF]: IF NOT EXISTS (SELECT 1 FROM B_OF WHERE NOF='CO#990704/1GM') |     INSERT INTO B_OF (NOF, CODEARTIC, NOMG, SERIE, VER_ART, QTE, DPLUSTOT, FPLUSTARD, CODEGEST, ETATOF, VER_EFFET_DEBUT, VER_EFFET_FIN) |     VALUES ('CO#990704/1GM', 'GEAR BOX 4', 'FINAL ASSEMBLY', '0', '00', 100.000, CONVERT(datetime,'01/04/2023 00:00',103), CONVERT(datetime,'15/04/2023 23:59',103), 'F', 'S', CONVERT(datetime,'01/01/1995',103), CONVERT(datetime,'01/01/2050',103))
[2026-05-08 10:01:43] [VERBOSE] SQL stmt 656 OK on table [B_OF]
[2026-05-08 10:01:43] [VERBOSE][SQL] Run SQL stmt 657 on table [B_OF]: IF NOT EXISTS (SELECT 1 FROM B_OF WHERE NOF='CO#990704/1GM_') |     INSERT INTO B_OF (NOF, CODEARTIC, NOMG, SERIE, VER_ART, QTE, DPLUSTOT, FPLUSTARD, CODEGEST, ETATOF, VER_EFFET_DEBUT, VER_EFFET_FIN) |     VALUES ('CO#990704/1GM_', 'GEAR BOX 4', 'FINAL ASSEMBLY', '0', '00', 100.000, CONVERT(datetime,'01/05/2023 00:00',103), CONVERT(datetime,'15/05/2023 23:59',103), 'F', 'S', CONVERT(datetime,'01/01/1995',103), CONVERT(datetime,'01/01/2050',103))
[2026-05-08 10:01:43] [VERBOSE] SQL stmt 657 OK on table [B_OF]
[2026-05-08 10:01:43] [VERBOSE][SQL] Run SQL stmt 658 on table [B_OF]: IF NOT EXISTS (SELECT 1 FROM B_OF WHERE NOF='CO#990704/2GM') |     INSERT INTO B_OF (NOF, CODEARTIC, NOMG, SERIE, VER_ART, QTE, DPLUSTOT, FPLUSTARD, CODEGEST, ETATOF, VER_EFFET_DEBUT, VER_EFFET_FIN) |     VALUES ('CO#990704/2GM', 'GEAR BOX 5', 'FINAL ASSEMBLY', '0', '00', 250.000, CONVERT(datetime,'01/04/2023 00:00',103), CONVERT(datetime,'15/04/2023 23:59',103), 'F', 'S', CONVERT(datetime,'01/01/1995',103), CONVERT(datetime,'01/01/2050',103))
[2026-05-08 10:01:43] [VERBOSE] SQL stmt 658 OK on table [B_OF]
[2026-05-08 10:01:43] [VERBOSE][SQL] Run SQL stmt 659 on table [B_OF]: IF NOT EXISTS (SELECT 1 FROM B_OF WHERE NOF='CO#990704/2GM_') |     INSERT INTO B_OF (NOF, CODEARTIC, NOMG, SERIE, VER_ART, QTE, DPLUSTOT, FPLUSTARD, CODEGEST, ETATOF, VER_EFFET_DEBUT, VER_EFFET_FIN) |     VALUES ('CO#990704/2GM_', 'GEAR BOX 5', 'FINAL ASSEMBLY', '0', '00', 250.000, CONVERT(datetime,'01/05/2023 00:00',103), CONVERT(datetime,'15/05/2023 23:59',103), 'F', 'S', CONVERT(datetime,'01/01/1995',103), CONVERT(datetime,'01/01/2050',103))
[2026-05-08 10:01:43] [VERBOSE] SQL stmt 659 OK on table [B_OF]
[2026-05-08 10:01:43] [VERBOSE][SQL] Run SQL stmt 660 on table [B_OF]: IF NOT EXISTS (SELECT 1 FROM B_OF WHERE NOF='CO#990712/1RNLT') |     INSERT INTO B_OF (NOF, CODEARTIC, NOMG, SERIE, VER_ART, QTE, DPLUSTOT, FPLUSTARD, CODEGEST, ETATOF, VER_EFFET_DEBUT, VER_EFFET_FIN) |     VALUES ('CO#990712/1RNLT', 'GEAR BOX AUTOMATIC', 'FINAL ASSEMBLY', '0', '00', 150.000, CONVERT(datetime,'01/04/2023 00:00',103), CONVERT(datetime,'15/04/2023 23:59',103), 'F', 'S', CONVERT(datetime,'01/01/1995',103), CONVERT(datetime,'01/01/2050',103))
[2026-05-08 10:01:43] [VERBOSE] SQL stmt 660 OK on table [B_OF]
[2026-05-08 10:01:43] [VERBOSE][SQL] Run SQL stmt 661 on table [B_OF]: IF NOT EXISTS (SELECT 1 FROM B_OF WHERE NOF='CO#990712/2RNLT') |     INSERT INTO B_OF (NOF, CODEARTIC, NOMG, SERIE, VER_ART, QTE, DPLUSTOT, FPLUSTARD, CODEGEST, ETATOF, VER_EFFET_DEBUT, VER_EFFET_FIN) |     VALUES ('CO#990712/2RNLT', 'GEAR BOX 4', 'FINAL ASSEMBLY', '0', '00', 150.000, CONVERT(datetime,'01/04/2023 00:00',103), CONVERT(datetime,'15/04/2023 23:59',103), 'F', 'S', CONVERT(datetime,'01/01/1995',103), CONVERT(datetime,'01/01/2050',103))
[2026-05-08 10:01:43] [VERBOSE] SQL stmt 661 OK on table [B_OF]
[2026-05-08 10:01:43] [VERBOSE][SQL] Run SQL stmt 662 on table [B_OF]: IF NOT EXISTS (SELECT 1 FROM B_OF WHERE NOF='CO#990712/2RNLT_') |     INSERT INTO B_OF (NOF, CODEARTIC, NOMG, SERIE, VER_ART, QTE, DPLUSTOT, FPLUSTARD, CODEGEST, ETATOF, VER_EFFET_DEBUT, VER_EFFET_FIN) |     VALUES ('CO#990712/2RNLT_', 'GEAR BOX 4', 'FINAL ASSEMBLY', '0', '00', 150.000, CONVERT(datetime,'01/05/2023 00:00',103), CONVERT(datetime,'15/05/2023 23:59',103), 'F', 'S', CONVERT(datetime,'01/01/1995',103), CONVERT(datetime,'01/01/2050',103))
[2026-05-08 10:01:43] [VERBOSE] SQL stmt 662 OK on table [B_OF]
[2026-05-08 10:01:43] [VERBOSE][SQL] Run SQL stmt 663 on table [B_OF]: IF NOT EXISTS (SELECT 1 FROM B_OF WHERE NOF='CO#990713/1PSA') |     INSERT INTO B_OF (NOF, CODEARTIC, NOMG, SERIE, VER_ART, QTE, DPLUSTOT, FPLUSTARD, CODEGEST, ETATOF, VER_EFFET_DEBUT, VER_EFFET_FIN) |     VALUES ('CO#990713/1PSA', 'GEAR BOX AUTOMATIC', 'FINAL ASSEMBLY', '0', '00', 315.000, CONVERT(datetime,'08/04/2023 00:00',103), CONVERT(datetime,'23/04/2023 23:59',103), 'F', 'S', CONVERT(datetime,'01/01/1995',103), CONVERT(datetime,'01/01/2050',103))
[2026-05-08 10:01:43] [VERBOSE] SQL stmt 663 OK on table [B_OF]
[2026-05-08 10:01:43] [VERBOSE][SQL] Run SQL stmt 664 on table [B_OF]: IF NOT EXISTS (SELECT 1 FROM B_OF WHERE NOF='CO#990713/1PSA_') |     INSERT INTO B_OF (NOF, CODEARTIC, NOMG, SERIE, VER_ART, QTE, DPLUSTOT, FPLUSTARD, CODEGEST, ETATOF, VER_EFFET_DEBUT, VER_EFFET_FIN) |     VALUES ('CO#990713/1PSA_', 'GEAR BOX AUTOMATIC', 'FINAL ASSEMBLY', '0', '00', 315.000, CONVERT(datetime,'08/05/2023 00:00',103), CONVERT(datetime,'23/05/2023 23:59',103), 'F', 'S', CONVERT(datetime,'01/01/1995',103), CONVERT(datetime,'01/01/2050',103))
[2026-05-08 10:01:43] [VERBOSE] SQL stmt 664 OK on table [B_OF]
[2026-05-08 10:01:43] [VERBOSE][SQL] Run SQL stmt 665 on table [B_OF]: IF NOT EXISTS (SELECT 1 FROM B_OF WHERE NOF='CO#990713/2PSA') |     INSERT INTO B_OF (NOF, CODEARTIC, NOMG, SERIE, VER_ART, QTE, DPLUSTOT, FPLUSTARD, CODEGEST, ETATOF, VER_EFFET_DEBUT, VER_EFFET_FIN) |     VALUES ('CO#990713/2PSA', 'GEAR BOX 4', 'FINAL ASSEMBLY', '0', '00', 290.000, CONVERT(datetime,'08/04/2023 00:00',103), CONVERT(datetime,'22/04/2023 23:59',103), 'F', 'S', CONVERT(datetime,'01/01/1995',103), CONVERT(datetime,'01/01/2050',103))
[2026-05-08 10:01:43] [VERBOSE] SQL stmt 665 OK on table [B_OF]
[2026-05-08 10:01:43] [VERBOSE][SQL] Run SQL stmt 666 on table [B_OF]: IF NOT EXISTS (SELECT 1 FROM B_OF WHERE NOF='CO#990713/2PSA_') |     INSERT INTO B_OF (NOF, CODEARTIC, NOMG, SERIE, VER_ART, QTE, DPLUSTOT, FPLUSTARD, CODEGEST, ETATOF, VER_EFFET_DEBUT, VER_EFFET_FIN) |     VALUES ('CO#990713/2PSA_', 'GEAR BOX 4', 'FINAL ASSEMBLY', '0', '00', 290.000, CONVERT(datetime,'08/05/2023 00:00',103), CONVERT(datetime,'23/05/2023 23:59',103), 'F', 'S', CONVERT(datetime,'01/01/1995',103), CONVERT(datetime,'01/01/2050',103))
[2026-05-08 10:01:43] [VERBOSE] SQL stmt 666 OK on table [B_OF]
[2026-05-08 10:01:43] [VERBOSE][SQL] Run SQL stmt 667 on table [B_OF]: IF NOT EXISTS (SELECT 1 FROM B_OF WHERE NOF='CO#990713/3PSA') |     INSERT INTO B_OF (NOF, CODEARTIC, NOMG, SERIE, VER_ART, QTE, DPLUSTOT, FPLUSTARD, CODEGEST, ETATOF, VER_EFFET_DEBUT, VER_EFFET_FIN) |     VALUES ('CO#990713/3PSA', 'GEAR BOX 5', 'FINAL ASSEMBLY', '0', '00', 265.000, CONVERT(datetime,'08/05/2023 00:00',103), CONVERT(datetime,'23/05/2023 23:59',103), 'F', 'S', CONVERT(datetime,'01/01/1995',103), CONVERT(datetime,'01/01/2050',103))
[2026-05-08 10:01:43] [VERBOSE] SQL stmt 667 OK on table [B_OF]
[2026-05-08 10:01:43] [VERBOSE][SQL] Run SQL stmt 668 on table [B_OF]: IF NOT EXISTS (SELECT 1 FROM B_OF WHERE NOF='CO#990713/3PSA_') |     INSERT INTO B_OF (NOF, CODEARTIC, NOMG, SERIE, VER_ART, QTE, DPLUSTOT, FPLUSTARD, CODEGEST, ETATOF, VER_EFFET_DEBUT, VER_EFFET_FIN) |     VALUES ('CO#990713/3PSA_', 'GEAR BOX 5', 'FINAL ASSEMBLY', '0', '00', 265.000, CONVERT(datetime,'08/05/2023 00:00',103), CONVERT(datetime,'23/05/2023 23:59',103), 'F', 'S', CONVERT(datetime,'01/01/1995',103), CONVERT(datetime,'01/01/2050',103))
[2026-05-08 10:01:43] [VERBOSE] SQL stmt 668 OK on table [B_OF]
[2026-05-08 10:01:43] [VERBOSE][SQL] Run SQL stmt 669 on table [B_OF]: IF NOT EXISTS (SELECT 1 FROM B_OF WHERE NOF='CO#990713/4PSA') |     INSERT INTO B_OF (NOF, CODEARTIC, NOMG, SERIE, VER_ART, QTE, DPLUSTOT, FPLUSTARD, CODEGEST, ETATOF, VER_EFFET_DEBUT, VER_EFFET_FIN) |     VALUES ('CO#990713/4PSA', 'GEAR BOX 6', 'FINAL ASSEMBLY', '0', '00', 280.000, CONVERT(datetime,'08/04/2023 00:00',103), CONVERT(datetime,'22/04/2023 23:59',103), 'F', 'S', CONVERT(datetime,'01/01/1995',103), CONVERT(datetime,'01/01/2050',103))
[2026-05-08 10:01:43] [VERBOSE] SQL stmt 669 OK on table [B_OF]
[2026-05-08 10:01:43] [VERBOSE][SQL] Run SQL stmt 670 on table [B_OF]: IF NOT EXISTS (SELECT 1 FROM B_OF WHERE NOF='CO#990713/4PSA_') |     INSERT INTO B_OF (NOF, CODEARTIC, NOMG, SERIE, VER_ART, QTE, DPLUSTOT, FPLUSTARD, CODEGEST, ETATOF, VER_EFFET_DEBUT, VER_EFFET_FIN) |     VALUES ('CO#990713/4PSA_', 'GEAR BOX 6', 'FINAL ASSEMBLY', '0', '00', 280.000, CONVERT(datetime,'08/05/2023 00:00',103), CONVERT(datetime,'22/05/2023 23:59',103), 'F', 'S', CONVERT(datetime,'01/01/1995',103), CONVERT(datetime,'01/01/2050',103))
[2026-05-08 10:01:43] [VERBOSE] SQL stmt 670 OK on table [B_OF]
[2026-05-08 10:01:44] [VERBOSE][SQL] Run SQL stmt 671 on table [B_OF]: IF NOT EXISTS (SELECT 1 FROM B_OF WHERE NOF='CO#990714/1RNLT') |     INSERT INTO B_OF (NOF, CODEARTIC, NOMG, SERIE, VER_ART, QTE, DPLUSTOT, FPLUSTARD, CODEGEST, ETATOF, VER_EFFET_DEBUT, VER_EFFET_FIN) |     VALUES ('CO#990714/1RNLT', 'GEAR BOX 5', 'FINAL ASSEMBLY', '0', '00', 300.000, CONVERT(datetime,'15/04/2023 00:00',103), CONVERT(datetime,'30/04/2023 23:59',103), 'F', 'S', CONVERT(datetime,'01/01/1995',103), CONVERT(datetime,'01/01/2050',103))
[2026-05-08 10:01:44] [VERBOSE] SQL stmt 671 OK on table [B_OF]
[2026-05-08 10:01:44] [VERBOSE][SQL] Run SQL stmt 672 on table [B_OF]: IF NOT EXISTS (SELECT 1 FROM B_OF WHERE NOF='CO#990714/2RNLT') |     INSERT INTO B_OF (NOF, CODEARTIC, NOMG, SERIE, VER_ART, QTE, DPLUSTOT, FPLUSTARD, CODEGEST, ETATOF, VER_EFFET_DEBUT, VER_EFFET_FIN) |     VALUES ('CO#990714/2RNLT', 'GEAR BOX 6', 'FINAL ASSEMBLY', '0', '00', 300.000, CONVERT(datetime,'15/04/2023 00:00',103), CONVERT(datetime,'30/04/2023 23:59',103), 'F', 'S', CONVERT(datetime,'01/01/1995',103), CONVERT(datetime,'01/01/2050',103))
[2026-05-08 10:01:44] [VERBOSE] SQL stmt 672 OK on table [B_OF]
[2026-05-08 10:01:44] [VERBOSE][SQL] Run SQL stmt 673 on table [B_OF]: IF NOT EXISTS (SELECT 1 FROM B_OF WHERE NOF='CO#990714/2RNLT_') |     INSERT INTO B_OF (NOF, CODEARTIC, NOMG, SERIE, VER_ART, QTE, DPLUSTOT, FPLUSTARD, CODEGEST, ETATOF, VER_EFFET_DEBUT, VER_EFFET_FIN) |     VALUES ('CO#990714/2RNLT_', 'GEAR BOX 6', 'FINAL ASSEMBLY', '0', '00', 300.000, CONVERT(datetime,'15/05/2023 00:00',103), CONVERT(datetime,'30/05/2023 23:59',103), 'F', 'S', CONVERT(datetime,'01/01/1995',103), CONVERT(datetime,'01/01/2050',103))
[2026-05-08 10:01:44] [VERBOSE] SQL stmt 673 OK on table [B_OF]
[2026-05-08 10:01:44] [VERBOSE][SQL] Run SQL stmt 674 on table [B_OF]: IF NOT EXISTS (SELECT 1 FROM B_OF WHERE NOF='CO#990742/1FIAT') |     INSERT INTO B_OF (NOF, CODEARTIC, NOMG, SERIE, VER_ART, QTE, DPLUSTOT, FPLUSTARD, CODEGEST, ETATOF, VER_EFFET_DEBUT, VER_EFFET_FIN) |     VALUES ('CO#990742/1FIAT', 'GEAR BOX AUTOMATIC', 'FINAL ASSEMBLY', '0', '00', 550.000, CONVERT(datetime,'15/04/2023 00:00',103), CONVERT(datetime,'30/04/2023 23:59',103), 'F', 'S', CONVERT(datetime,'01/01/1995',103), CONVERT(datetime,'01/01/2050',103))
[2026-05-08 10:01:44] [VERBOSE] SQL stmt 674 OK on table [B_OF]
[2026-05-08 10:01:44] [VERBOSE][SQL] Run SQL stmt 675 on table [B_OF]: IF NOT EXISTS (SELECT 1 FROM B_OF WHERE NOF='CO#990742/1FIAT_') |     INSERT INTO B_OF (NOF, CODEARTIC, NOMG, SERIE, VER_ART, QTE, DPLUSTOT, FPLUSTARD, CODEGEST, ETATOF, VER_EFFET_DEBUT, VER_EFFET_FIN) |     VALUES ('CO#990742/1FIAT_', 'GEAR BOX AUTOMATIC', 'FINAL ASSEMBLY', '0', '00', 550.000, CONVERT(datetime,'15/05/2023 00:00',103), CONVERT(datetime,'30/05/2023 23:59',103), 'F', 'S', CONVERT(datetime,'01/01/1995',103), CONVERT(datetime,'01/01/2050',103))
[2026-05-08 10:01:44] [VERBOSE] SQL stmt 675 OK on table [B_OF]
[2026-05-08 10:01:44] [VERBOSE][SQL] Run SQL stmt 676 on table [B_OF]: IF NOT EXISTS (SELECT 1 FROM B_OF WHERE NOF='CO#990743/1TOYO') |     INSERT INTO B_OF (NOF, CODEARTIC, NOMG, SERIE, VER_ART, QTE, DPLUSTOT, FPLUSTARD, CODEGEST, ETATOF, VER_EFFET_DEBUT, VER_EFFET_FIN) |     VALUES ('CO#990743/1TOYO', 'GEAR BOX 5', 'FINAL ASSEMBLY', '0', '00', 185.000, CONVERT(datetime,'22/04/2023 00:00',103), CONVERT(datetime,'07/05/2023 23:59',103), 'F', 'S', CONVERT(datetime,'01/01/1995',103), CONVERT(datetime,'01/01/2050',103))
[2026-05-08 10:01:44] [VERBOSE] SQL stmt 676 OK on table [B_OF]
[2026-05-08 10:01:44] [VERBOSE][SQL] Run SQL stmt 677 on table [B_OF]: IF NOT EXISTS (SELECT 1 FROM B_OF WHERE NOF='CO#990743/1TOYO_') |     INSERT INTO B_OF (NOF, CODEARTIC, NOMG, SERIE, VER_ART, QTE, DPLUSTOT, FPLUSTARD, CODEGEST, ETATOF, VER_EFFET_DEBUT, VER_EFFET_FIN) |     VALUES ('CO#990743/1TOYO_', 'GEAR BOX 5', 'FINAL ASSEMBLY', '0', '00', 185.000, CONVERT(datetime,'22/05/2023 00:00',103), CONVERT(datetime,'07/06/2023 23:59',103), 'F', 'S', CONVERT(datetime,'01/01/1995',103), CONVERT(datetime,'01/01/2050',103))
[2026-05-08 10:01:44] [VERBOSE] SQL stmt 677 OK on table [B_OF]
[2026-05-08 10:01:44] [VERBOSE][SQL] Run SQL stmt 678 on table [B_OF]: IF NOT EXISTS (SELECT 1 FROM B_OF WHERE NOF='CO#990743/2TOYO') |     INSERT INTO B_OF (NOF, CODEARTIC, NOMG, SERIE, VER_ART, QTE, DPLUSTOT, FPLUSTARD, CODEGEST, ETATOF, VER_EFFET_DEBUT, VER_EFFET_FIN) |     VALUES ('CO#990743/2TOYO', 'GEAR BOX 4', 'FINAL ASSEMBLY', '0', '00', 185.000, CONVERT(datetime,'22/04/2023 00:00',103), CONVERT(datetime,'07/05/2023 23:59',103), 'F', 'S', CONVERT(datetime,'01/01/1995',103), CONVERT(datetime,'01/01/2050',103))
[2026-05-08 10:01:44] [VERBOSE] SQL stmt 678 OK on table [B_OF]
[2026-05-08 10:01:44] [VERBOSE][SQL] Run SQL stmt 679 on table [B_OF]: IF NOT EXISTS (SELECT 1 FROM B_OF WHERE NOF='CO#990743/2TOYO_') |     INSERT INTO B_OF (NOF, CODEARTIC, NOMG, SERIE, VER_ART, QTE, DPLUSTOT, FPLUSTARD, CODEGEST, ETATOF, VER_EFFET_DEBUT, VER_EFFET_FIN) |     VALUES ('CO#990743/2TOYO_', 'GEAR BOX 4', 'FINAL ASSEMBLY', '0', '00', 185.000, CONVERT(datetime,'22/05/2023 00:00',103), CONVERT(datetime,'07/06/2023 23:59',103), 'F', 'S', CONVERT(datetime,'01/01/1995',103), CONVERT(datetime,'01/01/2050',103))
[2026-05-08 10:01:44] [VERBOSE] SQL stmt 679 OK on table [B_OF]
[2026-05-08 10:01:44] [VERBOSE][SQL] Run SQL stmt 680 on table [B_OF]: IF NOT EXISTS (SELECT 1 FROM B_OF WHERE NOF='CO#990744/1GM') |     INSERT INTO B_OF (NOF, CODEARTIC, NOMG, SERIE, VER_ART, QTE, DPLUSTOT, FPLUSTARD, CODEGEST, ETATOF, VER_EFFET_DEBUT, VER_EFFET_FIN) |     VALUES ('CO#990744/1GM', 'GEAR BOX 5', 'FINAL ASSEMBLY', '0', '00', 410.000, CONVERT(datetime,'22/04/2023 00:00',103), CONVERT(datetime,'07/05/2023 23:59',103), 'F', 'S', CONVERT(datetime,'01/01/1995',103), CONVERT(datetime,'01/01/2050',103))
[2026-05-08 10:01:44] [VERBOSE] SQL stmt 680 OK on table [B_OF]
[2026-05-08 10:01:44] [VERBOSE][SQL] Run SQL stmt 681 on table [B_OF]: IF NOT EXISTS (SELECT 1 FROM B_OF WHERE NOF='CO#990744/1GM_') |     INSERT INTO B_OF (NOF, CODEARTIC, NOMG, SERIE, VER_ART, QTE, DPLUSTOT, FPLUSTARD, CODEGEST, ETATOF, VER_EFFET_DEBUT, VER_EFFET_FIN) |     VALUES ('CO#990744/1GM_', 'GEAR BOX 5', 'FINAL ASSEMBLY', '0', '00', 410.000, CONVERT(datetime,'22/05/2023 00:00',103), CONVERT(datetime,'07/06/2023 23:59',103), 'F', 'S', CONVERT(datetime,'01/01/1995',103), CONVERT(datetime,'01/01/2050',103))
[2026-05-08 10:01:44] [VERBOSE] SQL stmt 681 OK on table [B_OF]
[2026-05-08 10:01:44] [VERBOSE][SQL] Run SQL stmt 682 on table [B_OF]: IF NOT EXISTS (SELECT 1 FROM B_OF WHERE NOF='CO#990745/1GM') |     INSERT INTO B_OF (NOF, CODEARTIC, NOMG, SERIE, VER_ART, QTE, DPLUSTOT, FPLUSTARD, CODEGEST, ETATOF, VER_EFFET_DEBUT, VER_EFFET_FIN) |     VALUES ('CO#990745/1GM', 'GEAR BOX 5', 'FINAL ASSEMBLY', '0', '00', 200.000, CONVERT(datetime,'08/04/2023 00:00',103), CONVERT(datetime,'22/04/2023 23:59',103), 'F', 'S', CONVERT(datetime,'01/01/1995',103), CONVERT(datetime,'01/01/2050',103))
[2026-05-08 10:01:44] [VERBOSE] SQL stmt 682 OK on table [B_OF]
[2026-05-08 10:01:44] [VERBOSE][SQL] Run SQL stmt 683 on table [B_OF]: IF NOT EXISTS (SELECT 1 FROM B_OF WHERE NOF='CO#992713/1PSA') |     INSERT INTO B_OF (NOF, CODEARTIC, NOMG, SERIE, VER_ART, QTE, DPLUSTOT, FPLUSTARD, CODEGEST, ETATOF, VER_EFFET_DEBUT, VER_EFFET_FIN) |     VALUES ('CO#992713/1PSA', 'GEAR BOX 5', 'FINAL ASSEMBLY', '0', '00', 370.000, CONVERT(datetime,'22/04/2023 00:00',103), CONVERT(datetime,'07/05/2023 23:59',103), 'F', 'S', CONVERT(datetime,'01/01/1995',103), CONVERT(datetime,'01/01/2050',103))
[2026-05-08 10:01:44] [VERBOSE] SQL stmt 683 OK on table [B_OF]
[2026-05-08 10:01:44] [VERBOSE][SQL] Run SQL stmt 684 on table [B_BT]: IF NOT EXISTS (SELECT 1 FROM B_BT WHERE [E_NOF]='CO#990702/1FIAT' AND [NOM_ENC]='ENCOURS' AND [BT_NOPHASE]=0010) |     INSERT INTO B_BT ([E_NOF], [NOM_ENC], [BT_NOPHASE], [BT_OPE], [MACHINE], [BT_QTE], [BT_CODEGEST], [BT_FRACTION], [ILOT], [B_I_ILOT], [BT_CODEBASET], [BT_CST_CHARGE], [DATE_PLA]) |     VALUES ('CO#990702/1FIAT', 'ENCOURS', 0010, 'FINAL ASSEMBLY 0010', 'ASSEMBLY', 125.000, 'F', 0, 'ASSEMBLY', 'ASSEMBLY', 100, 0, CONVERT(datetime,'01/04/2023 00:00',103))
[2026-05-08 10:01:44] [VERBOSE] SQL stmt 684 OK on table [B_BT]
[2026-05-08 10:01:44] [VERBOSE][SQL] Run SQL stmt 685 on table [B_BT]: IF NOT EXISTS (SELECT 1 FROM B_BT WHERE [E_NOF]='CO#990702/1FIAT' AND [NOM_ENC]='ENCOURS' AND [BT_NOPHASE]=0020) |     INSERT INTO B_BT ([E_NOF], [NOM_ENC], [BT_NOPHASE], [BT_OPE], [MACHINE], [BT_QTE], [BT_CODEGEST], [BT_FRACTION], [ILOT], [B_I_ILOT], [BT_CODEBASET], [BT_CST_CHARGE], [DATE_PLA]) |     VALUES ('CO#990702/1FIAT', 'ENCOURS', 0020, 'FINAL ASSEMBLY 0020', 'MC', 125.000, 'F', 0, 'MC', 'MC', 100, 0, CONVERT(datetime,'01/04/2023 00:00',103))
[2026-05-08 10:01:44] [VERBOSE] SQL stmt 685 OK on table [B_BT]
[2026-05-08 10:01:44] [VERBOSE][SQL] Run SQL stmt 686 on table [B_BT]: IF NOT EXISTS (SELECT 1 FROM B_BT WHERE [E_NOF]='CO#990702/1FIAT' AND [NOM_ENC]='ENCOURS' AND [BT_NOPHASE]=0030) |     INSERT INTO B_BT ([E_NOF], [NOM_ENC], [BT_NOPHASE], [BT_OPE], [MACHINE], [BT_QTE], [BT_CODEGEST], [BT_FRACTION], [ILOT], [B_I_ILOT], [BT_CODEBASET], [BT_CST_CHARGE], [DATE_PLA]) |     VALUES ('CO#990702/1FIAT', 'ENCOURS', 0030, 'FINAL ASSEMBLY 0030', 'ASSEMBLY', 125.000, 'F', 0, 'ASSEMBLY', 'ASSEMBLY', 100, 0, CONVERT(datetime,'01/04/2023 00:00',103))
[2026-05-08 10:01:44] [VERBOSE] SQL stmt 686 OK on table [B_BT]
[2026-05-08 10:01:45] [VERBOSE][SQL] Run SQL stmt 687 on table [B_BT]: IF NOT EXISTS (SELECT 1 FROM B_BT WHERE [E_NOF]='CO#990702/1FIAT' AND [NOM_ENC]='ENCOURS' AND [BT_NOPHASE]=0040) |     INSERT INTO B_BT ([E_NOF], [NOM_ENC], [BT_NOPHASE], [BT_OPE], [MACHINE], [BT_QTE], [BT_CODEGEST], [BT_FRACTION], [ILOT], [B_I_ILOT], [BT_CODEBASET], [BT_CST_CHARGE], [DATE_PLA]) |     VALUES ('CO#990702/1FIAT', 'ENCOURS', 0040, 'PACKAGING', 'PACKAGING', 125.000, 'F', 0, 'PACKAGING', 'PACKAGING', 100, 0, CONVERT(datetime,'01/04/2023 00:00',103))
[2026-05-08 10:01:45] [VERBOSE] SQL stmt 687 OK on table [B_BT]
[2026-05-08 10:01:45] [VERBOSE][SQL] Run SQL stmt 688 on table [B_BT]: IF NOT EXISTS (SELECT 1 FROM B_BT WHERE [E_NOF]='CO#990702/1FIAT_' AND [NOM_ENC]='ENCOURS' AND [BT_NOPHASE]=0010) |     INSERT INTO B_BT ([E_NOF], [NOM_ENC], [BT_NOPHASE], [BT_OPE], [MACHINE], [BT_QTE], [BT_CODEGEST], [BT_FRACTION], [ILOT], [B_I_ILOT], [BT_CODEBASET], [BT_CST_CHARGE], [DATE_PLA]) |     VALUES ('CO#990702/1FIAT_', 'ENCOURS', 0010, 'FINAL ASSEMBLY 0010', 'ASSEMBLY', 125.000, 'F', 0, 'ASSEMBLY', 'ASSEMBLY', 100, 0, CONVERT(datetime,'01/04/2023 00:00',103))
[2026-05-08 10:01:45] [VERBOSE] SQL stmt 688 OK on table [B_BT]
[2026-05-08 10:01:45] [VERBOSE][SQL] Run SQL stmt 689 on table [B_BT]: IF NOT EXISTS (SELECT 1 FROM B_BT WHERE [E_NOF]='CO#990702/1FIAT_' AND [NOM_ENC]='ENCOURS' AND [BT_NOPHASE]=0020) |     INSERT INTO B_BT ([E_NOF], [NOM_ENC], [BT_NOPHASE], [BT_OPE], [MACHINE], [BT_QTE], [BT_CODEGEST], [BT_FRACTION], [ILOT], [B_I_ILOT], [BT_CODEBASET], [BT_CST_CHARGE], [DATE_PLA]) |     VALUES ('CO#990702/1FIAT_', 'ENCOURS', 0020, 'FINAL ASSEMBLY 0020', 'MC', 125.000, 'F', 0, 'MC', 'MC', 100, 0, CONVERT(datetime,'01/04/2023 00:00',103))
[2026-05-08 10:01:45] [VERBOSE] SQL stmt 689 OK on table [B_BT]
[2026-05-08 10:01:45] [VERBOSE][SQL] Run SQL stmt 690 on table [B_BT]: IF NOT EXISTS (SELECT 1 FROM B_BT WHERE [E_NOF]='CO#990702/1FIAT_' AND [NOM_ENC]='ENCOURS' AND [BT_NOPHASE]=0030) |     INSERT INTO B_BT ([E_NOF], [NOM_ENC], [BT_NOPHASE], [BT_OPE], [MACHINE], [BT_QTE], [BT_CODEGEST], [BT_FRACTION], [ILOT], [B_I_ILOT], [BT_CODEBASET], [BT_CST_CHARGE], [DATE_PLA]) |     VALUES ('CO#990702/1FIAT_', 'ENCOURS', 0030, 'FINAL ASSEMBLY 0030', 'ASSEMBLY', 125.000, 'F', 0, 'ASSEMBLY', 'ASSEMBLY', 100, 0, CONVERT(datetime,'01/04/2023 00:00',103))
[2026-05-08 10:01:45] [VERBOSE] SQL stmt 690 OK on table [B_BT]
[2026-05-08 10:01:45] [VERBOSE][SQL] Run SQL stmt 691 on table [B_BT]: IF NOT EXISTS (SELECT 1 FROM B_BT WHERE [E_NOF]='CO#990702/1FIAT_' AND [NOM_ENC]='ENCOURS' AND [BT_NOPHASE]=0040) |     INSERT INTO B_BT ([E_NOF], [NOM_ENC], [BT_NOPHASE], [BT_OPE], [MACHINE], [BT_QTE], [BT_CODEGEST], [BT_FRACTION], [ILOT], [B_I_ILOT], [BT_CODEBASET], [BT_CST_CHARGE], [DATE_PLA]) |     VALUES ('CO#990702/1FIAT_', 'ENCOURS', 0040, 'PACKAGING', 'PACKAGING', 125.000, 'F', 0, 'PACKAGING', 'PACKAGING', 100, 0, CONVERT(datetime,'01/04/2023 00:00',103))
[2026-05-08 10:01:45] [VERBOSE] SQL stmt 691 OK on table [B_BT]
[2026-05-08 10:01:45] [VERBOSE][SQL] Run SQL stmt 692 on table [B_BT]: IF NOT EXISTS (SELECT 1 FROM B_BT WHERE [E_NOF]='CO#990702/2FIAT' AND [NOM_ENC]='ENCOURS' AND [BT_NOPHASE]=0010) |     INSERT INTO B_BT ([E_NOF], [NOM_ENC], [BT_NOPHASE], [BT_OPE], [MACHINE], [BT_QTE], [BT_CODEGEST], [BT_FRACTION], [ILOT], [B_I_ILOT], [BT_CODEBASET], [BT_CST_CHARGE], [DATE_PLA]) |     VALUES ('CO#990702/2FIAT', 'ENCOURS', 0010, 'FINAL ASSEMBLY 0010', 'ASSEMBLY', 125.000, 'F', 0, 'ASSEMBLY', 'ASSEMBLY', 100, 0, CONVERT(datetime,'01/04/2023 00:00',103))
[2026-05-08 10:01:45] [VERBOSE] SQL stmt 692 OK on table [B_BT]
[2026-05-08 10:01:45] [VERBOSE][SQL] Run SQL stmt 693 on table [B_BT]: IF NOT EXISTS (SELECT 1 FROM B_BT WHERE [E_NOF]='CO#990702/2FIAT' AND [NOM_ENC]='ENCOURS' AND [BT_NOPHASE]=0020) |     INSERT INTO B_BT ([E_NOF], [NOM_ENC], [BT_NOPHASE], [BT_OPE], [MACHINE], [BT_QTE], [BT_CODEGEST], [BT_FRACTION], [ILOT], [B_I_ILOT], [BT_CODEBASET], [BT_CST_CHARGE], [DATE_PLA]) |     VALUES ('CO#990702/2FIAT', 'ENCOURS', 0020, 'FINAL ASSEMBLY 0020', 'MC', 125.000, 'F', 0, 'MC', 'MC', 100, 0, CONVERT(datetime,'01/04/2023 00:00',103))
[2026-05-08 10:01:45] [VERBOSE] SQL stmt 693 OK on table [B_BT]
[2026-05-08 10:01:45] [VERBOSE][SQL] Run SQL stmt 694 on table [B_BT]: IF NOT EXISTS (SELECT 1 FROM B_BT WHERE [E_NOF]='CO#990702/2FIAT' AND [NOM_ENC]='ENCOURS' AND [BT_NOPHASE]=0030) |     INSERT INTO B_BT ([E_NOF], [NOM_ENC], [BT_NOPHASE], [BT_OPE], [MACHINE], [BT_QTE], [BT_CODEGEST], [BT_FRACTION], [ILOT], [B_I_ILOT], [BT_CODEBASET], [BT_CST_CHARGE], [DATE_PLA]) |     VALUES ('CO#990702/2FIAT', 'ENCOURS', 0030, 'FINAL ASSEMBLY 0030', 'ASSEMBLY', 125.000, 'F', 0, 'ASSEMBLY', 'ASSEMBLY', 100, 0, CONVERT(datetime,'01/04/2023 00:00',103))
[2026-05-08 10:01:45] [VERBOSE] SQL stmt 694 OK on table [B_BT]
[2026-05-08 10:01:45] [VERBOSE][SQL] Run SQL stmt 695 on table [B_BT]: IF NOT EXISTS (SELECT 1 FROM B_BT WHERE [E_NOF]='CO#990702/2FIAT' AND [NOM_ENC]='ENCOURS' AND [BT_NOPHASE]=0040) |     INSERT INTO B_BT ([E_NOF], [NOM_ENC], [BT_NOPHASE], [BT_OPE], [MACHINE], [BT_QTE], [BT_CODEGEST], [BT_FRACTION], [ILOT], [B_I_ILOT], [BT_CODEBASET], [BT_CST_CHARGE], [DATE_PLA]) |     VALUES ('CO#990702/2FIAT', 'ENCOURS', 0040, 'PACKAGING', 'PACKAGING', 125.000, 'F', 0, 'PACKAGING', 'PACKAGING', 100, 0, CONVERT(datetime,'01/04/2023 00:00',103))
[2026-05-08 10:01:45] [VERBOSE] SQL stmt 695 OK on table [B_BT]
[2026-05-08 10:01:45] [VERBOSE][SQL] Run SQL stmt 696 on table [B_BT]: IF NOT EXISTS (SELECT 1 FROM B_BT WHERE [E_NOF]='CO#990702/2FIAT_' AND [NOM_ENC]='ENCOURS' AND [BT_NOPHASE]=0010) |     INSERT INTO B_BT ([E_NOF], [NOM_ENC], [BT_NOPHASE], [BT_OPE], [MACHINE], [BT_QTE], [BT_CODEGEST], [BT_FRACTION], [ILOT], [B_I_ILOT], [BT_CODEBASET], [BT_CST_CHARGE], [DATE_PLA]) |     VALUES ('CO#990702/2FIAT_', 'ENCOURS', 0010, 'FINAL ASSEMBLY 0010', 'ASSEMBLY', 125.000, 'F', 0, 'ASSEMBLY', 'ASSEMBLY', 100, 0, CONVERT(datetime,'01/05/2023 00:00',103))
[2026-05-08 10:01:45] [VERBOSE] SQL stmt 696 OK on table [B_BT]
[2026-05-08 10:01:45] [VERBOSE][SQL] Run SQL stmt 697 on table [B_BT]: IF NOT EXISTS (SELECT 1 FROM B_BT WHERE [E_NOF]='CO#990702/2FIAT_' AND [NOM_ENC]='ENCOURS' AND [BT_NOPHASE]=0020) |     INSERT INTO B_BT ([E_NOF], [NOM_ENC], [BT_NOPHASE], [BT_OPE], [MACHINE], [BT_QTE], [BT_CODEGEST], [BT_FRACTION], [ILOT], [B_I_ILOT], [BT_CODEBASET], [BT_CST_CHARGE], [DATE_PLA]) |     VALUES ('CO#990702/2FIAT_', 'ENCOURS', 0020, 'FINAL ASSEMBLY 0020', 'MC', 125.000, 'F', 0, 'MC', 'MC', 100, 0, CONVERT(datetime,'01/05/2023 00:00',103))
[2026-05-08 10:01:45] [VERBOSE] SQL stmt 697 OK on table [B_BT]
[2026-05-08 10:01:45] [VERBOSE][SQL] Run SQL stmt 698 on table [B_BT]: IF NOT EXISTS (SELECT 1 FROM B_BT WHERE [E_NOF]='CO#990702/2FIAT_' AND [NOM_ENC]='ENCOURS' AND [BT_NOPHASE]=0030) |     INSERT INTO B_BT ([E_NOF], [NOM_ENC], [BT_NOPHASE], [BT_OPE], [MACHINE], [BT_QTE], [BT_CODEGEST], [BT_FRACTION], [ILOT], [B_I_ILOT], [BT_CODEBASET], [BT_CST_CHARGE], [DATE_PLA]) |     VALUES ('CO#990702/2FIAT_', 'ENCOURS', 0030, 'FINAL ASSEMBLY 0030', 'ASSEMBLY', 125.000, 'F', 0, 'ASSEMBLY', 'ASSEMBLY', 100, 0, CONVERT(datetime,'01/05/2023 00:00',103))
[2026-05-08 10:01:45] [VERBOSE] SQL stmt 698 OK on table [B_BT]
[2026-05-08 10:01:45] [VERBOSE][SQL] Run SQL stmt 699 on table [B_BT]: IF NOT EXISTS (SELECT 1 FROM B_BT WHERE [E_NOF]='CO#990702/2FIAT_' AND [NOM_ENC]='ENCOURS' AND [BT_NOPHASE]=0040) |     INSERT INTO B_BT ([E_NOF], [NOM_ENC], [BT_NOPHASE], [BT_OPE], [MACHINE], [BT_QTE], [BT_CODEGEST], [BT_FRACTION], [ILOT], [B_I_ILOT], [BT_CODEBASET], [BT_CST_CHARGE], [DATE_PLA]) |     VALUES ('CO#990702/2FIAT_', 'ENCOURS', 0040, 'PACKAGING', 'PACKAGING', 125.000, 'F', 0, 'PACKAGING', 'PACKAGING', 100, 0, CONVERT(datetime,'01/05/2023 00:00',103))
[2026-05-08 10:01:45] [VERBOSE] SQL stmt 699 OK on table [B_BT]
[2026-05-08 10:01:45] [VERBOSE][SQL] Run SQL stmt 700 on table [B_BT]: IF NOT EXISTS (SELECT 1 FROM B_BT WHERE [E_NOF]='CO#990703/1TOYO' AND [NOM_ENC]='ENCOURS' AND [BT_NOPHASE]=0010) |     INSERT INTO B_BT ([E_NOF], [NOM_ENC], [BT_NOPHASE], [BT_OPE], [MACHINE], [BT_QTE], [BT_CODEGEST], [BT_FRACTION], [ILOT], [B_I_ILOT], [BT_CODEBASET], [BT_CST_CHARGE], [DATE_PLA]) |     VALUES ('CO#990703/1TOYO', 'ENCOURS', 0010, 'FINAL ASSEMBLY 0010', 'ASSEMBLY', 250.000, 'F', 0, 'ASSEMBLY', 'ASSEMBLY', 100, 0, CONVERT(datetime,'01/04/2023 00:00',103))
[2026-05-08 10:01:45] [VERBOSE] SQL stmt 700 OK on table [B_BT]
[2026-05-08 10:01:45] [VERBOSE][SQL] Run SQL stmt 701 on table [B_BT]: IF NOT EXISTS (SELECT 1 FROM B_BT WHERE [E_NOF]='CO#990703/1TOYO' AND [NOM_ENC]='ENCOURS' AND [BT_NOPHASE]=0020) |     INSERT INTO B_BT ([E_NOF], [NOM_ENC], [BT_NOPHASE], [BT_OPE], [MACHINE], [BT_QTE], [BT_CODEGEST], [BT_FRACTION], [ILOT], [B_I_ILOT], [BT_CODEBASET], [BT_CST_CHARGE], [DATE_PLA]) |     VALUES ('CO#990703/1TOYO', 'ENCOURS', 0020, 'FINAL ASSEMBLY 0020', 'MC', 250.000, 'F', 0, 'MC', 'MC', 100, 0, CONVERT(datetime,'01/04/2023 00:00',103))
[2026-05-08 10:01:45] [VERBOSE] SQL stmt 701 OK on table [B_BT]
[2026-05-08 10:01:45] [VERBOSE][SQL] Run SQL stmt 702 on table [B_BT]: IF NOT EXISTS (SELECT 1 FROM B_BT WHERE [E_NOF]='CO#990703/1TOYO' AND [NOM_ENC]='ENCOURS' AND [BT_NOPHASE]=0030) |     INSERT INTO B_BT ([E_NOF], [NOM_ENC], [BT_NOPHASE], [BT_OPE], [MACHINE], [BT_QTE], [BT_CODEGEST], [BT_FRACTION], [ILOT], [B_I_ILOT], [BT_CODEBASET], [BT_CST_CHARGE], [DATE_PLA]) |     VALUES ('CO#990703/1TOYO', 'ENCOURS', 0030, 'FINAL ASSEMBLY 0030', 'ASSEMBLY', 250.000, 'F', 0, 'ASSEMBLY', 'ASSEMBLY', 100, 0, CONVERT(datetime,'01/04/2023 00:00',103))
[2026-05-08 10:01:46] [VERBOSE] SQL stmt 702 OK on table [B_BT]
[2026-05-08 10:01:46] [VERBOSE][SQL] Run SQL stmt 703 on table [B_BT]: IF NOT EXISTS (SELECT 1 FROM B_BT WHERE [E_NOF]='CO#990703/1TOYO' AND [NOM_ENC]='ENCOURS' AND [BT_NOPHASE]=0040) |     INSERT INTO B_BT ([E_NOF], [NOM_ENC], [BT_NOPHASE], [BT_OPE], [MACHINE], [BT_QTE], [BT_CODEGEST], [BT_FRACTION], [ILOT], [B_I_ILOT], [BT_CODEBASET], [BT_CST_CHARGE], [DATE_PLA]) |     VALUES ('CO#990703/1TOYO', 'ENCOURS', 0040, 'PACKAGING', 'PACKAGING', 250.000, 'F', 0, 'PACKAGING', 'PACKAGING', 100, 0, CONVERT(datetime,'01/04/2023 00:00',103))
[2026-05-08 10:01:46] [VERBOSE] SQL stmt 703 OK on table [B_BT]
[2026-05-08 10:01:46] [VERBOSE][SQL] Run SQL stmt 704 on table [B_BT]: IF NOT EXISTS (SELECT 1 FROM B_BT WHERE [E_NOF]='CO#990703/1TOYO_' AND [NOM_ENC]='ENCOURS' AND [BT_NOPHASE]=0010) |     INSERT INTO B_BT ([E_NOF], [NOM_ENC], [BT_NOPHASE], [BT_OPE], [MACHINE], [BT_QTE], [BT_CODEGEST], [BT_FRACTION], [ILOT], [B_I_ILOT], [BT_CODEBASET], [BT_CST_CHARGE], [DATE_PLA]) |     VALUES ('CO#990703/1TOYO_', 'ENCOURS', 0010, 'FINAL ASSEMBLY 0010', 'ASSEMBLY', 250.000, 'F', 0, 'ASSEMBLY', 'ASSEMBLY', 100, 0, CONVERT(datetime,'01/05/2023 00:00',103))
[2026-05-08 10:01:46] [VERBOSE] SQL stmt 704 OK on table [B_BT]
[2026-05-08 10:01:46] [VERBOSE][SQL] Run SQL stmt 705 on table [B_BT]: IF NOT EXISTS (SELECT 1 FROM B_BT WHERE [E_NOF]='CO#990703/1TOYO_' AND [NOM_ENC]='ENCOURS' AND [BT_NOPHASE]=0020) |     INSERT INTO B_BT ([E_NOF], [NOM_ENC], [BT_NOPHASE], [BT_OPE], [MACHINE], [BT_QTE], [BT_CODEGEST], [BT_FRACTION], [ILOT], [B_I_ILOT], [BT_CODEBASET], [BT_CST_CHARGE], [DATE_PLA]) |     VALUES ('CO#990703/1TOYO_', 'ENCOURS', 0020, 'FINAL ASSEMBLY 0020', 'MC', 250.000, 'F', 0, 'MC', 'MC', 100, 0, CONVERT(datetime,'01/05/2023 00:00',103))
[2026-05-08 10:01:46] [VERBOSE] SQL stmt 705 OK on table [B_BT]
[2026-05-08 10:01:46] [VERBOSE][SQL] Run SQL stmt 706 on table [B_BT]: IF NOT EXISTS (SELECT 1 FROM B_BT WHERE [E_NOF]='CO#990703/1TOYO_' AND [NOM_ENC]='ENCOURS' AND [BT_NOPHASE]=0030) |     INSERT INTO B_BT ([E_NOF], [NOM_ENC], [BT_NOPHASE], [BT_OPE], [MACHINE], [BT_QTE], [BT_CODEGEST], [BT_FRACTION], [ILOT], [B_I_ILOT], [BT_CODEBASET], [BT_CST_CHARGE], [DATE_PLA]) |     VALUES ('CO#990703/1TOYO_', 'ENCOURS', 0030, 'FINAL ASSEMBLY 0030', 'ASSEMBLY', 250.000, 'F', 0, 'ASSEMBLY', 'ASSEMBLY', 100, 0, CONVERT(datetime,'01/05/2023 00:00',103))
[2026-05-08 10:01:46] [VERBOSE] SQL stmt 706 OK on table [B_BT]
[2026-05-08 10:01:46] [VERBOSE][SQL] Run SQL stmt 707 on table [B_BT]: IF NOT EXISTS (SELECT 1 FROM B_BT WHERE [E_NOF]='CO#990703/1TOYO_' AND [NOM_ENC]='ENCOURS' AND [BT_NOPHASE]=0040) |     INSERT INTO B_BT ([E_NOF], [NOM_ENC], [BT_NOPHASE], [BT_OPE], [MACHINE], [BT_QTE], [BT_CODEGEST], [BT_FRACTION], [ILOT], [B_I_ILOT], [BT_CODEBASET], [BT_CST_CHARGE], [DATE_PLA]) |     VALUES ('CO#990703/1TOYO_', 'ENCOURS', 0040, 'PACKAGING', 'PACKAGING', 250.000, 'F', 0, 'PACKAGING', 'PACKAGING', 100, 0, CONVERT(datetime,'01/05/2023 00:00',103))
[2026-05-08 10:01:46] [VERBOSE] SQL stmt 707 OK on table [B_BT]
[2026-05-08 10:01:46] [VERBOSE][SQL] Run SQL stmt 708 on table [B_BT]: IF NOT EXISTS (SELECT 1 FROM B_BT WHERE [E_NOF]='CO#990704/1GM' AND [NOM_ENC]='ENCOURS' AND [BT_NOPHASE]=0010) |     INSERT INTO B_BT ([E_NOF], [NOM_ENC], [BT_NOPHASE], [BT_OPE], [MACHINE], [BT_QTE], [BT_CODEGEST], [BT_FRACTION], [ILOT], [B_I_ILOT], [BT_CODEBASET], [BT_CST_CHARGE], [DATE_PLA]) |     VALUES ('CO#990704/1GM', 'ENCOURS', 0010, 'FINAL ASSEMBLY 0010', 'ASSEMBLY', 100.000, 'F', 0, 'ASSEMBLY', 'ASSEMBLY', 100, 0, CONVERT(datetime,'01/04/2023 00:00',103))
[2026-05-08 10:01:46] [VERBOSE] SQL stmt 708 OK on table [B_BT]
[2026-05-08 10:01:46] [VERBOSE][SQL] Run SQL stmt 709 on table [B_BT]: IF NOT EXISTS (SELECT 1 FROM B_BT WHERE [E_NOF]='CO#990704/1GM' AND [NOM_ENC]='ENCOURS' AND [BT_NOPHASE]=0020) |     INSERT INTO B_BT ([E_NOF], [NOM_ENC], [BT_NOPHASE], [BT_OPE], [MACHINE], [BT_QTE], [BT_CODEGEST], [BT_FRACTION], [ILOT], [B_I_ILOT], [BT_CODEBASET], [BT_CST_CHARGE], [DATE_PLA]) |     VALUES ('CO#990704/1GM', 'ENCOURS', 0020, 'FINAL ASSEMBLY 0020', 'MC', 100.000, 'F', 0, 'MC', 'MC', 100, 0, CONVERT(datetime,'01/04/2023 00:00',103))
[2026-05-08 10:01:46] [VERBOSE] SQL stmt 709 OK on table [B_BT]
[2026-05-08 10:01:46] [VERBOSE][SQL] Run SQL stmt 710 on table [B_BT]: IF NOT EXISTS (SELECT 1 FROM B_BT WHERE [E_NOF]='CO#990704/1GM' AND [NOM_ENC]='ENCOURS' AND [BT_NOPHASE]=0030) |     INSERT INTO B_BT ([E_NOF], [NOM_ENC], [BT_NOPHASE], [BT_OPE], [MACHINE], [BT_QTE], [BT_CODEGEST], [BT_FRACTION], [ILOT], [B_I_ILOT], [BT_CODEBASET], [BT_CST_CHARGE], [DATE_PLA]) |     VALUES ('CO#990704/1GM', 'ENCOURS', 0030, 'FINAL ASSEMBLY 0030', 'ASSEMBLY', 100.000, 'F', 0, 'ASSEMBLY', 'ASSEMBLY', 100, 0, CONVERT(datetime,'01/04/2023 00:00',103))
[2026-05-08 10:01:46] [VERBOSE] SQL stmt 710 OK on table [B_BT]
[2026-05-08 10:01:46] [VERBOSE][SQL] Run SQL stmt 711 on table [B_BT]: IF NOT EXISTS (SELECT 1 FROM B_BT WHERE [E_NOF]='CO#990704/1GM' AND [NOM_ENC]='ENCOURS' AND [BT_NOPHASE]=0040) |     INSERT INTO B_BT ([E_NOF], [NOM_ENC], [BT_NOPHASE], [BT_OPE], [MACHINE], [BT_QTE], [BT_CODEGEST], [BT_FRACTION], [ILOT], [B_I_ILOT], [BT_CODEBASET], [BT_CST_CHARGE], [DATE_PLA]) |     VALUES ('CO#990704/1GM', 'ENCOURS', 0040, 'PACKAGING', 'PACKAGING', 100.000, 'F', 0, 'PACKAGING', 'PACKAGING', 100, 0, CONVERT(datetime,'01/04/2023 00:00',103))
[2026-05-08 10:01:46] [VERBOSE] SQL stmt 711 OK on table [B_BT]
[2026-05-08 10:01:46] [VERBOSE][SQL] Run SQL stmt 712 on table [B_BT]: IF NOT EXISTS (SELECT 1 FROM B_BT WHERE [E_NOF]='CO#990704/1GM_' AND [NOM_ENC]='ENCOURS' AND [BT_NOPHASE]=0010) |     INSERT INTO B_BT ([E_NOF], [NOM_ENC], [BT_NOPHASE], [BT_OPE], [MACHINE], [BT_QTE], [BT_CODEGEST], [BT_FRACTION], [ILOT], [B_I_ILOT], [BT_CODEBASET], [BT_CST_CHARGE], [DATE_PLA]) |     VALUES ('CO#990704/1GM_', 'ENCOURS', 0010, 'FINAL ASSEMBLY 0010', 'ASSEMBLY', 100.000, 'F', 0, 'ASSEMBLY', 'ASSEMBLY', 100, 0, CONVERT(datetime,'01/05/2023 00:00',103))
[2026-05-08 10:01:46] [VERBOSE] SQL stmt 712 OK on table [B_BT]
[2026-05-08 10:01:46] [VERBOSE][SQL] Run SQL stmt 713 on table [B_BT]: IF NOT EXISTS (SELECT 1 FROM B_BT WHERE [E_NOF]='CO#990704/1GM_' AND [NOM_ENC]='ENCOURS' AND [BT_NOPHASE]=0020) |     INSERT INTO B_BT ([E_NOF], [NOM_ENC], [BT_NOPHASE], [BT_OPE], [MACHINE], [BT_QTE], [BT_CODEGEST], [BT_FRACTION], [ILOT], [B_I_ILOT], [BT_CODEBASET], [BT_CST_CHARGE], [DATE_PLA]) |     VALUES ('CO#990704/1GM_', 'ENCOURS', 0020, 'FINAL ASSEMBLY 0020', 'MC', 100.000, 'F', 0, 'MC', 'MC', 100, 0, CONVERT(datetime,'01/05/2023 00:00',103))
[2026-05-08 10:01:46] [VERBOSE] SQL stmt 713 OK on table [B_BT]
[2026-05-08 10:01:46] [VERBOSE][SQL] Run SQL stmt 714 on table [B_BT]: IF NOT EXISTS (SELECT 1 FROM B_BT WHERE [E_NOF]='CO#990704/1GM_' AND [NOM_ENC]='ENCOURS' AND [BT_NOPHASE]=0030) |     INSERT INTO B_BT ([E_NOF], [NOM_ENC], [BT_NOPHASE], [BT_OPE], [MACHINE], [BT_QTE], [BT_CODEGEST], [BT_FRACTION], [ILOT], [B_I_ILOT], [BT_CODEBASET], [BT_CST_CHARGE], [DATE_PLA]) |     VALUES ('CO#990704/1GM_', 'ENCOURS', 0030, 'FINAL ASSEMBLY 0030', 'ASSEMBLY', 100.000, 'F', 0, 'ASSEMBLY', 'ASSEMBLY', 100, 0, CONVERT(datetime,'01/05/2023 00:00',103))
[2026-05-08 10:01:46] [VERBOSE] SQL stmt 714 OK on table [B_BT]
[2026-05-08 10:01:46] [VERBOSE][SQL] Run SQL stmt 715 on table [B_BT]: IF NOT EXISTS (SELECT 1 FROM B_BT WHERE [E_NOF]='CO#990704/1GM_' AND [NOM_ENC]='ENCOURS' AND [BT_NOPHASE]=0040) |     INSERT INTO B_BT ([E_NOF], [NOM_ENC], [BT_NOPHASE], [BT_OPE], [MACHINE], [BT_QTE], [BT_CODEGEST], [BT_FRACTION], [ILOT], [B_I_ILOT], [BT_CODEBASET], [BT_CST_CHARGE], [DATE_PLA]) |     VALUES ('CO#990704/1GM_', 'ENCOURS', 0040, 'PACKAGING', 'PACKAGING', 100.000, 'F', 0, 'PACKAGING', 'PACKAGING', 100, 0, CONVERT(datetime,'01/05/2023 00:00',103))
[2026-05-08 10:01:46] [VERBOSE] SQL stmt 715 OK on table [B_BT]
[2026-05-08 10:01:46] [VERBOSE][SQL] Run SQL stmt 716 on table [B_BT]: IF NOT EXISTS (SELECT 1 FROM B_BT WHERE [E_NOF]='CO#990704/2GM' AND [NOM_ENC]='ENCOURS' AND [BT_NOPHASE]=0010) |     INSERT INTO B_BT ([E_NOF], [NOM_ENC], [BT_NOPHASE], [BT_OPE], [MACHINE], [BT_QTE], [BT_CODEGEST], [BT_FRACTION], [ILOT], [B_I_ILOT], [BT_CODEBASET], [BT_CST_CHARGE], [DATE_PLA]) |     VALUES ('CO#990704/2GM', 'ENCOURS', 0010, 'FINAL ASSEMBLY 0010', 'ASSEMBLY', 250.000, 'F', 0, 'ASSEMBLY', 'ASSEMBLY', 100, 0, CONVERT(datetime,'01/04/2023 00:00',103))
[2026-05-08 10:01:46] [VERBOSE] SQL stmt 716 OK on table [B_BT]
[2026-05-08 10:01:46] [VERBOSE][SQL] Run SQL stmt 717 on table [B_BT]: IF NOT EXISTS (SELECT 1 FROM B_BT WHERE [E_NOF]='CO#990704/2GM' AND [NOM_ENC]='ENCOURS' AND [BT_NOPHASE]=0020) |     INSERT INTO B_BT ([E_NOF], [NOM_ENC], [BT_NOPHASE], [BT_OPE], [MACHINE], [BT_QTE], [BT_CODEGEST], [BT_FRACTION], [ILOT], [B_I_ILOT], [BT_CODEBASET], [BT_CST_CHARGE], [DATE_PLA]) |     VALUES ('CO#990704/2GM', 'ENCOURS', 0020, 'FINAL ASSEMBLY 0020', 'MC', 250.000, 'F', 0, 'MC', 'MC', 100, 0, CONVERT(datetime,'01/04/2023 00:00',103))
[2026-05-08 10:01:46] [VERBOSE] SQL stmt 717 OK on table [B_BT]
[2026-05-08 10:01:47] [VERBOSE][SQL] Run SQL stmt 718 on table [B_BT]: IF NOT EXISTS (SELECT 1 FROM B_BT WHERE [E_NOF]='CO#990704/2GM' AND [NOM_ENC]='ENCOURS' AND [BT_NOPHASE]=0030) |     INSERT INTO B_BT ([E_NOF], [NOM_ENC], [BT_NOPHASE], [BT_OPE], [MACHINE], [BT_QTE], [BT_CODEGEST], [BT_FRACTION], [ILOT], [B_I_ILOT], [BT_CODEBASET], [BT_CST_CHARGE], [DATE_PLA]) |     VALUES ('CO#990704/2GM', 'ENCOURS', 0030, 'FINAL ASSEMBLY 0030', 'ASSEMBLY', 250.000, 'F', 0, 'ASSEMBLY', 'ASSEMBLY', 100, 0, CONVERT(datetime,'01/04/2023 00:00',103))
[2026-05-08 10:01:47] [VERBOSE] SQL stmt 718 OK on table [B_BT]
[2026-05-08 10:01:47] [VERBOSE][SQL] Run SQL stmt 719 on table [B_BT]: IF NOT EXISTS (SELECT 1 FROM B_BT WHERE [E_NOF]='CO#990704/2GM' AND [NOM_ENC]='ENCOURS' AND [BT_NOPHASE]=0040) |     INSERT INTO B_BT ([E_NOF], [NOM_ENC], [BT_NOPHASE], [BT_OPE], [MACHINE], [BT_QTE], [BT_CODEGEST], [BT_FRACTION], [ILOT], [B_I_ILOT], [BT_CODEBASET], [BT_CST_CHARGE], [DATE_PLA]) |     VALUES ('CO#990704/2GM', 'ENCOURS', 0040, 'PACKAGING', 'PACKAGING', 250.000, 'F', 0, 'PACKAGING', 'PACKAGING', 100, 0, CONVERT(datetime,'01/04/2023 00:00',103))
[2026-05-08 10:01:47] [VERBOSE] SQL stmt 719 OK on table [B_BT]
[2026-05-08 10:01:47] [VERBOSE][SQL] Run SQL stmt 720 on table [B_BT]: IF NOT EXISTS (SELECT 1 FROM B_BT WHERE [E_NOF]='CO#990704/2GM_' AND [NOM_ENC]='ENCOURS' AND [BT_NOPHASE]=0010) |     INSERT INTO B_BT ([E_NOF], [NOM_ENC], [BT_NOPHASE], [BT_OPE], [MACHINE], [BT_QTE], [BT_CODEGEST], [BT_FRACTION], [ILOT], [B_I_ILOT], [BT_CODEBASET], [BT_CST_CHARGE], [DATE_PLA]) |     VALUES ('CO#990704/2GM_', 'ENCOURS', 0010, 'FINAL ASSEMBLY 0010', 'ASSEMBLY', 250.000, 'F', 0, 'ASSEMBLY', 'ASSEMBLY', 100, 0, CONVERT(datetime,'01/05/2023 00:00',103))
[2026-05-08 10:01:47] [VERBOSE] SQL stmt 720 OK on table [B_BT]
[2026-05-08 10:01:47] [VERBOSE][SQL] Run SQL stmt 721 on table [B_BT]: IF NOT EXISTS (SELECT 1 FROM B_BT WHERE [E_NOF]='CO#990704/2GM_' AND [NOM_ENC]='ENCOURS' AND [BT_NOPHASE]=0020) |     INSERT INTO B_BT ([E_NOF], [NOM_ENC], [BT_NOPHASE], [BT_OPE], [MACHINE], [BT_QTE], [BT_CODEGEST], [BT_FRACTION], [ILOT], [B_I_ILOT], [BT_CODEBASET], [BT_CST_CHARGE], [DATE_PLA]) |     VALUES ('CO#990704/2GM_', 'ENCOURS', 0020, 'FINAL ASSEMBLY 0020', 'MC', 250.000, 'F', 0, 'MC', 'MC', 100, 0, CONVERT(datetime,'01/05/2023 00:00',103))
[2026-05-08 10:01:47] [VERBOSE] SQL stmt 721 OK on table [B_BT]
[2026-05-08 10:01:47] [VERBOSE][SQL] Run SQL stmt 722 on table [B_BT]: IF NOT EXISTS (SELECT 1 FROM B_BT WHERE [E_NOF]='CO#990704/2GM_' AND [NOM_ENC]='ENCOURS' AND [BT_NOPHASE]=0030) |     INSERT INTO B_BT ([E_NOF], [NOM_ENC], [BT_NOPHASE], [BT_OPE], [MACHINE], [BT_QTE], [BT_CODEGEST], [BT_FRACTION], [ILOT], [B_I_ILOT], [BT_CODEBASET], [BT_CST_CHARGE], [DATE_PLA]) |     VALUES ('CO#990704/2GM_', 'ENCOURS', 0030, 'FINAL ASSEMBLY 0030', 'ASSEMBLY', 250.000, 'F', 0, 'ASSEMBLY', 'ASSEMBLY', 100, 0, CONVERT(datetime,'01/05/2023 00:00',103))
[2026-05-08 10:01:47] [VERBOSE] SQL stmt 722 OK on table [B_BT]
[2026-05-08 10:01:47] [VERBOSE][SQL] Run SQL stmt 723 on table [B_BT]: IF NOT EXISTS (SELECT 1 FROM B_BT WHERE [E_NOF]='CO#990704/2GM_' AND [NOM_ENC]='ENCOURS' AND [BT_NOPHASE]=0040) |     INSERT INTO B_BT ([E_NOF], [NOM_ENC], [BT_NOPHASE], [BT_OPE], [MACHINE], [BT_QTE], [BT_CODEGEST], [BT_FRACTION], [ILOT], [B_I_ILOT], [BT_CODEBASET], [BT_CST_CHARGE], [DATE_PLA]) |     VALUES ('CO#990704/2GM_', 'ENCOURS', 0040, 'PACKAGING', 'PACKAGING', 250.000, 'F', 0, 'PACKAGING', 'PACKAGING', 100, 0, CONVERT(datetime,'01/05/2023 00:00',103))
[2026-05-08 10:01:47] [VERBOSE] SQL stmt 723 OK on table [B_BT]
[2026-05-08 10:01:47] [VERBOSE][SQL] Run SQL stmt 724 on table [B_BT]: IF NOT EXISTS (SELECT 1 FROM B_BT WHERE [E_NOF]='CO#990712/1RNLT' AND [NOM_ENC]='ENCOURS' AND [BT_NOPHASE]=0010) |     INSERT INTO B_BT ([E_NOF], [NOM_ENC], [BT_NOPHASE], [BT_OPE], [MACHINE], [BT_QTE], [BT_CODEGEST], [BT_FRACTION], [ILOT], [B_I_ILOT], [BT_CODEBASET], [BT_CST_CHARGE], [DATE_PLA]) |     VALUES ('CO#990712/1RNLT', 'ENCOURS', 0010, 'FINAL ASSEMBLY 0010', 'ASSEMBLY', 150.000, 'F', 0, 'ASSEMBLY', 'ASSEMBLY', 100, 0, CONVERT(datetime,'01/04/2023 00:00',103))
[2026-05-08 10:01:47] [VERBOSE] SQL stmt 724 OK on table [B_BT]
[2026-05-08 10:01:47] [VERBOSE][SQL] Run SQL stmt 725 on table [B_BT]: IF NOT EXISTS (SELECT 1 FROM B_BT WHERE [E_NOF]='CO#990712/1RNLT' AND [NOM_ENC]='ENCOURS' AND [BT_NOPHASE]=0020) |     INSERT INTO B_BT ([E_NOF], [NOM_ENC], [BT_NOPHASE], [BT_OPE], [MACHINE], [BT_QTE], [BT_CODEGEST], [BT_FRACTION], [ILOT], [B_I_ILOT], [BT_CODEBASET], [BT_CST_CHARGE], [DATE_PLA]) |     VALUES ('CO#990712/1RNLT', 'ENCOURS', 0020, 'FINAL ASSEMBLY 0020', 'MC', 150.000, 'F', 0, 'MC', 'MC', 100, 0, CONVERT(datetime,'01/04/2023 00:00',103))
[2026-05-08 10:01:47] [VERBOSE] SQL stmt 725 OK on table [B_BT]
[2026-05-08 10:01:47] [VERBOSE][SQL] Run SQL stmt 726 on table [B_BT]: IF NOT EXISTS (SELECT 1 FROM B_BT WHERE [E_NOF]='CO#990712/1RNLT' AND [NOM_ENC]='ENCOURS' AND [BT_NOPHASE]=0030) |     INSERT INTO B_BT ([E_NOF], [NOM_ENC], [BT_NOPHASE], [BT_OPE], [MACHINE], [BT_QTE], [BT_CODEGEST], [BT_FRACTION], [ILOT], [B_I_ILOT], [BT_CODEBASET], [BT_CST_CHARGE], [DATE_PLA]) |     VALUES ('CO#990712/1RNLT', 'ENCOURS', 0030, 'FINAL ASSEMBLY 0030', 'ASSEMBLY', 150.000, 'F', 0, 'ASSEMBLY', 'ASSEMBLY', 100, 0, CONVERT(datetime,'01/04/2023 00:00',103))
[2026-05-08 10:01:47] [VERBOSE] SQL stmt 726 OK on table [B_BT]
[2026-05-08 10:01:47] [VERBOSE][SQL] Run SQL stmt 727 on table [B_BT]: IF NOT EXISTS (SELECT 1 FROM B_BT WHERE [E_NOF]='CO#990712/1RNLT' AND [NOM_ENC]='ENCOURS' AND [BT_NOPHASE]=0040) |     INSERT INTO B_BT ([E_NOF], [NOM_ENC], [BT_NOPHASE], [BT_OPE], [MACHINE], [BT_QTE], [BT_CODEGEST], [BT_FRACTION], [ILOT], [B_I_ILOT], [BT_CODEBASET], [BT_CST_CHARGE], [DATE_PLA]) |     VALUES ('CO#990712/1RNLT', 'ENCOURS', 0040, 'PACKAGING', 'PACKAGING', 150.000, 'F', 0, 'PACKAGING', 'PACKAGING', 100, 0, CONVERT(datetime,'01/04/2023 00:00',103))
[2026-05-08 10:01:47] [VERBOSE] SQL stmt 727 OK on table [B_BT]
[2026-05-08 10:01:47] [VERBOSE][SQL] Run SQL stmt 728 on table [B_BT]: IF NOT EXISTS (SELECT 1 FROM B_BT WHERE [E_NOF]='CO#990712/2RNLT' AND [NOM_ENC]='ENCOURS' AND [BT_NOPHASE]=0010) |     INSERT INTO B_BT ([E_NOF], [NOM_ENC], [BT_NOPHASE], [BT_OPE], [MACHINE], [BT_QTE], [BT_CODEGEST], [BT_FRACTION], [ILOT], [B_I_ILOT], [BT_CODEBASET], [BT_CST_CHARGE], [DATE_PLA]) |     VALUES ('CO#990712/2RNLT', 'ENCOURS', 0010, 'FINAL ASSEMBLY 0010', 'ASSEMBLY', 150.000, 'F', 0, 'ASSEMBLY', 'ASSEMBLY', 100, 0, CONVERT(datetime,'01/04/2023 00:00',103))
[2026-05-08 10:01:47] [VERBOSE] SQL stmt 728 OK on table [B_BT]
[2026-05-08 10:01:47] [VERBOSE][SQL] Run SQL stmt 729 on table [B_BT]: IF NOT EXISTS (SELECT 1 FROM B_BT WHERE [E_NOF]='CO#990712/2RNLT' AND [NOM_ENC]='ENCOURS' AND [BT_NOPHASE]=0020) |     INSERT INTO B_BT ([E_NOF], [NOM_ENC], [BT_NOPHASE], [BT_OPE], [MACHINE], [BT_QTE], [BT_CODEGEST], [BT_FRACTION], [ILOT], [B_I_ILOT], [BT_CODEBASET], [BT_CST_CHARGE], [DATE_PLA]) |     VALUES ('CO#990712/2RNLT', 'ENCOURS', 0020, 'FINAL ASSEMBLY 0020', 'MC', 150.000, 'F', 0, 'MC', 'MC', 100, 0, CONVERT(datetime,'01/04/2023 00:00',103))
[2026-05-08 10:01:47] [VERBOSE] SQL stmt 729 OK on table [B_BT]
[2026-05-08 10:01:47] [VERBOSE][SQL] Run SQL stmt 730 on table [B_BT]: IF NOT EXISTS (SELECT 1 FROM B_BT WHERE [E_NOF]='CO#990712/2RNLT' AND [NOM_ENC]='ENCOURS' AND [BT_NOPHASE]=0030) |     INSERT INTO B_BT ([E_NOF], [NOM_ENC], [BT_NOPHASE], [BT_OPE], [MACHINE], [BT_QTE], [BT_CODEGEST], [BT_FRACTION], [ILOT], [B_I_ILOT], [BT_CODEBASET], [BT_CST_CHARGE], [DATE_PLA]) |     VALUES ('CO#990712/2RNLT', 'ENCOURS', 0030, 'FINAL ASSEMBLY 0030', 'ASSEMBLY', 150.000, 'F', 0, 'ASSEMBLY', 'ASSEMBLY', 100, 0, CONVERT(datetime,'01/04/2023 00:00',103))
[2026-05-08 10:01:47] [VERBOSE] SQL stmt 730 OK on table [B_BT]
[2026-05-08 10:01:47] [VERBOSE][SQL] Run SQL stmt 731 on table [B_BT]: IF NOT EXISTS (SELECT 1 FROM B_BT WHERE [E_NOF]='CO#990712/2RNLT' AND [NOM_ENC]='ENCOURS' AND [BT_NOPHASE]=0040) |     INSERT INTO B_BT ([E_NOF], [NOM_ENC], [BT_NOPHASE], [BT_OPE], [MACHINE], [BT_QTE], [BT_CODEGEST], [BT_FRACTION], [ILOT], [B_I_ILOT], [BT_CODEBASET], [BT_CST_CHARGE], [DATE_PLA]) |     VALUES ('CO#990712/2RNLT', 'ENCOURS', 0040, 'PACKAGING', 'PACKAGING', 150.000, 'F', 0, 'PACKAGING', 'PACKAGING', 100, 0, CONVERT(datetime,'01/04/2023 00:00',103))
[2026-05-08 10:01:47] [VERBOSE] SQL stmt 731 OK on table [B_BT]
[2026-05-08 10:01:48] [VERBOSE][SQL] Run SQL stmt 732 on table [B_BT]: IF NOT EXISTS (SELECT 1 FROM B_BT WHERE [E_NOF]='CO#990712/2RNLT_' AND [NOM_ENC]='ENCOURS' AND [BT_NOPHASE]=0010) |     INSERT INTO B_BT ([E_NOF], [NOM_ENC], [BT_NOPHASE], [BT_OPE], [MACHINE], [BT_QTE], [BT_CODEGEST], [BT_FRACTION], [ILOT], [B_I_ILOT], [BT_CODEBASET], [BT_CST_CHARGE], [DATE_PLA]) |     VALUES ('CO#990712/2RNLT_', 'ENCOURS', 0010, 'FINAL ASSEMBLY 0010', 'ASSEMBLY', 150.000, 'F', 0, 'ASSEMBLY', 'ASSEMBLY', 100, 0, CONVERT(datetime,'01/05/2023 00:00',103))
[2026-05-08 10:01:48] [VERBOSE] SQL stmt 732 OK on table [B_BT]
[2026-05-08 10:01:48] [VERBOSE][SQL] Run SQL stmt 733 on table [B_BT]: IF NOT EXISTS (SELECT 1 FROM B_BT WHERE [E_NOF]='CO#990712/2RNLT_' AND [NOM_ENC]='ENCOURS' AND [BT_NOPHASE]=0020) |     INSERT INTO B_BT ([E_NOF], [NOM_ENC], [BT_NOPHASE], [BT_OPE], [MACHINE], [BT_QTE], [BT_CODEGEST], [BT_FRACTION], [ILOT], [B_I_ILOT], [BT_CODEBASET], [BT_CST_CHARGE], [DATE_PLA]) |     VALUES ('CO#990712/2RNLT_', 'ENCOURS', 0020, 'FINAL ASSEMBLY 0020', 'MC', 150.000, 'F', 0, 'MC', 'MC', 100, 0, CONVERT(datetime,'01/05/2023 00:00',103))
[2026-05-08 10:01:48] [VERBOSE] SQL stmt 733 OK on table [B_BT]
[2026-05-08 10:01:48] [VERBOSE][SQL] Run SQL stmt 734 on table [B_BT]: IF NOT EXISTS (SELECT 1 FROM B_BT WHERE [E_NOF]='CO#990712/2RNLT_' AND [NOM_ENC]='ENCOURS' AND [BT_NOPHASE]=0030) |     INSERT INTO B_BT ([E_NOF], [NOM_ENC], [BT_NOPHASE], [BT_OPE], [MACHINE], [BT_QTE], [BT_CODEGEST], [BT_FRACTION], [ILOT], [B_I_ILOT], [BT_CODEBASET], [BT_CST_CHARGE], [DATE_PLA]) |     VALUES ('CO#990712/2RNLT_', 'ENCOURS', 0030, 'FINAL ASSEMBLY 0030', 'ASSEMBLY', 150.000, 'F', 0, 'ASSEMBLY', 'ASSEMBLY', 100, 0, CONVERT(datetime,'01/05/2023 00:00',103))
[2026-05-08 10:01:48] [VERBOSE] SQL stmt 734 OK on table [B_BT]
[2026-05-08 10:01:48] [VERBOSE][SQL] Run SQL stmt 735 on table [B_BT]: IF NOT EXISTS (SELECT 1 FROM B_BT WHERE [E_NOF]='CO#990712/2RNLT_' AND [NOM_ENC]='ENCOURS' AND [BT_NOPHASE]=0040) |     INSERT INTO B_BT ([E_NOF], [NOM_ENC], [BT_NOPHASE], [BT_OPE], [MACHINE], [BT_QTE], [BT_CODEGEST], [BT_FRACTION], [ILOT], [B_I_ILOT], [BT_CODEBASET], [BT_CST_CHARGE], [DATE_PLA]) |     VALUES ('CO#990712/2RNLT_', 'ENCOURS', 0040, 'PACKAGING', 'PACKAGING', 150.000, 'F', 0, 'PACKAGING', 'PACKAGING', 100, 0, CONVERT(datetime,'01/05/2023 00:00',103))
[2026-05-08 10:01:48] [VERBOSE] SQL stmt 735 OK on table [B_BT]
[2026-05-08 10:01:48] [VERBOSE][SQL] Run SQL stmt 736 on table [B_BT]: IF NOT EXISTS (SELECT 1 FROM B_BT WHERE [E_NOF]='CO#990713/1PSA' AND [NOM_ENC]='ENCOURS' AND [BT_NOPHASE]=0010) |     INSERT INTO B_BT ([E_NOF], [NOM_ENC], [BT_NOPHASE], [BT_OPE], [MACHINE], [BT_QTE], [BT_CODEGEST], [BT_FRACTION], [ILOT], [B_I_ILOT], [BT_CODEBASET], [BT_CST_CHARGE], [DATE_PLA]) |     VALUES ('CO#990713/1PSA', 'ENCOURS', 0010, 'FINAL ASSEMBLY 0010', 'ASSEMBLY', 315.000, 'F', 0, 'ASSEMBLY', 'ASSEMBLY', 100, 0, CONVERT(datetime,'08/04/2023 00:00',103))
[2026-05-08 10:01:48] [VERBOSE] SQL stmt 736 OK on table [B_BT]
[2026-05-08 10:01:48] [VERBOSE][SQL] Run SQL stmt 737 on table [B_BT]: IF NOT EXISTS (SELECT 1 FROM B_BT WHERE [E_NOF]='CO#990713/1PSA' AND [NOM_ENC]='ENCOURS' AND [BT_NOPHASE]=0020) |     INSERT INTO B_BT ([E_NOF], [NOM_ENC], [BT_NOPHASE], [BT_OPE], [MACHINE], [BT_QTE], [BT_CODEGEST], [BT_FRACTION], [ILOT], [B_I_ILOT], [BT_CODEBASET], [BT_CST_CHARGE], [DATE_PLA]) |     VALUES ('CO#990713/1PSA', 'ENCOURS', 0020, 'FINAL ASSEMBLY 0020', 'MC', 315.000, 'F', 0, 'MC', 'MC', 100, 0, CONVERT(datetime,'08/04/2023 00:00',103))
[2026-05-08 10:01:48] [VERBOSE] SQL stmt 737 OK on table [B_BT]
[2026-05-08 10:01:48] [VERBOSE][SQL] Run SQL stmt 738 on table [B_BT]: IF NOT EXISTS (SELECT 1 FROM B_BT WHERE [E_NOF]='CO#990713/1PSA' AND [NOM_ENC]='ENCOURS' AND [BT_NOPHASE]=0030) |     INSERT INTO B_BT ([E_NOF], [NOM_ENC], [BT_NOPHASE], [BT_OPE], [MACHINE], [BT_QTE], [BT_CODEGEST], [BT_FRACTION], [ILOT], [B_I_ILOT], [BT_CODEBASET], [BT_CST_CHARGE], [DATE_PLA]) |     VALUES ('CO#990713/1PSA', 'ENCOURS', 0030, 'FINAL ASSEMBLY 0030', 'ASSEMBLY', 315.000, 'F', 0, 'ASSEMBLY', 'ASSEMBLY', 100, 0, CONVERT(datetime,'08/04/2023 00:00',103))
[2026-05-08 10:01:48] [VERBOSE] SQL stmt 738 OK on table [B_BT]
[2026-05-08 10:01:48] [VERBOSE][SQL] Run SQL stmt 739 on table [B_BT]: IF NOT EXISTS (SELECT 1 FROM B_BT WHERE [E_NOF]='CO#990713/1PSA' AND [NOM_ENC]='ENCOURS' AND [BT_NOPHASE]=0040) |     INSERT INTO B_BT ([E_NOF], [NOM_ENC], [BT_NOPHASE], [BT_OPE], [MACHINE], [BT_QTE], [BT_CODEGEST], [BT_FRACTION], [ILOT], [B_I_ILOT], [BT_CODEBASET], [BT_CST_CHARGE], [DATE_PLA]) |     VALUES ('CO#990713/1PSA', 'ENCOURS', 0040, 'PACKAGING', 'PACKAGING', 315.000, 'F', 0, 'PACKAGING', 'PACKAGING', 100, 0, CONVERT(datetime,'08/04/2023 00:00',103))
[2026-05-08 10:01:48] [VERBOSE] SQL stmt 739 OK on table [B_BT]
[2026-05-08 10:01:48] [VERBOSE][SQL] Run SQL stmt 740 on table [B_BT]: IF NOT EXISTS (SELECT 1 FROM B_BT WHERE [E_NOF]='CO#990713/1PSA_' AND [NOM_ENC]='ENCOURS' AND [BT_NOPHASE]=0010) |     INSERT INTO B_BT ([E_NOF], [NOM_ENC], [BT_NOPHASE], [BT_OPE], [MACHINE], [BT_QTE], [BT_CODEGEST], [BT_FRACTION], [ILOT], [B_I_ILOT], [BT_CODEBASET], [BT_CST_CHARGE], [DATE_PLA]) |     VALUES ('CO#990713/1PSA_', 'ENCOURS', 0010, 'FINAL ASSEMBLY 0010', 'ASSEMBLY', 315.000, 'F', 0, 'ASSEMBLY', 'ASSEMBLY', 100, 0, CONVERT(datetime,'08/05/2023 00:00',103))
[2026-05-08 10:01:48] [VERBOSE] SQL stmt 740 OK on table [B_BT]
[2026-05-08 10:01:48] [VERBOSE][SQL] Run SQL stmt 741 on table [B_BT]: IF NOT EXISTS (SELECT 1 FROM B_BT WHERE [E_NOF]='CO#990713/1PSA_' AND [NOM_ENC]='ENCOURS' AND [BT_NOPHASE]=0020) |     INSERT INTO B_BT ([E_NOF], [NOM_ENC], [BT_NOPHASE], [BT_OPE], [MACHINE], [BT_QTE], [BT_CODEGEST], [BT_FRACTION], [ILOT], [B_I_ILOT], [BT_CODEBASET], [BT_CST_CHARGE], [DATE_PLA]) |     VALUES ('CO#990713/1PSA_', 'ENCOURS', 0020, 'FINAL ASSEMBLY 0020', 'MC', 315.000, 'F', 0, 'MC', 'MC', 100, 0, CONVERT(datetime,'08/05/2023 00:00',103))
[2026-05-08 10:01:48] [VERBOSE] SQL stmt 741 OK on table [B_BT]
[2026-05-08 10:01:48] [VERBOSE][SQL] Run SQL stmt 742 on table [B_BT]: IF NOT EXISTS (SELECT 1 FROM B_BT WHERE [E_NOF]='CO#990713/1PSA_' AND [NOM_ENC]='ENCOURS' AND [BT_NOPHASE]=0030) |     INSERT INTO B_BT ([E_NOF], [NOM_ENC], [BT_NOPHASE], [BT_OPE], [MACHINE], [BT_QTE], [BT_CODEGEST], [BT_FRACTION], [ILOT], [B_I_ILOT], [BT_CODEBASET], [BT_CST_CHARGE], [DATE_PLA]) |     VALUES ('CO#990713/1PSA_', 'ENCOURS', 0030, 'FINAL ASSEMBLY 0030', 'ASSEMBLY', 315.000, 'F', 0, 'ASSEMBLY', 'ASSEMBLY', 100, 0, CONVERT(datetime,'08/05/2023 00:00',103))
[2026-05-08 10:01:48] [VERBOSE] SQL stmt 742 OK on table [B_BT]
[2026-05-08 10:01:48] [VERBOSE][SQL] Run SQL stmt 743 on table [B_BT]: IF NOT EXISTS (SELECT 1 FROM B_BT WHERE [E_NOF]='CO#990713/1PSA_' AND [NOM_ENC]='ENCOURS' AND [BT_NOPHASE]=0040) |     INSERT INTO B_BT ([E_NOF], [NOM_ENC], [BT_NOPHASE], [BT_OPE], [MACHINE], [BT_QTE], [BT_CODEGEST], [BT_FRACTION], [ILOT], [B_I_ILOT], [BT_CODEBASET], [BT_CST_CHARGE], [DATE_PLA]) |     VALUES ('CO#990713/1PSA_', 'ENCOURS', 0040, 'PACKAGING', 'PACKAGING', 315.000, 'F', 0, 'PACKAGING', 'PACKAGING', 100, 0, CONVERT(datetime,'08/05/2023 00:00',103))
[2026-05-08 10:01:48] [VERBOSE] SQL stmt 743 OK on table [B_BT]
[2026-05-08 10:01:48] [VERBOSE][SQL] Run SQL stmt 744 on table [B_BT]: IF NOT EXISTS (SELECT 1 FROM B_BT WHERE [E_NOF]='CO#990713/2PSA' AND [NOM_ENC]='ENCOURS' AND [BT_NOPHASE]=0010) |     INSERT INTO B_BT ([E_NOF], [NOM_ENC], [BT_NOPHASE], [BT_OPE], [MACHINE], [BT_QTE], [BT_CODEGEST], [BT_FRACTION], [ILOT], [B_I_ILOT], [BT_CODEBASET], [BT_CST_CHARGE], [DATE_PLA]) |     VALUES ('CO#990713/2PSA', 'ENCOURS', 0010, 'FINAL ASSEMBLY 0010', 'ASSEMBLY', 290.000, 'F', 0, 'ASSEMBLY', 'ASSEMBLY', 100, 0, CONVERT(datetime,'08/04/2023 00:00',103))
[2026-05-08 10:01:48] [VERBOSE] SQL stmt 744 OK on table [B_BT]
[2026-05-08 10:01:48] [VERBOSE][SQL] Run SQL stmt 745 on table [B_BT]: IF NOT EXISTS (SELECT 1 FROM B_BT WHERE [E_NOF]='CO#990713/2PSA' AND [NOM_ENC]='ENCOURS' AND [BT_NOPHASE]=0020) |     INSERT INTO B_BT ([E_NOF], [NOM_ENC], [BT_NOPHASE], [BT_OPE], [MACHINE], [BT_QTE], [BT_CODEGEST], [BT_FRACTION], [ILOT], [B_I_ILOT], [BT_CODEBASET], [BT_CST_CHARGE], [DATE_PLA]) |     VALUES ('CO#990713/2PSA', 'ENCOURS', 0020, 'FINAL ASSEMBLY 0020', 'MC', 290.000, 'F', 0, 'MC', 'MC', 100, 0, CONVERT(datetime,'08/04/2023 00:00',103))
[2026-05-08 10:01:48] [VERBOSE] SQL stmt 745 OK on table [B_BT]
[2026-05-08 10:01:49] [VERBOSE][SQL] Run SQL stmt 746 on table [B_BT]: IF NOT EXISTS (SELECT 1 FROM B_BT WHERE [E_NOF]='CO#990713/2PSA' AND [NOM_ENC]='ENCOURS' AND [BT_NOPHASE]=0030) |     INSERT INTO B_BT ([E_NOF], [NOM_ENC], [BT_NOPHASE], [BT_OPE], [MACHINE], [BT_QTE], [BT_CODEGEST], [BT_FRACTION], [ILOT], [B_I_ILOT], [BT_CODEBASET], [BT_CST_CHARGE], [DATE_PLA]) |     VALUES ('CO#990713/2PSA', 'ENCOURS', 0030, 'FINAL ASSEMBLY 0030', 'ASSEMBLY', 290.000, 'F', 0, 'ASSEMBLY', 'ASSEMBLY', 100, 0, CONVERT(datetime,'08/04/2023 00:00',103))
[2026-05-08 10:01:49] [VERBOSE] SQL stmt 746 OK on table [B_BT]
[2026-05-08 10:01:49] [VERBOSE][SQL] Run SQL stmt 747 on table [B_BT]: IF NOT EXISTS (SELECT 1 FROM B_BT WHERE [E_NOF]='CO#990713/2PSA' AND [NOM_ENC]='ENCOURS' AND [BT_NOPHASE]=0040) |     INSERT INTO B_BT ([E_NOF], [NOM_ENC], [BT_NOPHASE], [BT_OPE], [MACHINE], [BT_QTE], [BT_CODEGEST], [BT_FRACTION], [ILOT], [B_I_ILOT], [BT_CODEBASET], [BT_CST_CHARGE], [DATE_PLA]) |     VALUES ('CO#990713/2PSA', 'ENCOURS', 0040, 'PACKAGING', 'PACKAGING', 290.000, 'F', 0, 'PACKAGING', 'PACKAGING', 100, 0, CONVERT(datetime,'08/04/2023 00:00',103))
[2026-05-08 10:01:49] [VERBOSE] SQL stmt 747 OK on table [B_BT]
[2026-05-08 10:01:49] [VERBOSE][SQL] Run SQL stmt 748 on table [B_BT]: IF NOT EXISTS (SELECT 1 FROM B_BT WHERE [E_NOF]='CO#990713/2PSA_' AND [NOM_ENC]='ENCOURS' AND [BT_NOPHASE]=0010) |     INSERT INTO B_BT ([E_NOF], [NOM_ENC], [BT_NOPHASE], [BT_OPE], [MACHINE], [BT_QTE], [BT_CODEGEST], [BT_FRACTION], [ILOT], [B_I_ILOT], [BT_CODEBASET], [BT_CST_CHARGE], [DATE_PLA]) |     VALUES ('CO#990713/2PSA_', 'ENCOURS', 0010, 'FINAL ASSEMBLY 0010', 'ASSEMBLY', 290.000, 'F', 0, 'ASSEMBLY', 'ASSEMBLY', 100, 0, CONVERT(datetime,'08/05/2023 00:00',103))
[2026-05-08 10:01:49] [VERBOSE] SQL stmt 748 OK on table [B_BT]
[2026-05-08 10:01:49] [VERBOSE][SQL] Run SQL stmt 749 on table [B_BT]: IF NOT EXISTS (SELECT 1 FROM B_BT WHERE [E_NOF]='CO#990713/2PSA_' AND [NOM_ENC]='ENCOURS' AND [BT_NOPHASE]=0020) |     INSERT INTO B_BT ([E_NOF], [NOM_ENC], [BT_NOPHASE], [BT_OPE], [MACHINE], [BT_QTE], [BT_CODEGEST], [BT_FRACTION], [ILOT], [B_I_ILOT], [BT_CODEBASET], [BT_CST_CHARGE], [DATE_PLA]) |     VALUES ('CO#990713/2PSA_', 'ENCOURS', 0020, 'FINAL ASSEMBLY 0020', 'MC', 290.000, 'F', 0, 'MC', 'MC', 100, 0, CONVERT(datetime,'08/05/2023 00:00',103))
[2026-05-08 10:01:49] [VERBOSE] SQL stmt 749 OK on table [B_BT]
[2026-05-08 10:01:49] [VERBOSE][SQL] Run SQL stmt 750 on table [B_BT]: IF NOT EXISTS (SELECT 1 FROM B_BT WHERE [E_NOF]='CO#990713/2PSA_' AND [NOM_ENC]='ENCOURS' AND [BT_NOPHASE]=0030) |     INSERT INTO B_BT ([E_NOF], [NOM_ENC], [BT_NOPHASE], [BT_OPE], [MACHINE], [BT_QTE], [BT_CODEGEST], [BT_FRACTION], [ILOT], [B_I_ILOT], [BT_CODEBASET], [BT_CST_CHARGE], [DATE_PLA]) |     VALUES ('CO#990713/2PSA_', 'ENCOURS', 0030, 'FINAL ASSEMBLY 0030', 'ASSEMBLY', 290.000, 'F', 0, 'ASSEMBLY', 'ASSEMBLY', 100, 0, CONVERT(datetime,'08/05/2023 00:00',103))
[2026-05-08 10:01:49] [VERBOSE] SQL stmt 750 OK on table [B_BT]
[2026-05-08 10:01:49] [VERBOSE][SQL] Run SQL stmt 751 on table [B_BT]: IF NOT EXISTS (SELECT 1 FROM B_BT WHERE [E_NOF]='CO#990713/2PSA_' AND [NOM_ENC]='ENCOURS' AND [BT_NOPHASE]=0040) |     INSERT INTO B_BT ([E_NOF], [NOM_ENC], [BT_NOPHASE], [BT_OPE], [MACHINE], [BT_QTE], [BT_CODEGEST], [BT_FRACTION], [ILOT], [B_I_ILOT], [BT_CODEBASET], [BT_CST_CHARGE], [DATE_PLA]) |     VALUES ('CO#990713/2PSA_', 'ENCOURS', 0040, 'PACKAGING', 'PACKAGING', 290.000, 'F', 0, 'PACKAGING', 'PACKAGING', 100, 0, CONVERT(datetime,'08/05/2023 00:00',103))
[2026-05-08 10:01:49] [VERBOSE] SQL stmt 751 OK on table [B_BT]
[2026-05-08 10:01:49] [VERBOSE][SQL] Run SQL stmt 752 on table [B_BT]: IF NOT EXISTS (SELECT 1 FROM B_BT WHERE [E_NOF]='CO#990713/3PSA' AND [NOM_ENC]='ENCOURS' AND [BT_NOPHASE]=0010) |     INSERT INTO B_BT ([E_NOF], [NOM_ENC], [BT_NOPHASE], [BT_OPE], [MACHINE], [BT_QTE], [BT_CODEGEST], [BT_FRACTION], [ILOT], [B_I_ILOT], [BT_CODEBASET], [BT_CST_CHARGE], [DATE_PLA]) |     VALUES ('CO#990713/3PSA', 'ENCOURS', 0010, 'FINAL ASSEMBLY 0010', 'ASSEMBLY', 265.000, 'F', 0, 'ASSEMBLY', 'ASSEMBLY', 100, 0, CONVERT(datetime,'08/05/2023 00:00',103))
[2026-05-08 10:01:49] [VERBOSE] SQL stmt 752 OK on table [B_BT]
[2026-05-08 10:01:49] [VERBOSE][SQL] Run SQL stmt 753 on table [B_BT]: IF NOT EXISTS (SELECT 1 FROM B_BT WHERE [E_NOF]='CO#990713/3PSA' AND [NOM_ENC]='ENCOURS' AND [BT_NOPHASE]=0020) |     INSERT INTO B_BT ([E_NOF], [NOM_ENC], [BT_NOPHASE], [BT_OPE], [MACHINE], [BT_QTE], [BT_CODEGEST], [BT_FRACTION], [ILOT], [B_I_ILOT], [BT_CODEBASET], [BT_CST_CHARGE], [DATE_PLA]) |     VALUES ('CO#990713/3PSA', 'ENCOURS', 0020, 'FINAL ASSEMBLY 0020', 'MC', 265.000, 'F', 0, 'MC', 'MC', 100, 0, CONVERT(datetime,'08/05/2023 00:00',103))
[2026-05-08 10:01:49] [VERBOSE] SQL stmt 753 OK on table [B_BT]
[2026-05-08 10:01:49] [VERBOSE][SQL] Run SQL stmt 754 on table [B_BT]: IF NOT EXISTS (SELECT 1 FROM B_BT WHERE [E_NOF]='CO#990713/3PSA' AND [NOM_ENC]='ENCOURS' AND [BT_NOPHASE]=0030) |     INSERT INTO B_BT ([E_NOF], [NOM_ENC], [BT_NOPHASE], [BT_OPE], [MACHINE], [BT_QTE], [BT_CODEGEST], [BT_FRACTION], [ILOT], [B_I_ILOT], [BT_CODEBASET], [BT_CST_CHARGE], [DATE_PLA]) |     VALUES ('CO#990713/3PSA', 'ENCOURS', 0030, 'FINAL ASSEMBLY 0030', 'ASSEMBLY', 265.000, 'F', 0, 'ASSEMBLY', 'ASSEMBLY', 100, 0, CONVERT(datetime,'08/05/2023 00:00',103))
[2026-05-08 10:01:49] [VERBOSE] SQL stmt 754 OK on table [B_BT]
[2026-05-08 10:01:49] [VERBOSE][SQL] Run SQL stmt 755 on table [B_BT]: IF NOT EXISTS (SELECT 1 FROM B_BT WHERE [E_NOF]='CO#990713/3PSA' AND [NOM_ENC]='ENCOURS' AND [BT_NOPHASE]=0040) |     INSERT INTO B_BT ([E_NOF], [NOM_ENC], [BT_NOPHASE], [BT_OPE], [MACHINE], [BT_QTE], [BT_CODEGEST], [BT_FRACTION], [ILOT], [B_I_ILOT], [BT_CODEBASET], [BT_CST_CHARGE], [DATE_PLA]) |     VALUES ('CO#990713/3PSA', 'ENCOURS', 0040, 'PACKAGING', 'PACKAGING', 265.000, 'F', 0, 'PACKAGING', 'PACKAGING', 100, 0, CONVERT(datetime,'08/05/2023 00:00',103))
[2026-05-08 10:01:49] [VERBOSE] SQL stmt 755 OK on table [B_BT]
[2026-05-08 10:01:49] [VERBOSE][SQL] Run SQL stmt 756 on table [B_BT]: IF NOT EXISTS (SELECT 1 FROM B_BT WHERE [E_NOF]='CO#990713/3PSA_' AND [NOM_ENC]='ENCOURS' AND [BT_NOPHASE]=0010) |     INSERT INTO B_BT ([E_NOF], [NOM_ENC], [BT_NOPHASE], [BT_OPE], [MACHINE], [BT_QTE], [BT_CODEGEST], [BT_FRACTION], [ILOT], [B_I_ILOT], [BT_CODEBASET], [BT_CST_CHARGE], [DATE_PLA]) |     VALUES ('CO#990713/3PSA_', 'ENCOURS', 0010, 'FINAL ASSEMBLY 0010', 'ASSEMBLY', 265.000, 'F', 0, 'ASSEMBLY', 'ASSEMBLY', 100, 0, CONVERT(datetime,'08/05/2023 00:00',103))
[2026-05-08 10:01:49] [VERBOSE] SQL stmt 756 OK on table [B_BT]
[2026-05-08 10:01:49] [VERBOSE][SQL] Run SQL stmt 757 on table [B_BT]: IF NOT EXISTS (SELECT 1 FROM B_BT WHERE [E_NOF]='CO#990713/3PSA_' AND [NOM_ENC]='ENCOURS' AND [BT_NOPHASE]=0020) |     INSERT INTO B_BT ([E_NOF], [NOM_ENC], [BT_NOPHASE], [BT_OPE], [MACHINE], [BT_QTE], [BT_CODEGEST], [BT_FRACTION], [ILOT], [B_I_ILOT], [BT_CODEBASET], [BT_CST_CHARGE], [DATE_PLA]) |     VALUES ('CO#990713/3PSA_', 'ENCOURS', 0020, 'FINAL ASSEMBLY 0020', 'MC', 265.000, 'F', 0, 'MC', 'MC', 100, 0, CONVERT(datetime,'08/05/2023 00:00',103))
[2026-05-08 10:01:49] [VERBOSE] SQL stmt 757 OK on table [B_BT]
[2026-05-08 10:01:49] [VERBOSE][SQL] Run SQL stmt 758 on table [B_BT]: IF NOT EXISTS (SELECT 1 FROM B_BT WHERE [E_NOF]='CO#990713/3PSA_' AND [NOM_ENC]='ENCOURS' AND [BT_NOPHASE]=0030) |     INSERT INTO B_BT ([E_NOF], [NOM_ENC], [BT_NOPHASE], [BT_OPE], [MACHINE], [BT_QTE], [BT_CODEGEST], [BT_FRACTION], [ILOT], [B_I_ILOT], [BT_CODEBASET], [BT_CST_CHARGE], [DATE_PLA]) |     VALUES ('CO#990713/3PSA_', 'ENCOURS', 0030, 'FINAL ASSEMBLY 0030', 'ASSEMBLY', 265.000, 'F', 0, 'ASSEMBLY', 'ASSEMBLY', 100, 0, CONVERT(datetime,'08/05/2023 00:00',103))
[2026-05-08 10:01:49] [VERBOSE] SQL stmt 758 OK on table [B_BT]
[2026-05-08 10:01:49] [VERBOSE][SQL] Run SQL stmt 759 on table [B_BT]: IF NOT EXISTS (SELECT 1 FROM B_BT WHERE [E_NOF]='CO#990713/3PSA_' AND [NOM_ENC]='ENCOURS' AND [BT_NOPHASE]=0040) |     INSERT INTO B_BT ([E_NOF], [NOM_ENC], [BT_NOPHASE], [BT_OPE], [MACHINE], [BT_QTE], [BT_CODEGEST], [BT_FRACTION], [ILOT], [B_I_ILOT], [BT_CODEBASET], [BT_CST_CHARGE], [DATE_PLA]) |     VALUES ('CO#990713/3PSA_', 'ENCOURS', 0040, 'PACKAGING', 'PACKAGING', 265.000, 'F', 0, 'PACKAGING', 'PACKAGING', 100, 0, CONVERT(datetime,'08/05/2023 00:00',103))
[2026-05-08 10:01:49] [VERBOSE] SQL stmt 759 OK on table [B_BT]
[2026-05-08 10:01:49] [VERBOSE][SQL] Run SQL stmt 760 on table [B_BT]: IF NOT EXISTS (SELECT 1 FROM B_BT WHERE [E_NOF]='CO#990713/4PSA' AND [NOM_ENC]='ENCOURS' AND [BT_NOPHASE]=0010) |     INSERT INTO B_BT ([E_NOF], [NOM_ENC], [BT_NOPHASE], [BT_OPE], [MACHINE], [BT_QTE], [BT_CODEGEST], [BT_FRACTION], [ILOT], [B_I_ILOT], [BT_CODEBASET], [BT_CST_CHARGE], [DATE_PLA]) |     VALUES ('CO#990713/4PSA', 'ENCOURS', 0010, 'FINAL ASSEMBLY 0010', 'ASSEMBLY', 280.000, 'F', 0, 'ASSEMBLY', 'ASSEMBLY', 100, 0, CONVERT(datetime,'08/04/2023 00:00',103))
[2026-05-08 10:01:49] [VERBOSE] SQL stmt 760 OK on table [B_BT]
[2026-05-08 10:01:49] [VERBOSE][SQL] Run SQL stmt 761 on table [B_BT]: IF NOT EXISTS (SELECT 1 FROM B_BT WHERE [E_NOF]='CO#990713/4PSA' AND [NOM_ENC]='ENCOURS' AND [BT_NOPHASE]=0020) |     INSERT INTO B_BT ([E_NOF], [NOM_ENC], [BT_NOPHASE], [BT_OPE], [MACHINE], [BT_QTE], [BT_CODEGEST], [BT_FRACTION], [ILOT], [B_I_ILOT], [BT_CODEBASET], [BT_CST_CHARGE], [DATE_PLA]) |     VALUES ('CO#990713/4PSA', 'ENCOURS', 0020, 'FINAL ASSEMBLY 0020', 'MC', 280.000, 'F', 0, 'MC', 'MC', 100, 0, CONVERT(datetime,'08/04/2023 00:00',103))
[2026-05-08 10:01:49] [VERBOSE] SQL stmt 761 OK on table [B_BT]
[2026-05-08 10:01:50] [VERBOSE][SQL] Run SQL stmt 762 on table [B_BT]: IF NOT EXISTS (SELECT 1 FROM B_BT WHERE [E_NOF]='CO#990713/4PSA' AND [NOM_ENC]='ENCOURS' AND [BT_NOPHASE]=0030) |     INSERT INTO B_BT ([E_NOF], [NOM_ENC], [BT_NOPHASE], [BT_OPE], [MACHINE], [BT_QTE], [BT_CODEGEST], [BT_FRACTION], [ILOT], [B_I_ILOT], [BT_CODEBASET], [BT_CST_CHARGE], [DATE_PLA]) |     VALUES ('CO#990713/4PSA', 'ENCOURS', 0030, 'FINAL ASSEMBLY 0030', 'ASSEMBLY', 280.000, 'F', 0, 'ASSEMBLY', 'ASSEMBLY', 100, 0, CONVERT(datetime,'08/04/2023 00:00',103))
[2026-05-08 10:01:50] [VERBOSE] SQL stmt 762 OK on table [B_BT]
[2026-05-08 10:01:50] [VERBOSE][SQL] Run SQL stmt 763 on table [B_BT]: IF NOT EXISTS (SELECT 1 FROM B_BT WHERE [E_NOF]='CO#990713/4PSA' AND [NOM_ENC]='ENCOURS' AND [BT_NOPHASE]=0040) |     INSERT INTO B_BT ([E_NOF], [NOM_ENC], [BT_NOPHASE], [BT_OPE], [MACHINE], [BT_QTE], [BT_CODEGEST], [BT_FRACTION], [ILOT], [B_I_ILOT], [BT_CODEBASET], [BT_CST_CHARGE], [DATE_PLA]) |     VALUES ('CO#990713/4PSA', 'ENCOURS', 0040, 'PACKAGING', 'PACKAGING', 280.000, 'F', 0, 'PACKAGING', 'PACKAGING', 100, 0, CONVERT(datetime,'08/04/2023 00:00',103))
[2026-05-08 10:01:50] [VERBOSE] SQL stmt 763 OK on table [B_BT]
[2026-05-08 10:01:50] [VERBOSE][SQL] Run SQL stmt 764 on table [B_BT]: IF NOT EXISTS (SELECT 1 FROM B_BT WHERE [E_NOF]='CO#990713/4PSA_' AND [NOM_ENC]='ENCOURS' AND [BT_NOPHASE]=0010) |     INSERT INTO B_BT ([E_NOF], [NOM_ENC], [BT_NOPHASE], [BT_OPE], [MACHINE], [BT_QTE], [BT_CODEGEST], [BT_FRACTION], [ILOT], [B_I_ILOT], [BT_CODEBASET], [BT_CST_CHARGE], [DATE_PLA]) |     VALUES ('CO#990713/4PSA_', 'ENCOURS', 0010, 'FINAL ASSEMBLY 0010', 'ASSEMBLY', 280.000, 'F', 0, 'ASSEMBLY', 'ASSEMBLY', 100, 0, CONVERT(datetime,'08/05/2023 00:00',103))
[2026-05-08 10:01:50] [VERBOSE] SQL stmt 764 OK on table [B_BT]
[2026-05-08 10:01:50] [VERBOSE][SQL] Run SQL stmt 765 on table [B_BT]: IF NOT EXISTS (SELECT 1 FROM B_BT WHERE [E_NOF]='CO#990713/4PSA_' AND [NOM_ENC]='ENCOURS' AND [BT_NOPHASE]=0020) |     INSERT INTO B_BT ([E_NOF], [NOM_ENC], [BT_NOPHASE], [BT_OPE], [MACHINE], [BT_QTE], [BT_CODEGEST], [BT_FRACTION], [ILOT], [B_I_ILOT], [BT_CODEBASET], [BT_CST_CHARGE], [DATE_PLA]) |     VALUES ('CO#990713/4PSA_', 'ENCOURS', 0020, 'FINAL ASSEMBLY 0020', 'MC', 280.000, 'F', 0, 'MC', 'MC', 100, 0, CONVERT(datetime,'08/05/2023 00:00',103))
[2026-05-08 10:01:50] [VERBOSE] SQL stmt 765 OK on table [B_BT]
[2026-05-08 10:01:50] [VERBOSE][SQL] Run SQL stmt 766 on table [B_BT]: IF NOT EXISTS (SELECT 1 FROM B_BT WHERE [E_NOF]='CO#990713/4PSA_' AND [NOM_ENC]='ENCOURS' AND [BT_NOPHASE]=0030) |     INSERT INTO B_BT ([E_NOF], [NOM_ENC], [BT_NOPHASE], [BT_OPE], [MACHINE], [BT_QTE], [BT_CODEGEST], [BT_FRACTION], [ILOT], [B_I_ILOT], [BT_CODEBASET], [BT_CST_CHARGE], [DATE_PLA]) |     VALUES ('CO#990713/4PSA_', 'ENCOURS', 0030, 'FINAL ASSEMBLY 0030', 'ASSEMBLY', 280.000, 'F', 0, 'ASSEMBLY', 'ASSEMBLY', 100, 0, CONVERT(datetime,'08/05/2023 00:00',103))
[2026-05-08 10:01:50] [VERBOSE] SQL stmt 766 OK on table [B_BT]
[2026-05-08 10:01:50] [VERBOSE][SQL] Run SQL stmt 767 on table [B_BT]: IF NOT EXISTS (SELECT 1 FROM B_BT WHERE [E_NOF]='CO#990713/4PSA_' AND [NOM_ENC]='ENCOURS' AND [BT_NOPHASE]=0040) |     INSERT INTO B_BT ([E_NOF], [NOM_ENC], [BT_NOPHASE], [BT_OPE], [MACHINE], [BT_QTE], [BT_CODEGEST], [BT_FRACTION], [ILOT], [B_I_ILOT], [BT_CODEBASET], [BT_CST_CHARGE], [DATE_PLA]) |     VALUES ('CO#990713/4PSA_', 'ENCOURS', 0040, 'PACKAGING', 'PACKAGING', 280.000, 'F', 0, 'PACKAGING', 'PACKAGING', 100, 0, CONVERT(datetime,'08/05/2023 00:00',103))
[2026-05-08 10:01:50] [VERBOSE] SQL stmt 767 OK on table [B_BT]
[2026-05-08 10:01:50] [VERBOSE][SQL] Run SQL stmt 768 on table [B_BT]: IF NOT EXISTS (SELECT 1 FROM B_BT WHERE [E_NOF]='CO#990714/1RNLT' AND [NOM_ENC]='ENCOURS' AND [BT_NOPHASE]=0010) |     INSERT INTO B_BT ([E_NOF], [NOM_ENC], [BT_NOPHASE], [BT_OPE], [MACHINE], [BT_QTE], [BT_CODEGEST], [BT_FRACTION], [ILOT], [B_I_ILOT], [BT_CODEBASET], [BT_CST_CHARGE], [DATE_PLA]) |     VALUES ('CO#990714/1RNLT', 'ENCOURS', 0010, 'FINAL ASSEMBLY 0010', 'ASSEMBLY', 300.000, 'F', 0, 'ASSEMBLY', 'ASSEMBLY', 100, 0, CONVERT(datetime,'15/04/2023 00:00',103))
[2026-05-08 10:01:50] [VERBOSE] SQL stmt 768 OK on table [B_BT]
[2026-05-08 10:01:50] [VERBOSE][SQL] Run SQL stmt 769 on table [B_BT]: IF NOT EXISTS (SELECT 1 FROM B_BT WHERE [E_NOF]='CO#990714/1RNLT' AND [NOM_ENC]='ENCOURS' AND [BT_NOPHASE]=0020) |     INSERT INTO B_BT ([E_NOF], [NOM_ENC], [BT_NOPHASE], [BT_OPE], [MACHINE], [BT_QTE], [BT_CODEGEST], [BT_FRACTION], [ILOT], [B_I_ILOT], [BT_CODEBASET], [BT_CST_CHARGE], [DATE_PLA]) |     VALUES ('CO#990714/1RNLT', 'ENCOURS', 0020, 'FINAL ASSEMBLY 0020', 'MC', 300.000, 'F', 0, 'MC', 'MC', 100, 0, CONVERT(datetime,'15/04/2023 00:00',103))
[2026-05-08 10:01:50] [VERBOSE] SQL stmt 769 OK on table [B_BT]
[2026-05-08 10:01:50] [VERBOSE][SQL] Run SQL stmt 770 on table [B_BT]: IF NOT EXISTS (SELECT 1 FROM B_BT WHERE [E_NOF]='CO#990714/1RNLT' AND [NOM_ENC]='ENCOURS' AND [BT_NOPHASE]=0030) |     INSERT INTO B_BT ([E_NOF], [NOM_ENC], [BT_NOPHASE], [BT_OPE], [MACHINE], [BT_QTE], [BT_CODEGEST], [BT_FRACTION], [ILOT], [B_I_ILOT], [BT_CODEBASET], [BT_CST_CHARGE], [DATE_PLA]) |     VALUES ('CO#990714/1RNLT', 'ENCOURS', 0030, 'FINAL ASSEMBLY 0030', 'ASSEMBLY', 300.000, 'F', 0, 'ASSEMBLY', 'ASSEMBLY', 100, 0, CONVERT(datetime,'15/04/2023 00:00',103))
[2026-05-08 10:01:50] [VERBOSE] SQL stmt 770 OK on table [B_BT]
[2026-05-08 10:01:50] [VERBOSE][SQL] Run SQL stmt 771 on table [B_BT]: IF NOT EXISTS (SELECT 1 FROM B_BT WHERE [E_NOF]='CO#990714/1RNLT' AND [NOM_ENC]='ENCOURS' AND [BT_NOPHASE]=0040) |     INSERT INTO B_BT ([E_NOF], [NOM_ENC], [BT_NOPHASE], [BT_OPE], [MACHINE], [BT_QTE], [BT_CODEGEST], [BT_FRACTION], [ILOT], [B_I_ILOT], [BT_CODEBASET], [BT_CST_CHARGE], [DATE_PLA]) |     VALUES ('CO#990714/1RNLT', 'ENCOURS', 0040, 'PACKAGING', 'PACKAGING', 300.000, 'F', 0, 'PACKAGING', 'PACKAGING', 100, 0, CONVERT(datetime,'15/04/2023 00:00',103))
[2026-05-08 10:01:50] [VERBOSE] SQL stmt 771 OK on table [B_BT]
[2026-05-08 10:01:50] [VERBOSE][SQL] Run SQL stmt 772 on table [B_BT]: IF NOT EXISTS (SELECT 1 FROM B_BT WHERE [E_NOF]='CO#990714/2RNLT' AND [NOM_ENC]='ENCOURS' AND [BT_NOPHASE]=0010) |     INSERT INTO B_BT ([E_NOF], [NOM_ENC], [BT_NOPHASE], [BT_OPE], [MACHINE], [BT_QTE], [BT_CODEGEST], [BT_FRACTION], [ILOT], [B_I_ILOT], [BT_CODEBASET], [BT_CST_CHARGE], [DATE_PLA]) |     VALUES ('CO#990714/2RNLT', 'ENCOURS', 0010, 'FINAL ASSEMBLY 0010', 'ASSEMBLY', 300.000, 'F', 0, 'ASSEMBLY', 'ASSEMBLY', 100, 0, CONVERT(datetime,'15/04/2023 00:00',103))
[2026-05-08 10:01:50] [VERBOSE] SQL stmt 772 OK on table [B_BT]
[2026-05-08 10:01:50] [VERBOSE][SQL] Run SQL stmt 773 on table [B_BT]: IF NOT EXISTS (SELECT 1 FROM B_BT WHERE [E_NOF]='CO#990714/2RNLT' AND [NOM_ENC]='ENCOURS' AND [BT_NOPHASE]=0020) |     INSERT INTO B_BT ([E_NOF], [NOM_ENC], [BT_NOPHASE], [BT_OPE], [MACHINE], [BT_QTE], [BT_CODEGEST], [BT_FRACTION], [ILOT], [B_I_ILOT], [BT_CODEBASET], [BT_CST_CHARGE], [DATE_PLA]) |     VALUES ('CO#990714/2RNLT', 'ENCOURS', 0020, 'FINAL ASSEMBLY 0020', 'MC', 300.000, 'F', 0, 'MC', 'MC', 100, 0, CONVERT(datetime,'15/04/2023 00:00',103))
[2026-05-08 10:01:50] [VERBOSE] SQL stmt 773 OK on table [B_BT]
[2026-05-08 10:01:50] [VERBOSE][SQL] Run SQL stmt 774 on table [B_BT]: IF NOT EXISTS (SELECT 1 FROM B_BT WHERE [E_NOF]='CO#990714/2RNLT' AND [NOM_ENC]='ENCOURS' AND [BT_NOPHASE]=0030) |     INSERT INTO B_BT ([E_NOF], [NOM_ENC], [BT_NOPHASE], [BT_OPE], [MACHINE], [BT_QTE], [BT_CODEGEST], [BT_FRACTION], [ILOT], [B_I_ILOT], [BT_CODEBASET], [BT_CST_CHARGE], [DATE_PLA]) |     VALUES ('CO#990714/2RNLT', 'ENCOURS', 0030, 'FINAL ASSEMBLY 0030', 'ASSEMBLY', 300.000, 'F', 0, 'ASSEMBLY', 'ASSEMBLY', 100, 0, CONVERT(datetime,'15/04/2023 00:00',103))
[2026-05-08 10:01:50] [VERBOSE] SQL stmt 774 OK on table [B_BT]
[2026-05-08 10:01:50] [VERBOSE][SQL] Run SQL stmt 775 on table [B_BT]: IF NOT EXISTS (SELECT 1 FROM B_BT WHERE [E_NOF]='CO#990714/2RNLT' AND [NOM_ENC]='ENCOURS' AND [BT_NOPHASE]=0040) |     INSERT INTO B_BT ([E_NOF], [NOM_ENC], [BT_NOPHASE], [BT_OPE], [MACHINE], [BT_QTE], [BT_CODEGEST], [BT_FRACTION], [ILOT], [B_I_ILOT], [BT_CODEBASET], [BT_CST_CHARGE], [DATE_PLA]) |     VALUES ('CO#990714/2RNLT', 'ENCOURS', 0040, 'PACKAGING', 'PACKAGING', 300.000, 'F', 0, 'PACKAGING', 'PACKAGING', 100, 0, CONVERT(datetime,'15/04/2023 00:00',103))
[2026-05-08 10:01:50] [VERBOSE] SQL stmt 775 OK on table [B_BT]
[2026-05-08 10:01:50] [VERBOSE][SQL] Run SQL stmt 776 on table [B_BT]: IF NOT EXISTS (SELECT 1 FROM B_BT WHERE [E_NOF]='CO#990714/2RNLT_' AND [NOM_ENC]='ENCOURS' AND [BT_NOPHASE]=0010) |     INSERT INTO B_BT ([E_NOF], [NOM_ENC], [BT_NOPHASE], [BT_OPE], [MACHINE], [BT_QTE], [BT_CODEGEST], [BT_FRACTION], [ILOT], [B_I_ILOT], [BT_CODEBASET], [BT_CST_CHARGE], [DATE_PLA]) |     VALUES ('CO#990714/2RNLT_', 'ENCOURS', 0010, 'FINAL ASSEMBLY 0010', 'ASSEMBLY', 300.000, 'F', 0, 'ASSEMBLY', 'ASSEMBLY', 100, 0, CONVERT(datetime,'15/05/2023 00:00',103))
[2026-05-08 10:01:50] [VERBOSE] SQL stmt 776 OK on table [B_BT]
[2026-05-08 10:01:50] [VERBOSE][SQL] Run SQL stmt 777 on table [B_BT]: IF NOT EXISTS (SELECT 1 FROM B_BT WHERE [E_NOF]='CO#990714/2RNLT_' AND [NOM_ENC]='ENCOURS' AND [BT_NOPHASE]=0020) |     INSERT INTO B_BT ([E_NOF], [NOM_ENC], [BT_NOPHASE], [BT_OPE], [MACHINE], [BT_QTE], [BT_CODEGEST], [BT_FRACTION], [ILOT], [B_I_ILOT], [BT_CODEBASET], [BT_CST_CHARGE], [DATE_PLA]) |     VALUES ('CO#990714/2RNLT_', 'ENCOURS', 0020, 'FINAL ASSEMBLY 0020', 'MC', 300.000, 'F', 0, 'MC', 'MC', 100, 0, CONVERT(datetime,'15/05/2023 00:00',103))
[2026-05-08 10:01:50] [VERBOSE] SQL stmt 777 OK on table [B_BT]
[2026-05-08 10:01:51] [VERBOSE][SQL] Run SQL stmt 778 on table [B_BT]: IF NOT EXISTS (SELECT 1 FROM B_BT WHERE [E_NOF]='CO#990714/2RNLT_' AND [NOM_ENC]='ENCOURS' AND [BT_NOPHASE]=0030) |     INSERT INTO B_BT ([E_NOF], [NOM_ENC], [BT_NOPHASE], [BT_OPE], [MACHINE], [BT_QTE], [BT_CODEGEST], [BT_FRACTION], [ILOT], [B_I_ILOT], [BT_CODEBASET], [BT_CST_CHARGE], [DATE_PLA]) |     VALUES ('CO#990714/2RNLT_', 'ENCOURS', 0030, 'FINAL ASSEMBLY 0030', 'ASSEMBLY', 300.000, 'F', 0, 'ASSEMBLY', 'ASSEMBLY', 100, 0, CONVERT(datetime,'15/05/2023 00:00',103))
[2026-05-08 10:01:51] [VERBOSE] SQL stmt 778 OK on table [B_BT]
[2026-05-08 10:01:51] [VERBOSE][SQL] Run SQL stmt 779 on table [B_BT]: IF NOT EXISTS (SELECT 1 FROM B_BT WHERE [E_NOF]='CO#990714/2RNLT_' AND [NOM_ENC]='ENCOURS' AND [BT_NOPHASE]=0040) |     INSERT INTO B_BT ([E_NOF], [NOM_ENC], [BT_NOPHASE], [BT_OPE], [MACHINE], [BT_QTE], [BT_CODEGEST], [BT_FRACTION], [ILOT], [B_I_ILOT], [BT_CODEBASET], [BT_CST_CHARGE], [DATE_PLA]) |     VALUES ('CO#990714/2RNLT_', 'ENCOURS', 0040, 'PACKAGING', 'PACKAGING', 300.000, 'F', 0, 'PACKAGING', 'PACKAGING', 100, 0, CONVERT(datetime,'15/05/2023 00:00',103))
[2026-05-08 10:01:51] [VERBOSE] SQL stmt 779 OK on table [B_BT]
[2026-05-08 10:01:51] [VERBOSE][SQL] Run SQL stmt 780 on table [B_BT]: IF NOT EXISTS (SELECT 1 FROM B_BT WHERE [E_NOF]='CO#990742/1FIAT' AND [NOM_ENC]='ENCOURS' AND [BT_NOPHASE]=0010) |     INSERT INTO B_BT ([E_NOF], [NOM_ENC], [BT_NOPHASE], [BT_OPE], [MACHINE], [BT_QTE], [BT_CODEGEST], [BT_FRACTION], [ILOT], [B_I_ILOT], [BT_CODEBASET], [BT_CST_CHARGE], [DATE_PLA]) |     VALUES ('CO#990742/1FIAT', 'ENCOURS', 0010, 'FINAL ASSEMBLY 0010', 'ASSEMBLY', 550.000, 'F', 0, 'ASSEMBLY', 'ASSEMBLY', 100, 0, CONVERT(datetime,'15/04/2023 00:00',103))
[2026-05-08 10:01:51] [VERBOSE] SQL stmt 780 OK on table [B_BT]
[2026-05-08 10:01:51] [VERBOSE][SQL] Run SQL stmt 781 on table [B_BT]: IF NOT EXISTS (SELECT 1 FROM B_BT WHERE [E_NOF]='CO#990742/1FIAT' AND [NOM_ENC]='ENCOURS' AND [BT_NOPHASE]=0020) |     INSERT INTO B_BT ([E_NOF], [NOM_ENC], [BT_NOPHASE], [BT_OPE], [MACHINE], [BT_QTE], [BT_CODEGEST], [BT_FRACTION], [ILOT], [B_I_ILOT], [BT_CODEBASET], [BT_CST_CHARGE], [DATE_PLA]) |     VALUES ('CO#990742/1FIAT', 'ENCOURS', 0020, 'FINAL ASSEMBLY 0020', 'MC', 550.000, 'F', 0, 'MC', 'MC', 100, 0, CONVERT(datetime,'15/04/2023 00:00',103))
[2026-05-08 10:01:51] [VERBOSE] SQL stmt 781 OK on table [B_BT]
[2026-05-08 10:01:51] [VERBOSE][SQL] Run SQL stmt 782 on table [B_BT]: IF NOT EXISTS (SELECT 1 FROM B_BT WHERE [E_NOF]='CO#990742/1FIAT' AND [NOM_ENC]='ENCOURS' AND [BT_NOPHASE]=0030) |     INSERT INTO B_BT ([E_NOF], [NOM_ENC], [BT_NOPHASE], [BT_OPE], [MACHINE], [BT_QTE], [BT_CODEGEST], [BT_FRACTION], [ILOT], [B_I_ILOT], [BT_CODEBASET], [BT_CST_CHARGE], [DATE_PLA]) |     VALUES ('CO#990742/1FIAT', 'ENCOURS', 0030, 'FINAL ASSEMBLY 0030', 'ASSEMBLY', 550.000, 'F', 0, 'ASSEMBLY', 'ASSEMBLY', 100, 0, CONVERT(datetime,'15/04/2023 00:00',103))
[2026-05-08 10:01:51] [VERBOSE] SQL stmt 782 OK on table [B_BT]
[2026-05-08 10:01:51] [VERBOSE][SQL] Run SQL stmt 783 on table [B_BT]: IF NOT EXISTS (SELECT 1 FROM B_BT WHERE [E_NOF]='CO#990742/1FIAT' AND [NOM_ENC]='ENCOURS' AND [BT_NOPHASE]=0040) |     INSERT INTO B_BT ([E_NOF], [NOM_ENC], [BT_NOPHASE], [BT_OPE], [MACHINE], [BT_QTE], [BT_CODEGEST], [BT_FRACTION], [ILOT], [B_I_ILOT], [BT_CODEBASET], [BT_CST_CHARGE], [DATE_PLA]) |     VALUES ('CO#990742/1FIAT', 'ENCOURS', 0040, 'PACKAGING', 'PACKAGING', 550.000, 'F', 0, 'PACKAGING', 'PACKAGING', 100, 0, CONVERT(datetime,'15/04/2023 00:00',103))
[2026-05-08 10:01:51] [VERBOSE] SQL stmt 783 OK on table [B_BT]
[2026-05-08 10:01:51] [VERBOSE][SQL] Run SQL stmt 784 on table [B_BT]: IF NOT EXISTS (SELECT 1 FROM B_BT WHERE [E_NOF]='CO#990742/1FIAT_' AND [NOM_ENC]='ENCOURS' AND [BT_NOPHASE]=0010) |     INSERT INTO B_BT ([E_NOF], [NOM_ENC], [BT_NOPHASE], [BT_OPE], [MACHINE], [BT_QTE], [BT_CODEGEST], [BT_FRACTION], [ILOT], [B_I_ILOT], [BT_CODEBASET], [BT_CST_CHARGE], [DATE_PLA]) |     VALUES ('CO#990742/1FIAT_', 'ENCOURS', 0010, 'FINAL ASSEMBLY 0010', 'ASSEMBLY', 550.000, 'F', 0, 'ASSEMBLY', 'ASSEMBLY', 100, 0, CONVERT(datetime,'15/05/2023 00:00',103))
[2026-05-08 10:01:51] [VERBOSE] SQL stmt 784 OK on table [B_BT]
[2026-05-08 10:01:51] [VERBOSE][SQL] Run SQL stmt 785 on table [B_BT]: IF NOT EXISTS (SELECT 1 FROM B_BT WHERE [E_NOF]='CO#990742/1FIAT_' AND [NOM_ENC]='ENCOURS' AND [BT_NOPHASE]=0020) |     INSERT INTO B_BT ([E_NOF], [NOM_ENC], [BT_NOPHASE], [BT_OPE], [MACHINE], [BT_QTE], [BT_CODEGEST], [BT_FRACTION], [ILOT], [B_I_ILOT], [BT_CODEBASET], [BT_CST_CHARGE], [DATE_PLA]) |     VALUES ('CO#990742/1FIAT_', 'ENCOURS', 0020, 'FINAL ASSEMBLY 0020', 'MC', 550.000, 'F', 0, 'MC', 'MC', 100, 0, CONVERT(datetime,'15/05/2023 00:00',103))
[2026-05-08 10:01:51] [VERBOSE] SQL stmt 785 OK on table [B_BT]
[2026-05-08 10:01:51] [VERBOSE][SQL] Run SQL stmt 786 on table [B_BT]: IF NOT EXISTS (SELECT 1 FROM B_BT WHERE [E_NOF]='CO#990742/1FIAT_' AND [NOM_ENC]='ENCOURS' AND [BT_NOPHASE]=0030) |     INSERT INTO B_BT ([E_NOF], [NOM_ENC], [BT_NOPHASE], [BT_OPE], [MACHINE], [BT_QTE], [BT_CODEGEST], [BT_FRACTION], [ILOT], [B_I_ILOT], [BT_CODEBASET], [BT_CST_CHARGE], [DATE_PLA]) |     VALUES ('CO#990742/1FIAT_', 'ENCOURS', 0030, 'FINAL ASSEMBLY 0030', 'ASSEMBLY', 550.000, 'F', 0, 'ASSEMBLY', 'ASSEMBLY', 100, 0, CONVERT(datetime,'15/05/2023 00:00',103))
[2026-05-08 10:01:51] [VERBOSE] SQL stmt 786 OK on table [B_BT]
[2026-05-08 10:01:51] [VERBOSE][SQL] Run SQL stmt 787 on table [B_BT]: IF NOT EXISTS (SELECT 1 FROM B_BT WHERE [E_NOF]='CO#990742/1FIAT_' AND [NOM_ENC]='ENCOURS' AND [BT_NOPHASE]=0040) |     INSERT INTO B_BT ([E_NOF], [NOM_ENC], [BT_NOPHASE], [BT_OPE], [MACHINE], [BT_QTE], [BT_CODEGEST], [BT_FRACTION], [ILOT], [B_I_ILOT], [BT_CODEBASET], [BT_CST_CHARGE], [DATE_PLA]) |     VALUES ('CO#990742/1FIAT_', 'ENCOURS', 0040, 'PACKAGING', 'PACKAGING', 550.000, 'F', 0, 'PACKAGING', 'PACKAGING', 100, 0, CONVERT(datetime,'15/05/2023 00:00',103))
[2026-05-08 10:01:51] [VERBOSE] SQL stmt 787 OK on table [B_BT]
[2026-05-08 10:01:51] [VERBOSE][SQL] Run SQL stmt 788 on table [B_BT]: IF NOT EXISTS (SELECT 1 FROM B_BT WHERE [E_NOF]='CO#990743/1TOYO' AND [NOM_ENC]='ENCOURS' AND [BT_NOPHASE]=0010) |     INSERT INTO B_BT ([E_NOF], [NOM_ENC], [BT_NOPHASE], [BT_OPE], [MACHINE], [BT_QTE], [BT_CODEGEST], [BT_FRACTION], [ILOT], [B_I_ILOT], [BT_CODEBASET], [BT_CST_CHARGE], [DATE_PLA]) |     VALUES ('CO#990743/1TOYO', 'ENCOURS', 0010, 'FINAL ASSEMBLY 0010', 'ASSEMBLY', 185.000, 'F', 0, 'ASSEMBLY', 'ASSEMBLY', 100, 0, CONVERT(datetime,'22/04/2023 00:00',103))
[2026-05-08 10:01:51] [VERBOSE] SQL stmt 788 OK on table [B_BT]
[2026-05-08 10:01:51] [VERBOSE][SQL] Run SQL stmt 789 on table [B_BT]: IF NOT EXISTS (SELECT 1 FROM B_BT WHERE [E_NOF]='CO#990743/1TOYO' AND [NOM_ENC]='ENCOURS' AND [BT_NOPHASE]=0020) |     INSERT INTO B_BT ([E_NOF], [NOM_ENC], [BT_NOPHASE], [BT_OPE], [MACHINE], [BT_QTE], [BT_CODEGEST], [BT_FRACTION], [ILOT], [B_I_ILOT], [BT_CODEBASET], [BT_CST_CHARGE], [DATE_PLA]) |     VALUES ('CO#990743/1TOYO', 'ENCOURS', 0020, 'FINAL ASSEMBLY 0020', 'MC', 185.000, 'F', 0, 'MC', 'MC', 100, 0, CONVERT(datetime,'22/04/2023 00:00',103))
[2026-05-08 10:01:51] [VERBOSE] SQL stmt 789 OK on table [B_BT]
[2026-05-08 10:01:51] [VERBOSE][SQL] Run SQL stmt 790 on table [B_BT]: IF NOT EXISTS (SELECT 1 FROM B_BT WHERE [E_NOF]='CO#990743/1TOYO' AND [NOM_ENC]='ENCOURS' AND [BT_NOPHASE]=0030) |     INSERT INTO B_BT ([E_NOF], [NOM_ENC], [BT_NOPHASE], [BT_OPE], [MACHINE], [BT_QTE], [BT_CODEGEST], [BT_FRACTION], [ILOT], [B_I_ILOT], [BT_CODEBASET], [BT_CST_CHARGE], [DATE_PLA]) |     VALUES ('CO#990743/1TOYO', 'ENCOURS', 0030, 'FINAL ASSEMBLY 0030', 'ASSEMBLY', 185.000, 'F', 0, 'ASSEMBLY', 'ASSEMBLY', 100, 0, CONVERT(datetime,'22/04/2023 00:00',103))
[2026-05-08 10:01:51] [VERBOSE] SQL stmt 790 OK on table [B_BT]
[2026-05-08 10:01:51] [VERBOSE][SQL] Run SQL stmt 791 on table [B_BT]: IF NOT EXISTS (SELECT 1 FROM B_BT WHERE [E_NOF]='CO#990743/1TOYO' AND [NOM_ENC]='ENCOURS' AND [BT_NOPHASE]=0040) |     INSERT INTO B_BT ([E_NOF], [NOM_ENC], [BT_NOPHASE], [BT_OPE], [MACHINE], [BT_QTE], [BT_CODEGEST], [BT_FRACTION], [ILOT], [B_I_ILOT], [BT_CODEBASET], [BT_CST_CHARGE], [DATE_PLA]) |     VALUES ('CO#990743/1TOYO', 'ENCOURS', 0040, 'PACKAGING', 'PACKAGING', 185.000, 'F', 0, 'PACKAGING', 'PACKAGING', 100, 0, CONVERT(datetime,'22/04/2023 00:00',103))
[2026-05-08 10:01:51] [VERBOSE] SQL stmt 791 OK on table [B_BT]
[2026-05-08 10:01:51] [VERBOSE][SQL] Run SQL stmt 792 on table [B_BT]: IF NOT EXISTS (SELECT 1 FROM B_BT WHERE [E_NOF]='CO#990743/1TOYO_' AND [NOM_ENC]='ENCOURS' AND [BT_NOPHASE]=0010) |     INSERT INTO B_BT ([E_NOF], [NOM_ENC], [BT_NOPHASE], [BT_OPE], [MACHINE], [BT_QTE], [BT_CODEGEST], [BT_FRACTION], [ILOT], [B_I_ILOT], [BT_CODEBASET], [BT_CST_CHARGE], [DATE_PLA]) |     VALUES ('CO#990743/1TOYO_', 'ENCOURS', 0010, 'FINAL ASSEMBLY 0010', 'ASSEMBLY', 185.000, 'F', 0, 'ASSEMBLY', 'ASSEMBLY', 100, 0, CONVERT(datetime,'22/05/2023 00:00',103))
[2026-05-08 10:01:51] [VERBOSE] SQL stmt 792 OK on table [B_BT]
[2026-05-08 10:01:51] [VERBOSE][SQL] Run SQL stmt 793 on table [B_BT]: IF NOT EXISTS (SELECT 1 FROM B_BT WHERE [E_NOF]='CO#990743/1TOYO_' AND [NOM_ENC]='ENCOURS' AND [BT_NOPHASE]=0020) |     INSERT INTO B_BT ([E_NOF], [NOM_ENC], [BT_NOPHASE], [BT_OPE], [MACHINE], [BT_QTE], [BT_CODEGEST], [BT_FRACTION], [ILOT], [B_I_ILOT], [BT_CODEBASET], [BT_CST_CHARGE], [DATE_PLA]) |     VALUES ('CO#990743/1TOYO_', 'ENCOURS', 0020, 'FINAL ASSEMBLY 0020', 'MC', 185.000, 'F', 0, 'MC', 'MC', 100, 0, CONVERT(datetime,'22/05/2023 00:00',103))
[2026-05-08 10:01:51] [VERBOSE] SQL stmt 793 OK on table [B_BT]
[2026-05-08 10:01:52] [VERBOSE][SQL] Run SQL stmt 794 on table [B_BT]: IF NOT EXISTS (SELECT 1 FROM B_BT WHERE [E_NOF]='CO#990743/1TOYO_' AND [NOM_ENC]='ENCOURS' AND [BT_NOPHASE]=0030) |     INSERT INTO B_BT ([E_NOF], [NOM_ENC], [BT_NOPHASE], [BT_OPE], [MACHINE], [BT_QTE], [BT_CODEGEST], [BT_FRACTION], [ILOT], [B_I_ILOT], [BT_CODEBASET], [BT_CST_CHARGE], [DATE_PLA]) |     VALUES ('CO#990743/1TOYO_', 'ENCOURS', 0030, 'FINAL ASSEMBLY 0030', 'ASSEMBLY', 185.000, 'F', 0, 'ASSEMBLY', 'ASSEMBLY', 100, 0, CONVERT(datetime,'22/05/2023 00:00',103))
[2026-05-08 10:01:52] [VERBOSE] SQL stmt 794 OK on table [B_BT]
[2026-05-08 10:01:52] [VERBOSE][SQL] Run SQL stmt 795 on table [B_BT]: IF NOT EXISTS (SELECT 1 FROM B_BT WHERE [E_NOF]='CO#990743/1TOYO_' AND [NOM_ENC]='ENCOURS' AND [BT_NOPHASE]=0040) |     INSERT INTO B_BT ([E_NOF], [NOM_ENC], [BT_NOPHASE], [BT_OPE], [MACHINE], [BT_QTE], [BT_CODEGEST], [BT_FRACTION], [ILOT], [B_I_ILOT], [BT_CODEBASET], [BT_CST_CHARGE], [DATE_PLA]) |     VALUES ('CO#990743/1TOYO_', 'ENCOURS', 0040, 'PACKAGING', 'PACKAGING', 185.000, 'F', 0, 'PACKAGING', 'PACKAGING', 100, 0, CONVERT(datetime,'22/05/2023 00:00',103))
[2026-05-08 10:01:52] [VERBOSE] SQL stmt 795 OK on table [B_BT]
[2026-05-08 10:01:52] [VERBOSE][SQL] Run SQL stmt 796 on table [B_BT]: IF NOT EXISTS (SELECT 1 FROM B_BT WHERE [E_NOF]='CO#990743/2TOYO' AND [NOM_ENC]='ENCOURS' AND [BT_NOPHASE]=0010) |     INSERT INTO B_BT ([E_NOF], [NOM_ENC], [BT_NOPHASE], [BT_OPE], [MACHINE], [BT_QTE], [BT_CODEGEST], [BT_FRACTION], [ILOT], [B_I_ILOT], [BT_CODEBASET], [BT_CST_CHARGE], [DATE_PLA]) |     VALUES ('CO#990743/2TOYO', 'ENCOURS', 0010, 'FINAL ASSEMBLY 0010', 'ASSEMBLY', 185.000, 'F', 0, 'ASSEMBLY', 'ASSEMBLY', 100, 0, CONVERT(datetime,'22/04/2023 00:00',103))
[2026-05-08 10:01:52] [VERBOSE] SQL stmt 796 OK on table [B_BT]
[2026-05-08 10:01:52] [VERBOSE][SQL] Run SQL stmt 797 on table [B_BT]: IF NOT EXISTS (SELECT 1 FROM B_BT WHERE [E_NOF]='CO#990743/2TOYO' AND [NOM_ENC]='ENCOURS' AND [BT_NOPHASE]=0020) |     INSERT INTO B_BT ([E_NOF], [NOM_ENC], [BT_NOPHASE], [BT_OPE], [MACHINE], [BT_QTE], [BT_CODEGEST], [BT_FRACTION], [ILOT], [B_I_ILOT], [BT_CODEBASET], [BT_CST_CHARGE], [DATE_PLA]) |     VALUES ('CO#990743/2TOYO', 'ENCOURS', 0020, 'FINAL ASSEMBLY 0020', 'MC', 185.000, 'F', 0, 'MC', 'MC', 100, 0, CONVERT(datetime,'22/04/2023 00:00',103))
[2026-05-08 10:01:52] [VERBOSE] SQL stmt 797 OK on table [B_BT]
[2026-05-08 10:01:52] [VERBOSE][SQL] Run SQL stmt 798 on table [B_BT]: IF NOT EXISTS (SELECT 1 FROM B_BT WHERE [E_NOF]='CO#990743/2TOYO' AND [NOM_ENC]='ENCOURS' AND [BT_NOPHASE]=0030) |     INSERT INTO B_BT ([E_NOF], [NOM_ENC], [BT_NOPHASE], [BT_OPE], [MACHINE], [BT_QTE], [BT_CODEGEST], [BT_FRACTION], [ILOT], [B_I_ILOT], [BT_CODEBASET], [BT_CST_CHARGE], [DATE_PLA]) |     VALUES ('CO#990743/2TOYO', 'ENCOURS', 0030, 'FINAL ASSEMBLY 0030', 'ASSEMBLY', 185.000, 'F', 0, 'ASSEMBLY', 'ASSEMBLY', 100, 0, CONVERT(datetime,'22/04/2023 00:00',103))
[2026-05-08 10:01:52] [VERBOSE] SQL stmt 798 OK on table [B_BT]
[2026-05-08 10:01:52] [VERBOSE][SQL] Run SQL stmt 799 on table [B_BT]: IF NOT EXISTS (SELECT 1 FROM B_BT WHERE [E_NOF]='CO#990743/2TOYO' AND [NOM_ENC]='ENCOURS' AND [BT_NOPHASE]=0040) |     INSERT INTO B_BT ([E_NOF], [NOM_ENC], [BT_NOPHASE], [BT_OPE], [MACHINE], [BT_QTE], [BT_CODEGEST], [BT_FRACTION], [ILOT], [B_I_ILOT], [BT_CODEBASET], [BT_CST_CHARGE], [DATE_PLA]) |     VALUES ('CO#990743/2TOYO', 'ENCOURS', 0040, 'PACKAGING', 'PACKAGING', 185.000, 'F', 0, 'PACKAGING', 'PACKAGING', 100, 0, CONVERT(datetime,'22/04/2023 00:00',103))
[2026-05-08 10:01:52] [VERBOSE] SQL stmt 799 OK on table [B_BT]
[2026-05-08 10:01:52] [VERBOSE][SQL] Run SQL stmt 800 on table [B_BT]: IF NOT EXISTS (SELECT 1 FROM B_BT WHERE [E_NOF]='CO#990743/2TOYO_' AND [NOM_ENC]='ENCOURS' AND [BT_NOPHASE]=0010) |     INSERT INTO B_BT ([E_NOF], [NOM_ENC], [BT_NOPHASE], [BT_OPE], [MACHINE], [BT_QTE], [BT_CODEGEST], [BT_FRACTION], [ILOT], [B_I_ILOT], [BT_CODEBASET], [BT_CST_CHARGE], [DATE_PLA]) |     VALUES ('CO#990743/2TOYO_', 'ENCOURS', 0010, 'FINAL ASSEMBLY 0010', 'ASSEMBLY', 185.000, 'F', 0, 'ASSEMBLY', 'ASSEMBLY', 100, 0, CONVERT(datetime,'22/05/2023 00:00',103))
[2026-05-08 10:01:52] [VERBOSE] SQL stmt 800 OK on table [B_BT]
[2026-05-08 10:01:52] [VERBOSE][SQL] Run SQL stmt 801 on table [B_BT]: IF NOT EXISTS (SELECT 1 FROM B_BT WHERE [E_NOF]='CO#990743/2TOYO_' AND [NOM_ENC]='ENCOURS' AND [BT_NOPHASE]=0020) |     INSERT INTO B_BT ([E_NOF], [NOM_ENC], [BT_NOPHASE], [BT_OPE], [MACHINE], [BT_QTE], [BT_CODEGEST], [BT_FRACTION], [ILOT], [B_I_ILOT], [BT_CODEBASET], [BT_CST_CHARGE], [DATE_PLA]) |     VALUES ('CO#990743/2TOYO_', 'ENCOURS', 0020, 'FINAL ASSEMBLY 0020', 'MC', 185.000, 'F', 0, 'MC', 'MC', 100, 0, CONVERT(datetime,'22/05/2023 00:00',103))
[2026-05-08 10:01:52] [VERBOSE] SQL stmt 801 OK on table [B_BT]
[2026-05-08 10:01:52] [VERBOSE][SQL] Run SQL stmt 802 on table [B_BT]: IF NOT EXISTS (SELECT 1 FROM B_BT WHERE [E_NOF]='CO#990743/2TOYO_' AND [NOM_ENC]='ENCOURS' AND [BT_NOPHASE]=0030) |     INSERT INTO B_BT ([E_NOF], [NOM_ENC], [BT_NOPHASE], [BT_OPE], [MACHINE], [BT_QTE], [BT_CODEGEST], [BT_FRACTION], [ILOT], [B_I_ILOT], [BT_CODEBASET], [BT_CST_CHARGE], [DATE_PLA]) |     VALUES ('CO#990743/2TOYO_', 'ENCOURS', 0030, 'FINAL ASSEMBLY 0030', 'ASSEMBLY', 185.000, 'F', 0, 'ASSEMBLY', 'ASSEMBLY', 100, 0, CONVERT(datetime,'22/05/2023 00:00',103))
[2026-05-08 10:01:52] [VERBOSE] SQL stmt 802 OK on table [B_BT]
[2026-05-08 10:01:52] [VERBOSE][SQL] Run SQL stmt 803 on table [B_BT]: IF NOT EXISTS (SELECT 1 FROM B_BT WHERE [E_NOF]='CO#990743/2TOYO_' AND [NOM_ENC]='ENCOURS' AND [BT_NOPHASE]=0040) |     INSERT INTO B_BT ([E_NOF], [NOM_ENC], [BT_NOPHASE], [BT_OPE], [MACHINE], [BT_QTE], [BT_CODEGEST], [BT_FRACTION], [ILOT], [B_I_ILOT], [BT_CODEBASET], [BT_CST_CHARGE], [DATE_PLA]) |     VALUES ('CO#990743/2TOYO_', 'ENCOURS', 0040, 'PACKAGING', 'PACKAGING', 185.000, 'F', 0, 'PACKAGING', 'PACKAGING', 100, 0, CONVERT(datetime,'22/05/2023 00:00',103))
[2026-05-08 10:01:52] [VERBOSE] SQL stmt 803 OK on table [B_BT]
[2026-05-08 10:01:52] [VERBOSE][SQL] Run SQL stmt 804 on table [B_BT]: IF NOT EXISTS (SELECT 1 FROM B_BT WHERE [E_NOF]='CO#990744/1GM' AND [NOM_ENC]='ENCOURS' AND [BT_NOPHASE]=0010) |     INSERT INTO B_BT ([E_NOF], [NOM_ENC], [BT_NOPHASE], [BT_OPE], [MACHINE], [BT_QTE], [BT_CODEGEST], [BT_FRACTION], [ILOT], [B_I_ILOT], [BT_CODEBASET], [BT_CST_CHARGE], [DATE_PLA]) |     VALUES ('CO#990744/1GM', 'ENCOURS', 0010, 'FINAL ASSEMBLY 0010', 'ASSEMBLY', 410.000, 'F', 0, 'ASSEMBLY', 'ASSEMBLY', 100, 0, CONVERT(datetime,'22/04/2023 00:00',103))
[2026-05-08 10:01:52] [VERBOSE] SQL stmt 804 OK on table [B_BT]
[2026-05-08 10:01:52] [VERBOSE][SQL] Run SQL stmt 805 on table [B_BT]: IF NOT EXISTS (SELECT 1 FROM B_BT WHERE [E_NOF]='CO#990744/1GM' AND [NOM_ENC]='ENCOURS' AND [BT_NOPHASE]=0020) |     INSERT INTO B_BT ([E_NOF], [NOM_ENC], [BT_NOPHASE], [BT_OPE], [MACHINE], [BT_QTE], [BT_CODEGEST], [BT_FRACTION], [ILOT], [B_I_ILOT], [BT_CODEBASET], [BT_CST_CHARGE], [DATE_PLA]) |     VALUES ('CO#990744/1GM', 'ENCOURS', 0020, 'FINAL ASSEMBLY 0020', 'MC', 410.000, 'F', 0, 'MC', 'MC', 100, 0, CONVERT(datetime,'22/04/2023 00:00',103))
[2026-05-08 10:01:52] [VERBOSE] SQL stmt 805 OK on table [B_BT]
[2026-05-08 10:01:52] [VERBOSE][SQL] Run SQL stmt 806 on table [B_BT]: IF NOT EXISTS (SELECT 1 FROM B_BT WHERE [E_NOF]='CO#990744/1GM' AND [NOM_ENC]='ENCOURS' AND [BT_NOPHASE]=0030) |     INSERT INTO B_BT ([E_NOF], [NOM_ENC], [BT_NOPHASE], [BT_OPE], [MACHINE], [BT_QTE], [BT_CODEGEST], [BT_FRACTION], [ILOT], [B_I_ILOT], [BT_CODEBASET], [BT_CST_CHARGE], [DATE_PLA]) |     VALUES ('CO#990744/1GM', 'ENCOURS', 0030, 'FINAL ASSEMBLY 0030', 'ASSEMBLY', 410.000, 'F', 0, 'ASSEMBLY', 'ASSEMBLY', 100, 0, CONVERT(datetime,'22/04/2023 00:00',103))
[2026-05-08 10:01:52] [VERBOSE] SQL stmt 806 OK on table [B_BT]
[2026-05-08 10:01:52] [VERBOSE][SQL] Run SQL stmt 807 on table [B_BT]: IF NOT EXISTS (SELECT 1 FROM B_BT WHERE [E_NOF]='CO#990744/1GM' AND [NOM_ENC]='ENCOURS' AND [BT_NOPHASE]=0040) |     INSERT INTO B_BT ([E_NOF], [NOM_ENC], [BT_NOPHASE], [BT_OPE], [MACHINE], [BT_QTE], [BT_CODEGEST], [BT_FRACTION], [ILOT], [B_I_ILOT], [BT_CODEBASET], [BT_CST_CHARGE], [DATE_PLA]) |     VALUES ('CO#990744/1GM', 'ENCOURS', 0040, 'PACKAGING', 'PACKAGING', 410.000, 'F', 0, 'PACKAGING', 'PACKAGING', 100, 0, CONVERT(datetime,'22/04/2023 00:00',103))
[2026-05-08 10:01:52] [VERBOSE] SQL stmt 807 OK on table [B_BT]
[2026-05-08 10:01:53] [VERBOSE][SQL] Run SQL stmt 808 on table [B_BT]: IF NOT EXISTS (SELECT 1 FROM B_BT WHERE [E_NOF]='CO#990744/1GM_' AND [NOM_ENC]='ENCOURS' AND [BT_NOPHASE]=0010) |     INSERT INTO B_BT ([E_NOF], [NOM_ENC], [BT_NOPHASE], [BT_OPE], [MACHINE], [BT_QTE], [BT_CODEGEST], [BT_FRACTION], [ILOT], [B_I_ILOT], [BT_CODEBASET], [BT_CST_CHARGE], [DATE_PLA]) |     VALUES ('CO#990744/1GM_', 'ENCOURS', 0010, 'FINAL ASSEMBLY 0010', 'ASSEMBLY', 410.000, 'F', 0, 'ASSEMBLY', 'ASSEMBLY', 100, 0, CONVERT(datetime,'22/05/2023 00:00',103))
[2026-05-08 10:01:53] [VERBOSE] SQL stmt 808 OK on table [B_BT]
[2026-05-08 10:01:53] [VERBOSE][SQL] Run SQL stmt 809 on table [B_BT]: IF NOT EXISTS (SELECT 1 FROM B_BT WHERE [E_NOF]='CO#990744/1GM_' AND [NOM_ENC]='ENCOURS' AND [BT_NOPHASE]=0020) |     INSERT INTO B_BT ([E_NOF], [NOM_ENC], [BT_NOPHASE], [BT_OPE], [MACHINE], [BT_QTE], [BT_CODEGEST], [BT_FRACTION], [ILOT], [B_I_ILOT], [BT_CODEBASET], [BT_CST_CHARGE], [DATE_PLA]) |     VALUES ('CO#990744/1GM_', 'ENCOURS', 0020, 'FINAL ASSEMBLY 0020', 'MC', 410.000, 'F', 0, 'MC', 'MC', 100, 0, CONVERT(datetime,'22/05/2023 00:00',103))
[2026-05-08 10:01:53] [VERBOSE] SQL stmt 809 OK on table [B_BT]
[2026-05-08 10:01:53] [VERBOSE][SQL] Run SQL stmt 810 on table [B_BT]: IF NOT EXISTS (SELECT 1 FROM B_BT WHERE [E_NOF]='CO#990744/1GM_' AND [NOM_ENC]='ENCOURS' AND [BT_NOPHASE]=0030) |     INSERT INTO B_BT ([E_NOF], [NOM_ENC], [BT_NOPHASE], [BT_OPE], [MACHINE], [BT_QTE], [BT_CODEGEST], [BT_FRACTION], [ILOT], [B_I_ILOT], [BT_CODEBASET], [BT_CST_CHARGE], [DATE_PLA]) |     VALUES ('CO#990744/1GM_', 'ENCOURS', 0030, 'FINAL ASSEMBLY 0030', 'ASSEMBLY', 410.000, 'F', 0, 'ASSEMBLY', 'ASSEMBLY', 100, 0, CONVERT(datetime,'22/05/2023 00:00',103))
[2026-05-08 10:01:53] [VERBOSE] SQL stmt 810 OK on table [B_BT]
[2026-05-08 10:01:53] [VERBOSE][SQL] Run SQL stmt 811 on table [B_BT]: IF NOT EXISTS (SELECT 1 FROM B_BT WHERE [E_NOF]='CO#990744/1GM_' AND [NOM_ENC]='ENCOURS' AND [BT_NOPHASE]=0040) |     INSERT INTO B_BT ([E_NOF], [NOM_ENC], [BT_NOPHASE], [BT_OPE], [MACHINE], [BT_QTE], [BT_CODEGEST], [BT_FRACTION], [ILOT], [B_I_ILOT], [BT_CODEBASET], [BT_CST_CHARGE], [DATE_PLA]) |     VALUES ('CO#990744/1GM_', 'ENCOURS', 0040, 'PACKAGING', 'PACKAGING', 410.000, 'F', 0, 'PACKAGING', 'PACKAGING', 100, 0, CONVERT(datetime,'22/05/2023 00:00',103))
[2026-05-08 10:01:53] [VERBOSE] SQL stmt 811 OK on table [B_BT]
[2026-05-08 10:01:53] [VERBOSE][SQL] Run SQL stmt 812 on table [B_BT]: IF NOT EXISTS (SELECT 1 FROM B_BT WHERE [E_NOF]='CO#990745/1GM' AND [NOM_ENC]='ENCOURS' AND [BT_NOPHASE]=0010) |     INSERT INTO B_BT ([E_NOF], [NOM_ENC], [BT_NOPHASE], [BT_OPE], [MACHINE], [BT_QTE], [BT_CODEGEST], [BT_FRACTION], [ILOT], [B_I_ILOT], [BT_CODEBASET], [BT_CST_CHARGE], [DATE_PLA]) |     VALUES ('CO#990745/1GM', 'ENCOURS', 0010, 'FINAL ASSEMBLY 0010', 'ASSEMBLY', 200.000, 'F', 0, 'ASSEMBLY', 'ASSEMBLY', 100, 0, CONVERT(datetime,'08/04/2023 00:00',103))
[2026-05-08 10:01:53] [VERBOSE] SQL stmt 812 OK on table [B_BT]
[2026-05-08 10:01:53] [VERBOSE][SQL] Run SQL stmt 813 on table [B_BT]: IF NOT EXISTS (SELECT 1 FROM B_BT WHERE [E_NOF]='CO#990745/1GM' AND [NOM_ENC]='ENCOURS' AND [BT_NOPHASE]=0020) |     INSERT INTO B_BT ([E_NOF], [NOM_ENC], [BT_NOPHASE], [BT_OPE], [MACHINE], [BT_QTE], [BT_CODEGEST], [BT_FRACTION], [ILOT], [B_I_ILOT], [BT_CODEBASET], [BT_CST_CHARGE], [DATE_PLA]) |     VALUES ('CO#990745/1GM', 'ENCOURS', 0020, 'FINAL ASSEMBLY 0020', 'MC', 200.000, 'F', 0, 'MC', 'MC', 100, 0, CONVERT(datetime,'08/04/2023 00:00',103))
[2026-05-08 10:01:53] [VERBOSE] SQL stmt 813 OK on table [B_BT]
[2026-05-08 10:01:53] [VERBOSE][SQL] Run SQL stmt 814 on table [B_BT]: IF NOT EXISTS (SELECT 1 FROM B_BT WHERE [E_NOF]='CO#990745/1GM' AND [NOM_ENC]='ENCOURS' AND [BT_NOPHASE]=0030) |     INSERT INTO B_BT ([E_NOF], [NOM_ENC], [BT_NOPHASE], [BT_OPE], [MACHINE], [BT_QTE], [BT_CODEGEST], [BT_FRACTION], [ILOT], [B_I_ILOT], [BT_CODEBASET], [BT_CST_CHARGE], [DATE_PLA]) |     VALUES ('CO#990745/1GM', 'ENCOURS', 0030, 'FINAL ASSEMBLY 0030', 'ASSEMBLY', 200.000, 'F', 0, 'ASSEMBLY', 'ASSEMBLY', 100, 0, CONVERT(datetime,'08/04/2023 00:00',103))
[2026-05-08 10:01:53] [VERBOSE] SQL stmt 814 OK on table [B_BT]
[2026-05-08 10:01:53] [VERBOSE][SQL] Run SQL stmt 815 on table [B_BT]: IF NOT EXISTS (SELECT 1 FROM B_BT WHERE [E_NOF]='CO#990745/1GM' AND [NOM_ENC]='ENCOURS' AND [BT_NOPHASE]=0040) |     INSERT INTO B_BT ([E_NOF], [NOM_ENC], [BT_NOPHASE], [BT_OPE], [MACHINE], [BT_QTE], [BT_CODEGEST], [BT_FRACTION], [ILOT], [B_I_ILOT], [BT_CODEBASET], [BT_CST_CHARGE], [DATE_PLA]) |     VALUES ('CO#990745/1GM', 'ENCOURS', 0040, 'PACKAGING', 'PACKAGING', 200.000, 'F', 0, 'PACKAGING', 'PACKAGING', 100, 0, CONVERT(datetime,'08/04/2023 00:00',103))
[2026-05-08 10:01:53] [VERBOSE] SQL stmt 815 OK on table [B_BT]
[2026-05-08 10:01:53] [VERBOSE][SQL] Run SQL stmt 816 on table [B_BT]: IF NOT EXISTS (SELECT 1 FROM B_BT WHERE [E_NOF]='CO#992713/1PSA' AND [NOM_ENC]='ENCOURS' AND [BT_NOPHASE]=0010) |     INSERT INTO B_BT ([E_NOF], [NOM_ENC], [BT_NOPHASE], [BT_OPE], [MACHINE], [BT_QTE], [BT_CODEGEST], [BT_FRACTION], [ILOT], [B_I_ILOT], [BT_CODEBASET], [BT_CST_CHARGE], [DATE_PLA]) |     VALUES ('CO#992713/1PSA', 'ENCOURS', 0010, 'FINAL ASSEMBLY 0010', 'ASSEMBLY', 370.000, 'F', 0, 'ASSEMBLY', 'ASSEMBLY', 100, 0, CONVERT(datetime,'22/04/2023 00:00',103))
[2026-05-08 10:01:53] [VERBOSE] SQL stmt 816 OK on table [B_BT]
[2026-05-08 10:01:53] [VERBOSE][SQL] Run SQL stmt 817 on table [B_BT]: IF NOT EXISTS (SELECT 1 FROM B_BT WHERE [E_NOF]='CO#992713/1PSA' AND [NOM_ENC]='ENCOURS' AND [BT_NOPHASE]=0020) |     INSERT INTO B_BT ([E_NOF], [NOM_ENC], [BT_NOPHASE], [BT_OPE], [MACHINE], [BT_QTE], [BT_CODEGEST], [BT_FRACTION], [ILOT], [B_I_ILOT], [BT_CODEBASET], [BT_CST_CHARGE], [DATE_PLA]) |     VALUES ('CO#992713/1PSA', 'ENCOURS', 0020, 'FINAL ASSEMBLY 0020', 'MC', 370.000, 'F', 0, 'MC', 'MC', 100, 0, CONVERT(datetime,'22/04/2023 00:00',103))
[2026-05-08 10:01:53] [VERBOSE] SQL stmt 817 OK on table [B_BT]
[2026-05-08 10:01:53] [VERBOSE][SQL] Run SQL stmt 818 on table [B_BT]: IF NOT EXISTS (SELECT 1 FROM B_BT WHERE [E_NOF]='CO#992713/1PSA' AND [NOM_ENC]='ENCOURS' AND [BT_NOPHASE]=0030) |     INSERT INTO B_BT ([E_NOF], [NOM_ENC], [BT_NOPHASE], [BT_OPE], [MACHINE], [BT_QTE], [BT_CODEGEST], [BT_FRACTION], [ILOT], [B_I_ILOT], [BT_CODEBASET], [BT_CST_CHARGE], [DATE_PLA]) |     VALUES ('CO#992713/1PSA', 'ENCOURS', 0030, 'FINAL ASSEMBLY 0030', 'ASSEMBLY', 370.000, 'F', 0, 'ASSEMBLY', 'ASSEMBLY', 100, 0, CONVERT(datetime,'22/04/2023 00:00',103))
[2026-05-08 10:01:53] [VERBOSE] SQL stmt 818 OK on table [B_BT]
[2026-05-08 10:01:53] [VERBOSE][SQL] Run SQL stmt 819 on table [B_BT]: IF NOT EXISTS (SELECT 1 FROM B_BT WHERE [E_NOF]='CO#992713/1PSA' AND [NOM_ENC]='ENCOURS' AND [BT_NOPHASE]=0040) |     INSERT INTO B_BT ([E_NOF], [NOM_ENC], [BT_NOPHASE], [BT_OPE], [MACHINE], [BT_QTE], [BT_CODEGEST], [BT_FRACTION], [ILOT], [B_I_ILOT], [BT_CODEBASET], [BT_CST_CHARGE], [DATE_PLA]) |     VALUES ('CO#992713/1PSA', 'ENCOURS', 0040, 'PACKAGING', 'PACKAGING', 370.000, 'F', 0, 'PACKAGING', 'PACKAGING', 100, 0, CONVERT(datetime,'22/04/2023 00:00',103))
[2026-05-08 10:01:53] [VERBOSE] SQL stmt 819 OK on table [B_BT]
[2026-05-08 10:01:54] [VERBOSE][SQL] Run SQL stmt 820 on table [sys]: DECLARE @schema sysname, @table sysname, @sql NVARCHAR(MAX) | DECLARE c CURSOR LOCAL FAST_FORWARD FOR | SELECT SCHEMA_NAME(schema_id), name | FROM sys.tables | WHERE is_ms_shipped = 0 AND name <> 'sysdiagrams' | OPEN c | FETCH NEXT FROM c INTO @schema, @table | WHILE @@FETCH_STATUS = 0 | BEGIN |     SET @sql = N'ENABLE TRIGGER ALL ON ' + QUOTENAME(@schema) + N'.' + QUOTENAME(@table) |     EXEC sp_executesql @sql |     FETCH NEXT FROM c INTO @schema, @table | END | CLOSE c | DEALLOCATE c
[2026-05-08 10:01:54] [VERBOSE] SQL stmt 820 OK on table [sys]
[2026-05-08 10:01:54] [VERBOSE][SQL] Run SQL stmt 821 on table [sys]: DECLARE @schema sysname, @table sysname, @sql NVARCHAR(MAX), @msg NVARCHAR(4000) | DECLARE c CURSOR LOCAL FAST_FORWARD FOR | SELECT SCHEMA_NAME(schema_id), name | FROM sys.tables | WHERE is_ms_shipped = 0 AND name <> 'sysdiagrams' | ORDER BY name | OPEN c | FETCH NEXT FROM c INTO @schema, @table | WHILE @@FETCH_STATUS = 0 | BEGIN |     BEGIN TRY |         SET @sql = N'ALTER TABLE ' + QUOTENAME(@schema) + N'.' + QUOTENAME(@table) + N' WITH CHECK CHECK CONSTRAINT ALL' |         EXEC sp_executesql @sql |     END TRY |     BEGIN CATCH |         SET @msg = N'Post-import FK/CHECK validation failed on [' + @schema + N'].[' + @table + N']: ' + ERROR_MESSAGE() |         RAISERROR(@msg, 16, 1) |     END CATCH |     FETCH NEXT FROM c INTO @schema, @table | END | CLOSE c | DEALLOCATE c | IF EXISTS (SELECT 1 FROM sys.foreign_keys WHERE is_disabled = 1 OR is_not_trusted = 1) | BEGIN |     RAISERROR('Post-import FK validation incomplete: at least one FK is still disabled or not trusted.', 16, 1) | END
[2026-05-08 10:01:55] [VERBOSE] SQL stmt 821 OK on table [sys]
[2026-05-08 10:01:55] Transaction committed successfully.
[2026-05-08 10:01:55] Execution finished: 820 statements OK, 0 errors.
